0 verbose cli /usr/local/bin/node /usr/local/lib/node_modules/npm/bin/npm-cli.js
1 info using npm@11.6.2
2 info using node@v24.13.0
3 silly config load:file:/usr/local/lib/node_modules/npm/npmrc
4 silly config load:file:/Users/rosario/Desktop/LMS app/.npmrc
5 silly config load:file:/Users/rosario/.npmrc
6 silly config load:file:/usr/local/etc/npmrc
7 verbose title npm exec eas-cli build --platform android --profile production --non-interactive
8 verbose argv "exec" "--yes" "--" "eas-cli" "build" "--platform" "android" "--profile" "production" "--non-interactive"
9 verbose logfile logs-max:10 dir:/Users/rosario/Desktop/LMS app/admin-dashboard/.npm_cache/_logs/2026-02-26T02_23_53_217Z-
10 verbose logfile /Users/rosario/Desktop/LMS app/admin-dashboard/.npm_cache/_logs/2026-02-26T02_23_53_217Z-debug-0.log
11 silly logfile start cleaning logs, removing 1 files
12 silly logfile done cleaning log files
13 silly packumentCache heap:2348810240 maxSize:587202560 maxEntrySize:293601280
14 http fetch GET 200 https://registry.npmjs.org/eas-cli 101ms (cache revalidated)
15 silly packumentCache heap:2348810240 maxSize:587202560 maxEntrySize:293601280
16 silly packumentCache heap:2348810240 maxSize:587202560 maxEntrySize:293601280
17 silly idealTree buildDeps
18 silly fetch manifest eas-cli@18.0.5
19 silly packumentCache full:https://registry.npmjs.org/eas-cli cache-miss
20 http fetch GET 200 https://registry.npmjs.org/eas-cli 206ms (cache miss)
21 silly packumentCache full:https://registry.npmjs.org/eas-cli set size:undefined disposed:false
22 silly placeDep ROOT eas-cli@18.0.5 OK for:  want: 18.0.5
23 silly fetch manifest ajv@8.11.0
24 silly packumentCache full:https://registry.npmjs.org/ajv cache-miss
25 silly fetch manifest joi@17.11.0
26 silly packumentCache full:https://registry.npmjs.org/joi cache-miss
27 silly fetch manifest ora@5.1.0
28 silly packumentCache full:https://registry.npmjs.org/ora cache-miss
29 silly fetch manifest tar@7.5.7
30 silly packumentCache full:https://registry.npmjs.org/tar cache-miss
31 silly fetch manifest zod@^4.1.3
32 silly packumentCache full:https://registry.npmjs.org/zod cache-miss
33 silly fetch manifest diff@7.0.0
34 silly packumentCache full:https://registry.npmjs.org/diff cache-miss
35 silly fetch manifest mime@3.0.0
36 silly packumentCache full:https://registry.npmjs.org/mime cache-miss
37 http fetch GET 200 https://registry.npmjs.org/joi 127ms (cache miss)
38 silly packumentCache full:https://registry.npmjs.org/joi set size:undefined disposed:false
39 silly fetch manifest uuid@9.0.1
40 silly packumentCache full:https://registry.npmjs.org/uuid cache-miss
41 http fetch GET 200 https://registry.npmjs.org/tar 171ms (cache revalidated)
42 silly packumentCache full:https://registry.npmjs.org/tar set size:501367 disposed:false
43 silly fetch manifest yaml@2.6.0
44 silly packumentCache full:https://registry.npmjs.org/yaml cache-miss
45 http fetch GET 200 https://registry.npmjs.org/ora 181ms (cache miss)
46 silly packumentCache full:https://registry.npmjs.org/ora set size:undefined disposed:false
47 silly fetch manifest chalk@4.1.2
48 silly packumentCache full:https://registry.npmjs.org/chalk cache-miss
49 http fetch GET 200 https://registry.npmjs.org/zod 200ms (cache revalidated)
50 silly packumentCache full:https://registry.npmjs.org/zod set size:3489329 disposed:false
51 silly fetch manifest pngjs@7.0.0
52 silly packumentCache full:https://registry.npmjs.org/pngjs cache-miss
53 http fetch GET 200 https://registry.npmjs.org/ajv 213ms (cache revalidated)
54 silly packumentCache full:https://registry.npmjs.org/ajv set size:1120197 disposed:false
55 silly fetch manifest slash@3.0.0
56 silly packumentCache full:https://registry.npmjs.org/slash cache-miss
57 http fetch GET 200 https://registry.npmjs.org/chalk 44ms (cache revalidated)
58 silly packumentCache full:https://registry.npmjs.org/chalk set size:117861 disposed:false
59 silly fetch manifest tslib@2.6.2
60 silly packumentCache full:https://registry.npmjs.org/tslib cache-miss
61 http fetch GET 200 https://registry.npmjs.org/mime 228ms (cache miss)
62 silly packumentCache full:https://registry.npmjs.org/mime set size:undefined disposed:false
63 silly fetch manifest dotenv@16.3.1
64 silly packumentCache full:https://registry.npmjs.org/dotenv cache-miss
65 http fetch GET 200 https://registry.npmjs.org/uuid 100ms (cache miss)
66 silly packumentCache full:https://registry.npmjs.org/uuid set size:undefined disposed:false
67 silly fetch manifest getenv@1.0.0
68 silly packumentCache full:https://registry.npmjs.org/getenv cache-miss
69 http fetch GET 200 https://registry.npmjs.org/diff 231ms (cache miss)
70 silly packumentCache full:https://registry.npmjs.org/diff set size:undefined disposed:false
71 silly fetch manifest ignore@5.3.0
72 silly packumentCache full:https://registry.npmjs.org/ignore cache-miss
73 http fetch GET 200 https://registry.npmjs.org/pngjs 46ms (cache miss)
74 silly packumentCache full:https://registry.npmjs.org/pngjs set size:undefined disposed:false
75 silly fetch manifest jks-js@1.1.0
76 silly packumentCache full:https://registry.npmjs.org/jks-js cache-miss
77 http fetch GET 200 https://registry.npmjs.org/tslib 78ms (cache revalidated)
78 silly packumentCache full:https://registry.npmjs.org/tslib set size:108760 disposed:false
79 silly fetch manifest nanoid@3.3.8
80 silly packumentCache full:https://registry.npmjs.org/nanoid cache-miss
81 http fetch GET 200 https://registry.npmjs.org/dotenv 77ms (cache miss)
82 silly packumentCache full:https://registry.npmjs.org/dotenv set size:undefined disposed:false
83 silly fetch manifest semver@7.5.4
84 silly packumentCache full:https://registry.npmjs.org/semver cache-miss
85 http fetch GET 200 https://registry.npmjs.org/ignore 77ms (cache revalidated)
86 silly packumentCache full:https://registry.npmjs.org/ignore set size:237380 disposed:false
87 silly fetch manifest envinfo@7.11.0
88 silly packumentCache full:https://registry.npmjs.org/envinfo cache-miss
89 http fetch GET 200 https://registry.npmjs.org/getenv 81ms (cache miss)
90 silly packumentCache full:https://registry.npmjs.org/getenv set size:undefined disposed:false
91 silly fetch manifest figures@3.2.0
92 silly packumentCache full:https://registry.npmjs.org/figures cache-miss
93 http fetch GET 200 https://registry.npmjs.org/slash 92ms (cache miss)
94 silly packumentCache full:https://registry.npmjs.org/slash set size:undefined disposed:false
95 silly fetch manifest graphql@16.8.1
96 silly packumentCache full:https://registry.npmjs.org/graphql cache-miss
97 http fetch GET 200 https://registry.npmjs.org/nanoid 35ms (cache revalidated)
98 silly packumentCache full:https://registry.npmjs.org/nanoid set size:298419 disposed:false
99 silly fetch manifest pkg-dir@4.2.0
100 silly packumentCache full:https://registry.npmjs.org/pkg-dir cache-miss
101 http fetch GET 200 https://registry.npmjs.org/semver 54ms (cache revalidated)
102 silly packumentCache full:https://registry.npmjs.org/semver set size:229678 disposed:false
103 silly fetch manifest prompts@2.4.2
104 silly packumentCache full:https://registry.npmjs.org/prompts cache-miss
105 http fetch GET 200 https://registry.npmjs.org/envinfo 70ms (cache miss)
106 silly packumentCache full:https://registry.npmjs.org/envinfo set size:undefined disposed:false
107 silly fetch manifest fs-extra@11.2.0
108 silly packumentCache full:https://registry.npmjs.org/fs-extra cache-miss
109 http fetch GET 200 https://registry.npmjs.org/figures 75ms (cache miss)
110 silly packumentCache full:https://registry.npmjs.org/figures set size:undefined disposed:false
111 silly fetch manifest keychain@1.5.0
112 silly packumentCache full:https://registry.npmjs.org/keychain cache-miss
113 http fetch GET 200 https://registry.npmjs.org/pkg-dir 48ms (cache miss)
114 silly packumentCache full:https://registry.npmjs.org/pkg-dir set size:undefined disposed:false
115 silly fetch manifest minizlib@3.0.1
116 silly packumentCache full:https://registry.npmjs.org/minizlib cache-miss
117 http fetch GET 200 https://registry.npmjs.org/prompts 46ms (cache miss)
118 silly packumentCache full:https://registry.npmjs.org/prompts set size:undefined disposed:false
119 silly fetch manifest turndown@7.1.2
120 silly packumentCache full:https://registry.npmjs.org/turndown cache-miss
121 http fetch GET 200 https://registry.npmjs.org/fs-extra 32ms (cache revalidated)
122 silly packumentCache full:https://registry.npmjs.org/fs-extra set size:230266 disposed:false
123 silly fetch manifest @expo/env@^1.0.0
124 silly packumentCache full:https://registry.npmjs.org/@expo%2fenv cache-miss
125 http fetch GET 200 https://registry.npmjs.org/graphql 105ms (cache miss)
126 silly packumentCache full:https://registry.npmjs.org/graphql set size:undefined disposed:false
127 silly fetch manifest env-paths@2.2.0
128 silly packumentCache full:https://registry.npmjs.org/env-paths cache-miss
129 http fetch GET 200 https://registry.npmjs.org/minizlib 31ms (cache revalidated)
130 silly packumentCache full:https://registry.npmjs.org/minizlib set size:62862 disposed:false
131 silly fetch manifest fast-glob@3.3.2
132 silly packumentCache full:https://registry.npmjs.org/fast-glob cache-miss
133 http fetch GET 200 https://registry.npmjs.org/fast-glob 26ms (cache revalidated)
134 silly packumentCache full:https://registry.npmjs.org/fast-glob set size:220556 disposed:false
135 silly fetch manifest form-data@^4.0.4
136 silly packumentCache full:https://registry.npmjs.org/form-data cache-miss
137 http fetch GET 200 https://registry.npmjs.org/env-paths 31ms (cache miss)
138 silly packumentCache full:https://registry.npmjs.org/env-paths set size:undefined disposed:false
139 silly fetch manifest invariant@^2.2.2
140 silly packumentCache full:https://registry.npmjs.org/invariant cache-miss
141 http fetch GET 200 https://registry.npmjs.org/@expo%2fenv 51ms (cache miss)
142 silly packumentCache full:https://registry.npmjs.org/@expo%2fenv set size:undefined disposed:false
143 silly fetch manifest minimatch@5.1.2
144 silly packumentCache full:https://registry.npmjs.org/minimatch cache-miss
145 http fetch GET 200 https://registry.npmjs.org/form-data 27ms (cache revalidated)
146 silly packumentCache full:https://registry.npmjs.org/form-data set size:153646 disposed:false
147 silly fetch manifest untildify@4.0.0
148 silly packumentCache full:https://registry.npmjs.org/untildify cache-miss
149 http fetch GET 200 https://registry.npmjs.org/invariant 28ms (cache miss)
150 silly packumentCache full:https://registry.npmjs.org/invariant set size:undefined disposed:false
151 silly fetch manifest wrap-ansi@7.0.0
152 silly packumentCache full:https://registry.npmjs.org/wrap-ansi cache-miss
153 http fetch GET 200 https://registry.npmjs.org/yaml 317ms (cache miss)
154 silly packumentCache full:https://registry.npmjs.org/yaml set size:undefined disposed:false
155 silly fetch manifest @urql/core@4.0.11
156 silly packumentCache full:https://registry.npmjs.org/@urql%2fcore cache-miss
157 http fetch GET 200 https://registry.npmjs.org/wrap-ansi 58ms (cache updated)
158 silly packumentCache full:https://registry.npmjs.org/wrap-ansi set size:undefined disposed:false
159 silly fetch manifest better-opn@3.0.2
160 silly packumentCache full:https://registry.npmjs.org/better-opn cache-miss
161 http fetch GET 200 https://registry.npmjs.org/minimatch 71ms (cache updated)
162 silly packumentCache full:https://registry.npmjs.org/minimatch set size:undefined disposed:false
163 silly fetch manifest dateformat@4.6.3
164 silly packumentCache full:https://registry.npmjs.org/dateformat cache-miss
165 http fetch GET 200 https://registry.npmjs.org/@urql%2fcore 67ms (cache miss)
166 silly packumentCache full:https://registry.npmjs.org/@urql%2fcore set size:undefined disposed:false
167 silly fetch manifest node-fetch@2.6.7
168 silly packumentCache full:https://registry.npmjs.org/node-fetch cache-miss
169 http fetch GET 200 https://registry.npmjs.org/better-opn 46ms (cache miss)
170 silly packumentCache full:https://registry.npmjs.org/better-opn set size:undefined disposed:false
171 silly fetch manifest node-forge@1.3.1
172 silly packumentCache full:https://registry.npmjs.org/node-forge cache-miss
173 http fetch GET 200 https://registry.npmjs.org/node-fetch 31ms (cache revalidated)
174 silly packumentCache full:https://registry.npmjs.org/node-fetch set size:896010 disposed:false
175 silly fetch manifest nullthrows@1.1.1
176 silly packumentCache full:https://registry.npmjs.org/nullthrows cache-miss
177 http fetch GET 200 https://registry.npmjs.org/jks-js 342ms (cache miss)
178 silly packumentCache full:https://registry.npmjs.org/jks-js set size:undefined disposed:false
179 silly fetch manifest tar-stream@3.1.7
180 silly packumentCache full:https://registry.npmjs.org/tar-stream cache-miss
181 http fetch GET 200 https://registry.npmjs.org/node-forge 37ms (cache miss)
182 silly packumentCache full:https://registry.npmjs.org/node-forge set size:undefined disposed:false
183 silly fetch manifest @expo/plist@0.2.0
184 silly packumentCache full:https://registry.npmjs.org/@expo%2fplist cache-miss
185 http fetch GET 200 https://registry.npmjs.org/tar-stream 28ms (cache miss)
186 silly packumentCache full:https://registry.npmjs.org/tar-stream set size:undefined disposed:false
187 silly fetch manifest @expo/steps@18.0.2
188 silly packumentCache full:https://registry.npmjs.org/@expo%2fsteps cache-miss
189 http fetch GET 200 https://registry.npmjs.org/nullthrows 32ms (cache miss)
190 silly packumentCache full:https://registry.npmjs.org/nullthrows set size:undefined disposed:false
191 silly fetch manifest @oclif/core@^1.26.2
192 silly packumentCache full:https://registry.npmjs.org/@oclif%2fcore cache-miss
193 http fetch GET 200 https://registry.npmjs.org/@expo%2fplist 59ms (cache miss)
194 silly packumentCache full:https://registry.npmjs.org/@expo%2fplist set size:undefined disposed:false
195 silly fetch manifest ajv-formats@2.1.1
196 silly packumentCache full:https://registry.npmjs.org/ajv-formats cache-miss
197 http fetch GET 200 https://registry.npmjs.org/keychain 303ms (cache miss)
198 silly packumentCache full:https://registry.npmjs.org/keychain set size:undefined disposed:false
199 silly fetch manifest graphql-tag@2.12.6
200 silly packumentCache full:https://registry.npmjs.org/graphql-tag cache-miss
201 http fetch GET 200 https://registry.npmjs.org/graphql-tag 39ms (cache miss)
202 silly packumentCache full:https://registry.npmjs.org/graphql-tag set size:undefined disposed:false
203 silly fetch manifest log-symbols@4.1.0
204 silly packumentCache full:https://registry.npmjs.org/log-symbols cache-miss
205 http fetch GET 200 https://registry.npmjs.org/turndown 323ms (cache miss)
206 silly packumentCache full:https://registry.npmjs.org/turndown set size:undefined disposed:false
207 silly fetch manifest @expo/config@10.0.6
208 silly packumentCache full:https://registry.npmjs.org/@expo%2fconfig cache-miss
209 http fetch GET 200 https://registry.npmjs.org/ajv-formats 52ms (cache miss)
210 silly packumentCache full:https://registry.npmjs.org/ajv-formats set size:undefined disposed:false
211 silly fetch manifest @expo/logger@18.0.1
212 silly packumentCache full:https://registry.npmjs.org/@expo%2flogger cache-miss
213 http fetch GET 200 https://registry.npmjs.org/log-symbols 25ms (cache miss)
214 silly packumentCache full:https://registry.npmjs.org/log-symbols set size:undefined disposed:false
215 silly fetch manifest @expo/pkcs12@0.1.3
216 silly packumentCache full:https://registry.npmjs.org/@expo%2fpkcs12 cache-miss
217 http fetch GET 200 https://registry.npmjs.org/untildify 312ms (cache miss)
218 silly packumentCache full:https://registry.npmjs.org/untildify set size:undefined disposed:false
219 silly fetch manifest cli-progress@3.12.0
220 silly packumentCache full:https://registry.npmjs.org/cli-progress cache-miss
221 http fetch GET 200 https://registry.npmjs.org/@expo%2fconfig 80ms (cache miss)
222 silly packumentCache full:https://registry.npmjs.org/@expo%2fconfig set size:undefined disposed:false
223 silly fetch manifest gradle-to-js@2.0.1
224 silly packumentCache full:https://registry.npmjs.org/gradle-to-js cache-miss
225 http fetch GET 200 https://registry.npmjs.org/dateformat 317ms (cache miss)
226 silly packumentCache full:https://registry.npmjs.org/dateformat set size:undefined disposed:false
227 silly fetch manifest resolve-from@5.0.0
228 silly packumentCache full:https://registry.npmjs.org/resolve-from cache-miss
229 http fetch GET 200 https://registry.npmjs.org/resolve-from 25ms (cache revalidated)
230 silly packumentCache full:https://registry.npmjs.org/resolve-from set size:12911 disposed:false
231 silly fetch manifest ts-deepmerge@6.2.0
232 silly packumentCache full:https://registry.npmjs.org/ts-deepmerge cache-miss
233 http fetch GET 200 https://registry.npmjs.org/@oclif%2fcore 427ms (cache miss)
234 silly packumentCache full:https://registry.npmjs.org/@oclif%2fcore set size:undefined disposed:false
235 silly fetch manifest @expo/results@1.0.0
236 silly packumentCache full:https://registry.npmjs.org/@expo%2fresults cache-miss
237 http fetch GET 200 https://registry.npmjs.org/cli-progress 295ms (cache miss)
238 silly packumentCache full:https://registry.npmjs.org/cli-progress set size:undefined disposed:false
239 silly fetch manifest bplist-parser@^0.3.0
240 silly packumentCache full:https://registry.npmjs.org/bplist-parser cache-miss
241 http fetch GET 200 https://registry.npmjs.org/bplist-parser 25ms (cache miss)
242 silly packumentCache full:https://registry.npmjs.org/bplist-parser set size:undefined disposed:false
243 silly fetch manifest indent-string@4.0.0
244 silly packumentCache full:https://registry.npmjs.org/indent-string cache-miss
245 http fetch GET 200 https://registry.npmjs.org/gradle-to-js 301ms (cache miss)
246 silly packumentCache full:https://registry.npmjs.org/gradle-to-js set size:undefined disposed:false
247 silly fetch manifest promise-limit@2.7.0
248 silly packumentCache full:https://registry.npmjs.org/promise-limit cache-miss
249 http fetch GET 200 https://registry.npmjs.org/indent-string 28ms (cache miss)
250 silly packumentCache full:https://registry.npmjs.org/indent-string set size:undefined disposed:false
251 silly fetch manifest promise-retry@2.0.1
252 silly packumentCache full:https://registry.npmjs.org/promise-retry cache-miss
253 http fetch GET 200 https://registry.npmjs.org/promise-limit 383ms (cache miss)
254 silly packumentCache full:https://registry.npmjs.org/promise-limit set size:undefined disposed:false
255 silly fetch manifest terminal-link@2.1.1
256 silly packumentCache full:https://registry.npmjs.org/terminal-link cache-miss
257 http fetch GET 200 https://registry.npmjs.org/@expo%2fsteps 882ms (cache miss)
258 silly packumentCache full:https://registry.npmjs.org/@expo%2fsteps set size:undefined disposed:false
259 silly fetch manifest @expo/eas-json@18.0.2
260 silly packumentCache full:https://registry.npmjs.org/@expo%2feas-json cache-miss
261 http fetch GET 200 https://registry.npmjs.org/terminal-link 28ms (cache miss)
262 silly packumentCache full:https://registry.npmjs.org/terminal-link set size:undefined disposed:false
263 silly fetch manifest @expo/json-file@8.3.3
264 silly packumentCache full:https://registry.npmjs.org/@expo%2fjson-file cache-miss
265 http fetch GET 200 https://registry.npmjs.org/@expo%2fjson-file 58ms (cache miss)
266 silly packumentCache full:https://registry.npmjs.org/@expo%2fjson-file set size:undefined disposed:false
267 silly fetch manifest @expo/osascript@2.1.4
268 silly packumentCache full:https://registry.npmjs.org/@expo%2fosascript cache-miss
269 http fetch GET 200 https://registry.npmjs.org/@expo%2fosascript 44ms (cache miss)
270 silly packumentCache full:https://registry.npmjs.org/@expo%2fosascript set size:undefined disposed:false
271 silly fetch manifest fast-deep-equal@3.1.3
272 silly packumentCache full:https://registry.npmjs.org/fast-deep-equal cache-miss
273 http fetch GET 200 https://registry.npmjs.org/fast-deep-equal 27ms (cache revalidated)
274 silly packumentCache full:https://registry.npmjs.org/fast-deep-equal set size:48634 disposed:false
275 silly fetch manifest node-stream-zip@1.15.0
276 silly packumentCache full:https://registry.npmjs.org/node-stream-zip cache-miss
277 http fetch GET 200 https://registry.npmjs.org/node-stream-zip 28ms (cache miss)
278 silly packumentCache full:https://registry.npmjs.org/node-stream-zip set size:undefined disposed:false
279 silly fetch manifest qrcode-terminal@0.12.0
280 silly packumentCache full:https://registry.npmjs.org/qrcode-terminal cache-miss
281 http fetch GET 200 https://registry.npmjs.org/qrcode-terminal 29ms (cache miss)
282 silly packumentCache full:https://registry.npmjs.org/qrcode-terminal set size:undefined disposed:false
283 silly fetch manifest @expo/timeago.js@1.0.0
284 silly packumentCache full:https://registry.npmjs.org/@expo%2ftimeago.js cache-miss
285 http fetch GET 200 https://registry.npmjs.org/ts-deepmerge 858ms (cache miss)
286 silly packumentCache full:https://registry.npmjs.org/ts-deepmerge set size:undefined disposed:false
287 silly fetch manifest @expo/apple-utils@2.1.13
288 silly packumentCache full:https://registry.npmjs.org/@expo%2fapple-utils cache-miss
289 http fetch GET 200 https://registry.npmjs.org/promise-retry 844ms (cache miss)
290 silly packumentCache full:https://registry.npmjs.org/promise-retry set size:undefined disposed:false
291 silly fetch manifest @expo/plugin-help@5.1.23
292 silly packumentCache full:https://registry.npmjs.org/@expo%2fplugin-help cache-miss
293 http fetch GET 200 https://registry.npmjs.org/@expo%2flogger 1341ms (cache miss)
294 silly packumentCache full:https://registry.npmjs.org/@expo%2flogger set size:undefined disposed:false
295 silly fetch manifest @expo/spawn-async@1.7.2
296 silly packumentCache full:https://registry.npmjs.org/@expo%2fspawn-async cache-miss
297 http fetch GET 200 https://registry.npmjs.org/@expo%2fspawn-async 253ms (cache miss)
298 silly packumentCache full:https://registry.npmjs.org/@expo%2fspawn-async set size:undefined disposed:false
299 silly fetch manifest https-proxy-agent@5.0.1
300 silly packumentCache full:https://registry.npmjs.org/https-proxy-agent cache-miss
301 http fetch GET 200 https://registry.npmjs.org/@expo%2fresults 1399ms (cache miss)
302 silly packumentCache full:https://registry.npmjs.org/@expo%2fresults set size:undefined disposed:false
303 silly fetch manifest set-interval-async@3.0.3
304 silly packumentCache full:https://registry.npmjs.org/set-interval-async cache-miss
305 http fetch GET 200 https://registry.npmjs.org/@expo%2fpkcs12 1785ms (cache miss)
306 silly packumentCache full:https://registry.npmjs.org/@expo%2fpkcs12 set size:undefined disposed:false
307 silly fetch manifest @expo/eas-build-job@18.0.2
308 silly packumentCache full:https://registry.npmjs.org/@expo%2feas-build-job cache-miss
309 http fetch GET 200 https://registry.npmjs.org/https-proxy-agent 338ms (cache revalidated)
310 silly packumentCache full:https://registry.npmjs.org/https-proxy-agent set size:76241 disposed:false
311 silly fetch manifest @expo/config-plugins@9.0.12
312 silly packumentCache full:https://registry.npmjs.org/@expo%2fconfig-plugins cache-miss
313 http fetch GET 200 https://registry.npmjs.org/@expo%2fconfig-plugins 73ms (cache miss)
314 silly packumentCache full:https://registry.npmjs.org/@expo%2fconfig-plugins set size:undefined disposed:false
315 silly fetch manifest @urql/exchange-retry@1.2.0
316 silly packumentCache full:https://registry.npmjs.org/@urql%2fexchange-retry cache-miss
317 http fetch GET 200 https://registry.npmjs.org/set-interval-async 310ms (cache miss)
318 silly packumentCache full:https://registry.npmjs.org/set-interval-async set size:undefined disposed:false
319 silly fetch manifest @expo/package-manager@1.9.10
320 silly packumentCache full:https://registry.npmjs.org/@expo%2fpackage-manager cache-miss
321 http fetch GET 200 https://registry.npmjs.org/@urql%2fexchange-retry 52ms (cache miss)
322 silly packumentCache full:https://registry.npmjs.org/@urql%2fexchange-retry set size:undefined disposed:false
323 silly fetch manifest @expo/prebuild-config@8.0.17
324 silly packumentCache full:https://registry.npmjs.org/@expo%2fprebuild-config cache-miss
325 http fetch GET 200 https://registry.npmjs.org/@expo%2fpackage-manager 62ms (cache miss)
326 silly packumentCache full:https://registry.npmjs.org/@expo%2fpackage-manager set size:undefined disposed:false
327 silly fetch manifest @expo/rudder-sdk-node@1.1.1
328 silly packumentCache full:https://registry.npmjs.org/@expo%2frudder-sdk-node cache-miss
329 http fetch GET 200 https://registry.npmjs.org/@expo%2fprebuild-config 65ms (cache miss)
330 silly packumentCache full:https://registry.npmjs.org/@expo%2fprebuild-config set size:undefined disposed:false
331 silly fetch manifest @segment/ajv-human-errors@^2.1.2
332 silly packumentCache full:https://registry.npmjs.org/@segment%2fajv-human-errors cache-miss
333 http fetch GET 200 https://registry.npmjs.org/@expo%2fplugin-help 893ms (cache miss)
334 silly packumentCache full:https://registry.npmjs.org/@expo%2fplugin-help set size:undefined disposed:false
335 silly fetch manifest @oclif/plugin-autocomplete@^2.3.10
336 silly packumentCache full:https://registry.npmjs.org/@oclif%2fplugin-autocomplete cache-miss
337 http fetch GET 200 https://registry.npmjs.org/@expo%2frudder-sdk-node 44ms (cache miss)
338 silly packumentCache full:https://registry.npmjs.org/@expo%2frudder-sdk-node set size:undefined disposed:false
339 silly fetch manifest @expo/multipart-body-parser@2.0.0
340 silly packumentCache full:https://registry.npmjs.org/@expo%2fmultipart-body-parser cache-miss
341 http fetch GET 200 https://registry.npmjs.org/@expo%2feas-json 1409ms (cache miss)
342 silly packumentCache full:https://registry.npmjs.org/@expo%2feas-json set size:undefined disposed:false
343 silly fetch manifest @expo/code-signing-certificates@0.0.5
344 silly packumentCache full:https://registry.npmjs.org/@expo%2fcode-signing-certificates cache-miss
345 http fetch GET 200 https://registry.npmjs.org/@expo%2fcode-signing-certificates 32ms (cache miss)
346 silly packumentCache full:https://registry.npmjs.org/@expo%2fcode-signing-certificates set size:undefined disposed:false
347 silly fetch manifest @expo/plugin-warn-if-update-available@2.5.1
348 silly packumentCache full:https://registry.npmjs.org/@expo%2fplugin-warn-if-update-available cache-miss
349 http fetch GET 200 https://registry.npmjs.org/@expo%2fapple-utils 1448ms (cache miss)
350 silly packumentCache full:https://registry.npmjs.org/@expo%2fapple-utils set size:undefined disposed:false
351 http fetch GET 200 https://registry.npmjs.org/@expo%2ftimeago.js 1826ms (cache miss)
352 silly packumentCache full:https://registry.npmjs.org/@expo%2ftimeago.js set size:undefined disposed:false
353 http fetch GET 200 https://registry.npmjs.org/@segment%2fajv-human-errors 868ms (cache miss)
354 silly packumentCache full:https://registry.npmjs.org/@segment%2fajv-human-errors set size:undefined disposed:false
355 http fetch GET 200 https://registry.npmjs.org/@oclif%2fplugin-autocomplete 900ms (cache miss)
356 silly packumentCache full:https://registry.npmjs.org/@oclif%2fplugin-autocomplete set size:undefined disposed:false
357 http fetch GET 200 https://registry.npmjs.org/@expo%2fplugin-warn-if-update-available 839ms (cache miss)
358 silly packumentCache full:https://registry.npmjs.org/@expo%2fplugin-warn-if-update-available set size:undefined disposed:false
359 http fetch GET 200 https://registry.npmjs.org/@expo%2feas-build-job 1382ms (cache miss)
360 silly packumentCache full:https://registry.npmjs.org/@expo%2feas-build-job set size:undefined disposed:false
361 http fetch GET 200 https://registry.npmjs.org/@expo%2fmultipart-body-parser 1501ms (cache miss)
362 silly packumentCache full:https://registry.npmjs.org/@expo%2fmultipart-body-parser set size:undefined disposed:false
363 silly fetch manifest encoding@^0.1.0
364 silly packumentCache full:https://registry.npmjs.org/encoding cache-miss
365 http fetch GET 200 https://registry.npmjs.org/encoding 29ms (cache revalidated)
366 silly packumentCache full:https://registry.npmjs.org/encoding set size:17833 disposed:false
367 silly placeDep ROOT @expo/apple-utils@2.1.13 OK for: eas-cli@18.0.5 want: 2.1.13
368 silly placeDep ROOT @expo/code-signing-certificates@0.0.5 OK for: eas-cli@18.0.5 want: 0.0.5
369 silly placeDep ROOT @expo/config@10.0.6 OK for: eas-cli@18.0.5 want: 10.0.6
370 silly placeDep ROOT @expo/config-plugins@9.0.12 OK for: eas-cli@18.0.5 want: 9.0.12
371 silly placeDep ROOT @expo/eas-build-job@18.0.2 OK for: eas-cli@18.0.5 want: 18.0.2
372 silly placeDep ROOT @expo/eas-json@18.0.2 OK for: eas-cli@18.0.5 want: 18.0.2
373 silly placeDep ROOT @expo/env@1.0.7 OK for: eas-cli@18.0.5 want: ^1.0.0
374 silly placeDep ROOT @expo/json-file@8.3.3 OK for: eas-cli@18.0.5 want: 8.3.3
375 silly placeDep ROOT @expo/logger@18.0.1 OK for: eas-cli@18.0.5 want: 18.0.1
376 silly placeDep ROOT @expo/multipart-body-parser@2.0.0 OK for: eas-cli@18.0.5 want: 2.0.0
377 silly placeDep ROOT @expo/osascript@2.1.4 OK for: eas-cli@18.0.5 want: 2.1.4
378 silly placeDep ROOT @expo/package-manager@1.9.10 OK for: eas-cli@18.0.5 want: 1.9.10
379 silly placeDep ROOT @expo/pkcs12@0.1.3 OK for: eas-cli@18.0.5 want: 0.1.3
380 silly placeDep ROOT @expo/plist@0.2.0 OK for: eas-cli@18.0.5 want: 0.2.0
381 silly placeDep ROOT @expo/plugin-help@5.1.23 OK for: eas-cli@18.0.5 want: 5.1.23
382 silly placeDep ROOT @expo/plugin-warn-if-update-available@2.5.1 OK for: eas-cli@18.0.5 want: 2.5.1
383 silly placeDep ROOT @expo/prebuild-config@8.0.17 OK for: eas-cli@18.0.5 want: 8.0.17
384 silly placeDep ROOT @expo/results@1.0.0 OK for: eas-cli@18.0.5 want: 1.0.0
385 silly placeDep ROOT @expo/rudder-sdk-node@1.1.1 OK for: eas-cli@18.0.5 want: 1.1.1
386 silly placeDep ROOT @expo/spawn-async@1.7.2 OK for: eas-cli@18.0.5 want: 1.7.2
387 silly placeDep ROOT @expo/steps@18.0.2 OK for: eas-cli@18.0.5 want: 18.0.2
388 silly placeDep ROOT @expo/timeago.js@1.0.0 OK for: eas-cli@18.0.5 want: 1.0.0
389 silly placeDep ROOT @oclif/core@1.26.2 OK for: eas-cli@18.0.5 want: ^1.26.2
390 silly placeDep ROOT @oclif/plugin-autocomplete@2.3.10 OK for: eas-cli@18.0.5 want: ^2.3.10
391 silly placeDep ROOT @segment/ajv-human-errors@2.16.0 OK for: eas-cli@18.0.5 want: ^2.1.2
392 silly placeDep ROOT ajv@8.11.0 OK for: @segment/ajv-human-errors@2.16.0 want: ^8.0.0
393 silly placeDep ROOT @urql/core@4.0.11 OK for: eas-cli@18.0.5 want: 4.0.11
394 silly placeDep ROOT @urql/exchange-retry@1.2.0 OK for: eas-cli@18.0.5 want: 1.2.0
395 silly placeDep ROOT ajv-formats@2.1.1 OK for: eas-cli@18.0.5 want: 2.1.1
396 silly placeDep ROOT better-opn@3.0.2 OK for: eas-cli@18.0.5 want: 3.0.2
397 silly placeDep ROOT bplist-parser@0.3.2 OK for: eas-cli@18.0.5 want: ^0.3.0
398 silly placeDep ROOT chalk@4.1.2 OK for: eas-cli@18.0.5 want: 4.1.2
399 silly placeDep ROOT cli-progress@3.12.0 OK for: eas-cli@18.0.5 want: 3.12.0
400 silly placeDep ROOT dateformat@4.6.3 OK for: eas-cli@18.0.5 want: 4.6.3
401 silly placeDep ROOT diff@7.0.0 OK for: eas-cli@18.0.5 want: 7.0.0
402 silly placeDep ROOT dotenv@16.3.1 OK for: eas-cli@18.0.5 want: 16.3.1
403 silly placeDep ROOT env-paths@2.2.0 OK for: eas-cli@18.0.5 want: 2.2.0
404 silly placeDep ROOT envinfo@7.11.0 OK for: eas-cli@18.0.5 want: 7.11.0
405 silly placeDep ROOT fast-deep-equal@3.1.3 OK for: eas-cli@18.0.5 want: 3.1.3
406 silly placeDep ROOT fast-glob@3.3.2 OK for: eas-cli@18.0.5 want: 3.3.2
407 silly placeDep ROOT figures@3.2.0 OK for: eas-cli@18.0.5 want: 3.2.0
408 silly placeDep ROOT form-data@4.0.5 OK for: eas-cli@18.0.5 want: ^4.0.4
409 silly placeDep ROOT fs-extra@11.2.0 OK for: eas-cli@18.0.5 want: 11.2.0
410 silly placeDep ROOT getenv@1.0.0 OK for: eas-cli@18.0.5 want: 1.0.0
411 silly placeDep ROOT gradle-to-js@2.0.1 OK for: eas-cli@18.0.5 want: 2.0.1
412 silly placeDep ROOT graphql@16.8.1 OK for: eas-cli@18.0.5 want: 16.8.1
413 silly placeDep ROOT graphql-tag@2.12.6 OK for: eas-cli@18.0.5 want: 2.12.6
414 silly placeDep ROOT https-proxy-agent@5.0.1 OK for: eas-cli@18.0.5 want: 5.0.1
415 silly placeDep ROOT ignore@5.3.0 OK for: eas-cli@18.0.5 want: 5.3.0
416 silly placeDep ROOT indent-string@4.0.0 OK for: eas-cli@18.0.5 want: 4.0.0
417 silly placeDep ROOT invariant@2.2.4 OK for: eas-cli@18.0.5 want: ^2.2.2
418 silly placeDep ROOT jks-js@1.1.0 OK for: eas-cli@18.0.5 want: 1.1.0
419 silly placeDep ROOT joi@17.11.0 OK for: eas-cli@18.0.5 want: 17.11.0
420 silly placeDep ROOT keychain@1.5.0 OK for: eas-cli@18.0.5 want: 1.5.0
421 silly placeDep ROOT log-symbols@4.1.0 OK for: eas-cli@18.0.5 want: 4.1.0
422 silly placeDep ROOT mime@3.0.0 OK for: eas-cli@18.0.5 want: 3.0.0
423 silly placeDep ROOT minimatch@5.1.2 OK for: eas-cli@18.0.5 want: 5.1.2
424 silly placeDep ROOT minizlib@3.0.1 OK for: eas-cli@18.0.5 want: 3.0.1
425 silly placeDep ROOT nanoid@3.3.8 OK for: eas-cli@18.0.5 want: 3.3.8
426 silly placeDep ROOT node-fetch@2.6.7 OK for: eas-cli@18.0.5 want: 2.6.7
427 silly placeDep ROOT node-forge@1.3.1 OK for: eas-cli@18.0.5 want: 1.3.1
428 silly placeDep ROOT node-stream-zip@1.15.0 OK for: eas-cli@18.0.5 want: 1.15.0
429 silly placeDep ROOT nullthrows@1.1.1 OK for: eas-cli@18.0.5 want: 1.1.1
430 silly placeDep ROOT ora@5.1.0 OK for: eas-cli@18.0.5 want: 5.1.0
431 silly placeDep ROOT pkg-dir@4.2.0 OK for: eas-cli@18.0.5 want: 4.2.0
432 silly placeDep ROOT pngjs@7.0.0 OK for: eas-cli@18.0.5 want: 7.0.0
433 silly placeDep ROOT promise-limit@2.7.0 OK for: eas-cli@18.0.5 want: 2.7.0
434 silly placeDep ROOT promise-retry@2.0.1 OK for: eas-cli@18.0.5 want: 2.0.1
435 silly placeDep ROOT prompts@2.4.2 OK for: eas-cli@18.0.5 want: 2.4.2
436 silly placeDep ROOT qrcode-terminal@0.12.0 OK for: eas-cli@18.0.5 want: 0.12.0
437 silly placeDep ROOT resolve-from@5.0.0 OK for: eas-cli@18.0.5 want: 5.0.0
438 silly placeDep ROOT semver@7.5.4 OK for: eas-cli@18.0.5 want: 7.5.4
439 silly placeDep ROOT set-interval-async@3.0.3 OK for: eas-cli@18.0.5 want: 3.0.3
440 silly placeDep ROOT slash@3.0.0 OK for: eas-cli@18.0.5 want: 3.0.0
441 silly placeDep ROOT tar@7.5.7 OK for: eas-cli@18.0.5 want: 7.5.7
442 silly placeDep ROOT tar-stream@3.1.7 OK for: eas-cli@18.0.5 want: 3.1.7
443 silly placeDep ROOT terminal-link@2.1.1 OK for: eas-cli@18.0.5 want: 2.1.1
444 silly placeDep ROOT ts-deepmerge@6.2.0 OK for: eas-cli@18.0.5 want: 6.2.0
445 silly placeDep ROOT tslib@2.6.2 OK for: eas-cli@18.0.5 want: 2.6.2
446 silly placeDep ROOT turndown@7.1.2 OK for: eas-cli@18.0.5 want: 7.1.2
447 silly placeDep ROOT untildify@4.0.0 OK for: eas-cli@18.0.5 want: 4.0.0
448 silly placeDep ROOT uuid@9.0.1 OK for: eas-cli@18.0.5 want: 9.0.1
449 silly placeDep ROOT wrap-ansi@7.0.0 OK for: eas-cli@18.0.5 want: 7.0.0
450 silly placeDep ROOT yaml@2.6.0 OK for: eas-cli@18.0.5 want: 2.6.0
451 silly placeDep ROOT zod@4.3.6 OK for: eas-cli@18.0.5 want: ^4.1.3
452 silly fetch manifest node-forge@^1.2.1
453 silly packumentCache full:https://registry.npmjs.org/node-forge cache-miss
454 silly fetch manifest nullthrows@^1.1.1
455 silly packumentCache full:https://registry.npmjs.org/nullthrows cache-miss
456 silly fetch manifest glob@^10.4.2
457 silly packumentCache full:https://registry.npmjs.org/glob cache-miss
458 silly fetch manifest getenv@^1.0.0
459 silly packumentCache full:https://registry.npmjs.org/getenv cache-miss
460 silly fetch manifest semver@^7.6.0
461 silly packumentCache full:https://registry.npmjs.org/semver cache-hit
462 silly fetch manifest slugify@^1.3.4
463 silly packumentCache full:https://registry.npmjs.org/slugify cache-miss
464 silly fetch manifest sucrase@3.35.0
465 silly packumentCache full:https://registry.npmjs.org/sucrase cache-miss
466 silly fetch manifest deepmerge@^4.3.1
467 silly packumentCache full:https://registry.npmjs.org/deepmerge cache-miss
468 http cache https://registry.npmjs.org/nullthrows 4ms (cache hit)
469 silly packumentCache full:https://registry.npmjs.org/nullthrows set size:14885 disposed:false
470 silly fetch manifest resolve-from@^5.0.0
471 silly packumentCache full:https://registry.npmjs.org/resolve-from cache-hit
472 silly fetch manifest @expo/json-file@^9.0.0
473 silly packumentCache full:https://registry.npmjs.org/@expo%2fjson-file cache-miss
474 http cache https://registry.npmjs.org/getenv 4ms (cache hit)
475 silly packumentCache full:https://registry.npmjs.org/getenv set size:20110 disposed:false
476 silly fetch manifest @babel/code-frame@~7.10.4
477 silly packumentCache full:https://registry.npmjs.org/@babel%2fcode-frame cache-miss
478 http cache https://registry.npmjs.org/node-forge 5ms (cache hit)
479 silly packumentCache full:https://registry.npmjs.org/node-forge set size:391006 disposed:false
480 silly fetch manifest @expo/config-types@^52.0.0
481 silly packumentCache full:https://registry.npmjs.org/@expo%2fconfig-types cache-miss
482 http cache https://registry.npmjs.org/@expo%2fjson-file 3ms (cache hit)
483 silly packumentCache full:https://registry.npmjs.org/@expo%2fjson-file set size:673126 disposed:false
484 silly fetch manifest require-from-string@^2.0.2
485 silly packumentCache full:https://registry.npmjs.org/require-from-string cache-miss
486 http fetch GET 200 https://registry.npmjs.org/slugify 54ms (cache miss)
487 silly packumentCache full:https://registry.npmjs.org/slugify set size:undefined disposed:false
488 silly fetch manifest @expo/config-plugins@~9.0.10
489 silly packumentCache full:https://registry.npmjs.org/@expo%2fconfig-plugins cache-miss
490 http fetch GET 200 https://registry.npmjs.org/glob 56ms (cache revalidated)
491 silly packumentCache full:https://registry.npmjs.org/glob set size:469465 disposed:false
492 silly fetch manifest resolve-workspace-root@^2.0.0
493 silly packumentCache full:https://registry.npmjs.org/resolve-workspace-root cache-miss
494 http cache https://registry.npmjs.org/@expo%2fconfig-plugins 6ms (cache hit)
495 silly packumentCache full:https://registry.npmjs.org/@expo%2fconfig-plugins set size:1103214 disposed:false
496 silly fetch manifest chalk@^4.1.2
497 silly packumentCache full:https://registry.npmjs.org/chalk cache-hit
498 silly fetch manifest debug@^4.3.5
499 silly packumentCache full:https://registry.npmjs.org/debug cache-miss
500 http fetch GET 200 https://registry.npmjs.org/@babel%2fcode-frame 64ms (cache revalidated)
501 silly packumentCache full:https://registry.npmjs.org/@babel%2fcode-frame set size:194176 disposed:false
502 silly fetch manifest slash@^3.0.0
503 silly packumentCache full:https://registry.npmjs.org/slash cache-miss
504 http fetch GET 200 https://registry.npmjs.org/require-from-string 61ms (cache revalidated)
505 silly packumentCache full:https://registry.npmjs.org/require-from-string set size:15128 disposed:false
506 silly fetch manifest xcode@^3.0.1
507 silly packumentCache full:https://registry.npmjs.org/xcode cache-miss
508 http fetch GET 200 https://registry.npmjs.org/sucrase 74ms (cache miss)
509 silly packumentCache full:https://registry.npmjs.org/sucrase set size:undefined disposed:false
510 silly fetch manifest semver@^7.5.4
511 silly packumentCache full:https://registry.npmjs.org/semver cache-hit
512 silly fetch manifest xml2js@0.6.0
513 silly packumentCache full:https://registry.npmjs.org/xml2js cache-miss
514 http fetch GET 200 https://registry.npmjs.org/deepmerge 76ms (cache miss)
515 silly packumentCache full:https://registry.npmjs.org/deepmerge set size:undefined disposed:false
516 silly fetch manifest slugify@^1.6.6
517 silly packumentCache full:https://registry.npmjs.org/slugify cache-miss
518 http cache https://registry.npmjs.org/slash 7ms (cache hit)
519 silly packumentCache full:https://registry.npmjs.org/slash set size:20337 disposed:false
520 silly fetch manifest @expo/plist@^0.2.0
521 silly packumentCache full:https://registry.npmjs.org/@expo%2fplist cache-miss
522 http cache https://registry.npmjs.org/slugify 2ms (cache hit)
523 silly packumentCache full:https://registry.npmjs.org/slugify set size:99493 disposed:false
524 silly fetch manifest @expo/json-file@~9.0.0
525 silly packumentCache full:https://registry.npmjs.org/@expo%2fjson-file cache-hit
526 silly fetch manifest @expo/config-types@^52.0.0
527 silly packumentCache full:https://registry.npmjs.org/@expo%2fconfig-types cache-miss
528 http cache https://registry.npmjs.org/@expo%2fplist 4ms (cache hit)
529 silly packumentCache full:https://registry.npmjs.org/@expo%2fplist set size:474164 disposed:false
530 silly fetch manifest @expo/sdk-runtime-versions@^1.0.0
531 silly packumentCache full:https://registry.npmjs.org/@expo%2fsdk-runtime-versions cache-miss
532 http fetch GET 200 https://registry.npmjs.org/xml2js 62ms (cache miss)
533 silly packumentCache full:https://registry.npmjs.org/xml2js set size:undefined disposed:false
534 silly fetch manifest joi@^17.13.1
535 silly packumentCache full:https://registry.npmjs.org/joi cache-miss
536 http cache https://registry.npmjs.org/joi 5ms (cache hit)
537 silly packumentCache full:https://registry.npmjs.org/joi set size:507992 disposed:false
538 silly fetch manifest zod@^4.3.5
539 silly packumentCache full:https://registry.npmjs.org/zod cache-miss
540 http cache https://registry.npmjs.org/zod 6ms (cache hit)
541 silly packumentCache full:https://registry.npmjs.org/zod set size:3489329 disposed:false
542 silly fetch manifest semver@^7.6.2
543 silly packumentCache full:https://registry.npmjs.org/semver cache-hit
544 silly fetch manifest tslib@2.4.1
545 silly packumentCache full:https://registry.npmjs.org/tslib cache-hit
546 silly fetch manifest semver@7.5.2
547 silly packumentCache full:https://registry.npmjs.org/semver cache-hit
548 silly fetch manifest env-string@1.0.1
549 silly packumentCache full:https://registry.npmjs.org/env-string cache-miss
550 http fetch GET 200 https://registry.npmjs.org/xcode 166ms (cache miss)
551 silly packumentCache full:https://registry.npmjs.org/xcode set size:undefined disposed:false
552 silly fetch manifest golden-fleece@1.0.9
553 silly packumentCache full:https://registry.npmjs.org/golden-fleece cache-miss
554 http fetch GET 200 https://registry.npmjs.org/@expo%2fconfig-types 270ms (cache miss)
555 silly packumentCache full:https://registry.npmjs.org/@expo%2fconfig-types set size:undefined disposed:false
556 silly fetch manifest @babel/code-frame@7.23.5
557 silly packumentCache full:https://registry.npmjs.org/@babel%2fcode-frame cache-hit
558 silly fetch manifest chalk@^4.0.0
559 silly packumentCache full:https://registry.npmjs.org/chalk cache-hit
560 silly fetch manifest debug@^4.3.4
561 silly packumentCache full:https://registry.npmjs.org/debug cache-miss
562 http fetch GET 200 https://registry.npmjs.org/@expo%2fconfig-types 352ms (cache miss)
563 silly packumentCache full:https://registry.npmjs.org/@expo%2fconfig-types set size:undefined disposed:false
564 silly fetch manifest dotenv@~16.4.5
565 silly packumentCache full:https://registry.npmjs.org/dotenv cache-miss
566 http cache https://registry.npmjs.org/dotenv 1ms (cache hit)
567 silly packumentCache full:https://registry.npmjs.org/dotenv set size:270065 disposed:false
568 silly fetch manifest getenv@^2.0.0
569 silly packumentCache full:https://registry.npmjs.org/getenv cache-hit
570 silly fetch manifest dotenv-expand@~11.0.6
571 silly packumentCache full:https://registry.npmjs.org/dotenv-expand cache-miss
572 http fetch GET 200 https://registry.npmjs.org/@expo%2fsdk-runtime-versions 282ms (cache miss)
573 silly packumentCache full:https://registry.npmjs.org/@expo%2fsdk-runtime-versions set size:undefined disposed:false
574 silly fetch manifest json5@^2.2.2
575 silly packumentCache full:https://registry.npmjs.org/json5 cache-miss
576 http fetch GET 200 https://registry.npmjs.org/debug 307ms (cache revalidated)
577 silly packumentCache full:https://registry.npmjs.org/debug set size:195840 disposed:false
578 silly fetch manifest write-file-atomic@^2.3.0
579 silly packumentCache full:https://registry.npmjs.org/write-file-atomic cache-miss
580 http fetch GET 200 https://registry.npmjs.org/debug 24ms (cache revalidated)
581 silly packumentCache full:https://registry.npmjs.org/debug set size:195840 disposed:false
582 silly packumentCache full:https://registry.npmjs.org/debug dispose
583 silly fetch manifest bunyan@^1.8.15
584 silly packumentCache full:https://registry.npmjs.org/bunyan cache-miss
585 http fetch GET 200 https://registry.npmjs.org/json5 31ms (cache revalidated)
586 silly packumentCache full:https://registry.npmjs.org/json5 set size:86136 disposed:false
587 silly fetch manifest @types/bunyan@^1.8.11
588 silly packumentCache full:https://registry.npmjs.org/@types%2fbunyan cache-miss
589 http fetch GET 200 https://registry.npmjs.org/dotenv-expand 34ms (cache miss)
590 silly packumentCache full:https://registry.npmjs.org/dotenv-expand set size:undefined disposed:false
591 silly fetch manifest multipasta@^0.2.5
592 silly packumentCache full:https://registry.npmjs.org/multipasta cache-miss
593 http fetch GET 200 https://registry.npmjs.org/write-file-atomic 31ms (cache revalidated)
594 silly packumentCache full:https://registry.npmjs.org/write-file-atomic set size:77768 disposed:false
595 silly fetch manifest exec-async@^2.2.0
596 silly packumentCache full:https://registry.npmjs.org/exec-async cache-miss
597 http fetch GET 200 https://registry.npmjs.org/exec-async 34ms (cache miss)
598 silly packumentCache full:https://registry.npmjs.org/exec-async set size:undefined disposed:false
599 silly fetch manifest @expo/spawn-async@^1.7.2
600 silly packumentCache full:https://registry.npmjs.org/@expo%2fspawn-async cache-miss
601 http cache https://registry.npmjs.org/@expo%2fspawn-async 1ms (cache hit)
602 silly packumentCache full:https://registry.npmjs.org/@expo%2fspawn-async set size:40321 disposed:false
603 silly fetch manifest ora@^3.4.0
604 silly packumentCache full:https://registry.npmjs.org/ora cache-miss
605 http cache https://registry.npmjs.org/ora 2ms (cache hit)
606 silly packumentCache full:https://registry.npmjs.org/ora set size:142374 disposed:false
607 silly fetch manifest @expo/json-file@^10.0.8
608 silly packumentCache full:https://registry.npmjs.org/@expo%2fjson-file cache-hit
609 silly fetch manifest npm-package-arg@^11.0.0
610 silly packumentCache full:https://registry.npmjs.org/npm-package-arg cache-miss
611 http fetch GET 200 https://registry.npmjs.org/env-string 316ms (cache miss)
612 silly packumentCache full:https://registry.npmjs.org/env-string set size:undefined disposed:false
613 silly fetch manifest resolve-workspace-root@^2.0.0
614 silly packumentCache full:https://registry.npmjs.org/resolve-workspace-root cache-miss
615 http fetch GET 200 https://registry.npmjs.org/npm-package-arg 41ms (cache miss)
616 silly packumentCache full:https://registry.npmjs.org/npm-package-arg set size:undefined disposed:false
617 silly fetch manifest base64-js@^1.2.3
618 silly packumentCache full:https://registry.npmjs.org/base64-js cache-miss
619 http fetch GET 200 https://registry.npmjs.org/base64-js 29ms (cache miss)
620 silly packumentCache full:https://registry.npmjs.org/base64-js set size:undefined disposed:false
621 silly fetch manifest xmlbuilder@^14.0.0
622 silly packumentCache full:https://registry.npmjs.org/xmlbuilder cache-miss
623 http fetch GET 200 https://registry.npmjs.org/xmlbuilder 37ms (cache miss)
624 silly packumentCache full:https://registry.npmjs.org/xmlbuilder set size:undefined disposed:false
625 silly fetch manifest @xmldom/xmldom@~0.7.7
626 silly packumentCache full:https://registry.npmjs.org/@xmldom%2fxmldom cache-miss
627 http fetch GET 200 https://registry.npmjs.org/bunyan 320ms (cache miss)
628 silly packumentCache full:https://registry.npmjs.org/bunyan set size:undefined disposed:false
629 silly fetch manifest @oclif/core@^2.11.1
630 silly packumentCache full:https://registry.npmjs.org/@oclif%2fcore cache-miss
631 http fetch GET 200 https://registry.npmjs.org/multipasta 305ms (cache miss)
632 silly packumentCache full:https://registry.npmjs.org/multipasta set size:undefined disposed:false
633 silly fetch manifest ejs@^3.1.7
634 silly packumentCache full:https://registry.npmjs.org/ejs cache-miss
635 http cache https://registry.npmjs.org/@oclif%2fcore 14ms (cache hit)
636 silly packumentCache full:https://registry.npmjs.org/@oclif%2fcore set size:1937590 disposed:false
637 silly fetch manifest chalk@^4.1.0
638 silly packumentCache full:https://registry.npmjs.org/chalk cache-hit
639 silly fetch manifest tslib@^2.4.0
640 silly packumentCache full:https://registry.npmjs.org/tslib cache-hit
641 silly fetch manifest semver@^7.3.7
642 silly packumentCache full:https://registry.npmjs.org/semver cache-hit
643 silly fetch manifest fs-extra@^10.1.0
644 silly packumentCache full:https://registry.npmjs.org/fs-extra cache-hit
645 silly fetch manifest http-call@^5.2.2
646 silly packumentCache full:https://registry.npmjs.org/http-call cache-miss
647 http fetch GET 200 https://registry.npmjs.org/ejs 36ms (cache miss)
648 silly packumentCache full:https://registry.npmjs.org/ejs set size:undefined disposed:false
649 silly fetch manifest debug@^4.3.1
650 silly packumentCache full:https://registry.npmjs.org/debug cache-hit
651 silly fetch manifest fs-extra@^9.0.0
652 silly packumentCache full:https://registry.npmjs.org/fs-extra cache-hit
653 silly fetch manifest @expo/image-utils@^0.6.0
654 silly packumentCache full:https://registry.npmjs.org/@expo%2fimage-utils cache-miss
655 http fetch GET 200 https://registry.npmjs.org/http-call 47ms (cache miss)
656 silly packumentCache full:https://registry.npmjs.org/http-call set size:undefined disposed:false
657 silly fetch manifest @react-native/normalize-colors@0.76.2
658 silly packumentCache full:https://registry.npmjs.org/@react-native%2fnormalize-colors cache-miss
659 http fetch GET 200 https://registry.npmjs.org/resolve-workspace-root 821ms (cache miss)
660 silly packumentCache full:https://registry.npmjs.org/resolve-workspace-root set size:undefined disposed:false
661 silly fetch manifest md5@^2.2.1
662 silly packumentCache full:https://registry.npmjs.org/md5 cache-miss
663 http fetch GET 200 https://registry.npmjs.org/md5 30ms (cache miss)
664 silly packumentCache full:https://registry.npmjs.org/md5 set size:undefined disposed:false
665 silly fetch manifest uuid@^8.3.2
666 silly packumentCache full:https://registry.npmjs.org/uuid cache-miss
667 http cache https://registry.npmjs.org/uuid 2ms (cache hit)
668 silly packumentCache full:https://registry.npmjs.org/uuid set size:224608 disposed:false
669 silly fetch manifest node-fetch@^2.6.1
670 silly packumentCache full:https://registry.npmjs.org/node-fetch cache-hit
671 silly fetch manifest fetch-retry@^4.1.1
672 silly packumentCache full:https://registry.npmjs.org/fetch-retry cache-miss
673 http fetch GET 200 https://registry.npmjs.org/fetch-retry 33ms (cache miss)
674 silly packumentCache full:https://registry.npmjs.org/fetch-retry set size:undefined disposed:false
675 silly fetch manifest @expo/bunyan@^4.0.0
676 silly packumentCache full:https://registry.npmjs.org/@expo%2fbunyan cache-miss
677 http fetch GET 200 https://registry.npmjs.org/@expo%2fimage-utils 266ms (cache miss)
678 silly packumentCache full:https://registry.npmjs.org/@expo%2fimage-utils set size:undefined disposed:false
679 silly fetch manifest remove-trailing-slash@^0.1.0
680 silly packumentCache full:https://registry.npmjs.org/remove-trailing-slash cache-miss
681 http fetch GET 200 https://registry.npmjs.org/@xmldom%2fxmldom 490ms (cache miss)
682 silly packumentCache full:https://registry.npmjs.org/@xmldom%2fxmldom set size:undefined disposed:false
683 silly fetch manifest @segment/loosely-validate-event@^2.0.0
684 silly packumentCache full:https://registry.npmjs.org/@segment%2floosely-validate-event cache-miss
685 http fetch GET 200 https://registry.npmjs.org/remove-trailing-slash 41ms (cache miss)
686 silly packumentCache full:https://registry.npmjs.org/remove-trailing-slash set size:undefined disposed:false
687 silly fetch manifest cross-spawn@^7.0.3
688 silly packumentCache full:https://registry.npmjs.org/cross-spawn cache-miss
689 http fetch GET 200 https://registry.npmjs.org/@react-native%2fnormalize-colors 285ms (cache miss)
690 silly packumentCache full:https://registry.npmjs.org/@react-native%2fnormalize-colors set size:undefined disposed:false
691 silly fetch manifest arg@^5.0.2
692 silly packumentCache full:https://registry.npmjs.org/arg cache-miss
693 http fetch GET 200 https://registry.npmjs.org/golden-fleece 808ms (cache miss)
694 silly packumentCache full:https://registry.npmjs.org/golden-fleece set size:undefined disposed:false
695 silly fetch manifest jsep@^1.3.8
696 silly packumentCache full:https://registry.npmjs.org/jsep cache-miss
697 http fetch GET 200 https://registry.npmjs.org/cross-spawn 31ms (cache revalidated)
698 silly packumentCache full:https://registry.npmjs.org/cross-spawn set size:109066 disposed:false
699 silly fetch manifest uuid@^9.0.1
700 silly packumentCache full:https://registry.npmjs.org/uuid cache-hit
701 silly fetch manifest yaml@^2.4.3
702 silly packumentCache full:https://registry.npmjs.org/yaml cache-miss
703 http cache https://registry.npmjs.org/yaml 3ms (cache hit)
704 silly packumentCache full:https://registry.npmjs.org/yaml set size:361552 disposed:false
705 silly fetch manifest fs-extra@^11.2.0
706 silly packumentCache full:https://registry.npmjs.org/fs-extra cache-hit
707 silly fetch manifest lodash.get@^4.4.2
708 silly packumentCache full:https://registry.npmjs.org/lodash.get cache-miss
709 http fetch GET 200 https://registry.npmjs.org/arg 33ms (cache updated)
710 silly packumentCache full:https://registry.npmjs.org/arg set size:undefined disposed:false
711 silly fetch manifest lodash.clonedeep@^4.5.0
712 silly packumentCache full:https://registry.npmjs.org/lodash.clonedeep cache-miss
713 http fetch GET 200 https://registry.npmjs.org/lodash.clonedeep 32ms (cache miss)
714 silly packumentCache full:https://registry.npmjs.org/lodash.clonedeep set size:undefined disposed:false
715 silly fetch manifest ejs@^3.1.6
716 silly packumentCache full:https://registry.npmjs.org/ejs cache-miss
717 http cache https://registry.npmjs.org/ejs 3ms (cache hit)
718 silly packumentCache full:https://registry.npmjs.org/ejs set size:145596 disposed:false
719 silly fetch manifest tslib@^2.4.1
720 silly packumentCache full:https://registry.npmjs.org/tslib cache-hit
721 silly fetch manifest globby@^11.1.0
722 silly packumentCache full:https://registry.npmjs.org/globby cache-miss
723 http fetch GET 200 https://registry.npmjs.org/globby 37ms (cache miss)
724 silly packumentCache full:https://registry.npmjs.org/globby set size:undefined disposed:false
725 silly fetch manifest is-wsl@^2.2.0
726 silly packumentCache full:https://registry.npmjs.org/is-wsl cache-miss
727 http fetch GET 200 https://registry.npmjs.org/resolve-workspace-root 845ms (cache miss)
728 silly packumentCache full:https://registry.npmjs.org/resolve-workspace-root set size:undefined disposed:false
729 silly fetch manifest js-yaml@^3.14.1
730 silly packumentCache full:https://registry.npmjs.org/js-yaml cache-miss
731 http fetch GET 200 https://registry.npmjs.org/js-yaml 34ms (cache revalidated)
732 silly packumentCache full:https://registry.npmjs.org/js-yaml set size:152232 disposed:false
733 silly fetch manifest cardinal@^2.1.1
734 silly packumentCache full:https://registry.npmjs.org/cardinal cache-miss
735 http fetch GET 200 https://registry.npmjs.org/jsep 314ms (cache miss)
736 silly packumentCache full:https://registry.npmjs.org/jsep set size:undefined disposed:false
737 silly fetch manifest fs-extra@^9.1.0
738 silly packumentCache full:https://registry.npmjs.org/fs-extra cache-hit
739 silly fetch manifest wrap-ansi@^7.0.0
740 silly packumentCache full:https://registry.npmjs.org/wrap-ansi cache-miss
741 http cache https://registry.npmjs.org/wrap-ansi 1ms (cache hit)
742 silly packumentCache full:https://registry.npmjs.org/wrap-ansi set size:55299 disposed:false
743 silly fetch manifest strip-ansi@^6.0.1
744 silly packumentCache full:https://registry.npmjs.org/strip-ansi cache-miss
745 http fetch GET 200 https://registry.npmjs.org/cardinal 30ms (cache miss)
746 silly packumentCache full:https://registry.npmjs.org/cardinal set size:undefined disposed:false
747 silly fetch manifest ansi-styles@^4.3.0
748 silly packumentCache full:https://registry.npmjs.org/ansi-styles cache-miss
749 http fetch GET 200 https://registry.npmjs.org/strip-ansi 24ms (cache revalidated)
750 silly packumentCache full:https://registry.npmjs.org/strip-ansi set size:41855 disposed:false
751 silly fetch manifest clean-stack@^3.0.1
752 silly packumentCache full:https://registry.npmjs.org/clean-stack cache-miss
753 http fetch GET 200 https://registry.npmjs.org/ansi-styles 23ms (cache revalidated)
754 silly packumentCache full:https://registry.npmjs.org/ansi-styles set size:63233 disposed:false
755 silly fetch manifest hyperlinker@^1.0.0
756 silly packumentCache full:https://registry.npmjs.org/hyperlinker cache-miss
757 http fetch GET 200 https://registry.npmjs.org/clean-stack 28ms (cache miss)
758 silly packumentCache full:https://registry.npmjs.org/clean-stack set size:undefined disposed:false
759 silly fetch manifest widest-line@^3.1.0
760 silly packumentCache full:https://registry.npmjs.org/widest-line cache-miss
761 http fetch GET 200 https://registry.npmjs.org/hyperlinker 23ms (cache miss)
762 silly packumentCache full:https://registry.npmjs.org/hyperlinker set size:undefined disposed:false
763 silly fetch manifest ansi-escapes@^4.3.2
764 silly packumentCache full:https://registry.npmjs.org/ansi-escapes cache-miss
765 http fetch GET 200 https://registry.npmjs.org/ansi-escapes 35ms (cache miss)
766 silly packumentCache full:https://registry.npmjs.org/ansi-escapes set size:undefined disposed:false
767 silly fetch manifest cli-progress@^3.10.0
768 silly packumentCache full:https://registry.npmjs.org/cli-progress cache-miss
769 http cache https://registry.npmjs.org/cli-progress 1ms (cache hit)
770 silly packumentCache full:https://registry.npmjs.org/cli-progress set size:128562 disposed:false
771 silly fetch manifest string-width@^4.2.3
772 silly packumentCache full:https://registry.npmjs.org/string-width cache-miss
773 http fetch GET 200 https://registry.npmjs.org/is-wsl 312ms (cache revalidated)
774 silly packumentCache full:https://registry.npmjs.org/is-wsl set size:20683 disposed:false
775 silly fetch manifest @oclif/screen@^3.0.4
776 silly packumentCache full:https://registry.npmjs.org/@oclif%2fscreen cache-miss
777 http fetch GET 200 https://registry.npmjs.org/widest-line 53ms (cache revalidated)
778 silly packumentCache full:https://registry.npmjs.org/widest-line set size:23158 disposed:false
779 silly fetch manifest indent-string@^4.0.0
780 silly packumentCache full:https://registry.npmjs.org/indent-string cache-miss
781 http cache https://registry.npmjs.org/indent-string 0ms (cache hit)
782 silly packumentCache full:https://registry.npmjs.org/indent-string set size:28547 disposed:false
783 silly fetch manifest object-treeify@^1.1.33
784 silly packumentCache full:https://registry.npmjs.org/object-treeify cache-miss
785 http fetch GET 200 https://registry.npmjs.org/string-width 22ms (cache revalidated)
786 silly packumentCache full:https://registry.npmjs.org/string-width set size:68305 disposed:false
787 silly fetch manifest supports-color@^8.1.1
788 silly packumentCache full:https://registry.npmjs.org/supports-color cache-miss
789 http fetch GET 200 https://registry.npmjs.org/supports-color 23ms (cache revalidated)
790 silly packumentCache full:https://registry.npmjs.org/supports-color set size:118680 disposed:false
791 silly fetch manifest @oclif/linewrap@^1.0.0
792 silly packumentCache full:https://registry.npmjs.org/@oclif%2flinewrap cache-miss
793 http fetch GET 200 https://registry.npmjs.org/@oclif%2flinewrap 37ms (cache miss)
794 silly packumentCache full:https://registry.npmjs.org/@oclif%2flinewrap set size:undefined disposed:false
795 silly fetch manifest natural-orderby@^2.0.3
796 silly packumentCache full:https://registry.npmjs.org/natural-orderby cache-miss
797 http fetch GET 200 https://registry.npmjs.org/natural-orderby 33ms (cache miss)
798 silly packumentCache full:https://registry.npmjs.org/natural-orderby set size:undefined disposed:false
799 silly fetch manifest password-prompt@^1.1.2
800 silly packumentCache full:https://registry.npmjs.org/password-prompt cache-miss
801 http fetch GET 200 https://registry.npmjs.org/password-prompt 24ms (cache miss)
802 silly packumentCache full:https://registry.npmjs.org/password-prompt set size:undefined disposed:false
803 silly fetch manifest get-package-type@^0.1.0
804 silly packumentCache full:https://registry.npmjs.org/get-package-type cache-miss
805 http fetch GET 200 https://registry.npmjs.org/@segment%2floosely-validate-event 596ms (cache miss)
806 silly packumentCache full:https://registry.npmjs.org/@segment%2floosely-validate-event set size:undefined disposed:false
807 silly fetch manifest supports-hyperlinks@^2.2.0
808 silly packumentCache full:https://registry.npmjs.org/supports-hyperlinks cache-miss
809 http fetch GET 200 https://registry.npmjs.org/get-package-type 24ms (cache miss)
810 silly packumentCache full:https://registry.npmjs.org/get-package-type set size:undefined disposed:false
811 silly fetch manifest @oclif/core@^2.15.0
812 silly packumentCache full:https://registry.npmjs.org/@oclif%2fcore cache-miss
813 http cache https://registry.npmjs.org/@oclif%2fcore 3ms (cache hit)
814 silly packumentCache full:https://registry.npmjs.org/@oclif%2fcore set size:1937590 disposed:false
815 silly fetch manifest uri-js@^4.2.2
816 silly packumentCache full:https://registry.npmjs.org/uri-js cache-miss
817 http fetch GET 200 https://registry.npmjs.org/supports-hyperlinks 42ms (cache miss)
818 silly packumentCache full:https://registry.npmjs.org/supports-hyperlinks set size:undefined disposed:false
819 silly fetch manifest fast-deep-equal@^3.1.1
820 silly packumentCache full:https://registry.npmjs.org/fast-deep-equal cache-hit
821 silly fetch manifest json-schema-traverse@^1.0.0
822 silly packumentCache full:https://registry.npmjs.org/json-schema-traverse cache-miss
823 http fetch GET 200 https://registry.npmjs.org/uri-js 30ms (cache revalidated)
824 silly packumentCache full:https://registry.npmjs.org/uri-js set size:42559 disposed:false
825 silly fetch manifest wonka@^6.3.2
826 silly packumentCache full:https://registry.npmjs.org/wonka cache-miss
827 http fetch GET 200 https://registry.npmjs.org/@expo%2fbunyan 743ms (cache miss)
828 silly packumentCache full:https://registry.npmjs.org/@expo%2fbunyan set size:undefined disposed:false
829 silly fetch manifest @0no-co/graphql.web@^1.0.1
830 silly packumentCache full:https://registry.npmjs.org/@0no-co%2fgraphql.web cache-miss
831 http fetch GET 200 https://registry.npmjs.org/json-schema-traverse 22ms (cache revalidated)
832 silly packumentCache full:https://registry.npmjs.org/json-schema-traverse set size:23537 disposed:false
833 silly fetch manifest wonka@^6.3.2
834 silly packumentCache full:https://registry.npmjs.org/wonka cache-miss
835 http fetch GET 200 https://registry.npmjs.org/wonka 36ms (cache miss)
836 silly packumentCache full:https://registry.npmjs.org/wonka set size:undefined disposed:false
837 silly fetch manifest open@^8.0.4
838 silly packumentCache full:https://registry.npmjs.org/open cache-miss
839 http fetch GET 200 https://registry.npmjs.org/wonka 34ms (cache miss)
840 silly packumentCache full:https://registry.npmjs.org/wonka set size:undefined disposed:false
841 silly fetch manifest big-integer@1.6.x
842 silly packumentCache full:https://registry.npmjs.org/big-integer cache-miss
843 http fetch GET 200 https://registry.npmjs.org/open 33ms (cache miss)
844 silly packumentCache full:https://registry.npmjs.org/open set size:undefined disposed:false
845 silly fetch manifest ansi-styles@^4.1.0
846 silly packumentCache full:https://registry.npmjs.org/ansi-styles cache-hit
847 silly fetch manifest supports-color@^7.1.0
848 silly packumentCache full:https://registry.npmjs.org/supports-color cache-hit
849 silly fetch manifest merge2@^1.3.0
850 silly packumentCache full:https://registry.npmjs.org/merge2 cache-miss
851 http fetch GET 200 https://registry.npmjs.org/big-integer 30ms (cache miss)
852 silly packumentCache full:https://registry.npmjs.org/big-integer set size:undefined disposed:false
853 silly fetch manifest micromatch@^4.0.4
854 silly packumentCache full:https://registry.npmjs.org/micromatch cache-miss
855 http fetch GET 200 https://registry.npmjs.org/merge2 30ms (cache revalidated)
856 silly packumentCache full:https://registry.npmjs.org/merge2 set size:46159 disposed:false
857 silly fetch manifest glob-parent@^5.1.2
858 silly packumentCache full:https://registry.npmjs.org/glob-parent cache-miss
859 http fetch GET 200 https://registry.npmjs.org/micromatch 25ms (cache revalidated)
860 silly packumentCache full:https://registry.npmjs.org/micromatch set size:240630 disposed:false
861 silly fetch manifest @nodelib/fs.stat@^2.0.2
862 silly packumentCache full:https://registry.npmjs.org/@nodelib%2ffs.stat cache-miss
863 http fetch GET 200 https://registry.npmjs.org/@oclif%2fscreen 321ms (cache miss)
864 silly packumentCache full:https://registry.npmjs.org/@oclif%2fscreen set size:undefined disposed:false
865 silly fetch manifest @nodelib/fs.walk@^1.2.3
866 silly packumentCache full:https://registry.npmjs.org/@nodelib%2ffs.walk cache-miss
867 http fetch GET 200 https://registry.npmjs.org/glob-parent 25ms (cache revalidated)
868 silly packumentCache full:https://registry.npmjs.org/glob-parent set size:42445 disposed:false
869 silly fetch manifest escape-string-regexp@^1.0.5
870 silly packumentCache full:https://registry.npmjs.org/escape-string-regexp cache-miss
871 http fetch GET 200 https://registry.npmjs.org/object-treeify 329ms (cache miss)
872 silly packumentCache full:https://registry.npmjs.org/object-treeify set size:undefined disposed:false
873 silly fetch manifest asynckit@^0.4.0
874 silly packumentCache full:https://registry.npmjs.org/asynckit cache-miss
875 http fetch GET 200 https://registry.npmjs.org/escape-string-regexp 31ms (cache revalidated)
876 silly packumentCache full:https://registry.npmjs.org/escape-string-regexp set size:22244 disposed:false
877 silly fetch manifest combined-stream@^1.0.8
878 silly packumentCache full:https://registry.npmjs.org/combined-stream cache-miss
879 http fetch GET 200 https://registry.npmjs.org/asynckit 26ms (cache revalidated)
880 silly packumentCache full:https://registry.npmjs.org/asynckit set size:18932 disposed:false
881 silly fetch manifest es-set-tostringtag@^2.1.0
882 silly packumentCache full:https://registry.npmjs.org/es-set-tostringtag cache-miss
883 http fetch GET 200 https://registry.npmjs.org/@nodelib%2ffs.walk 64ms (cache revalidated)
884 silly packumentCache full:https://registry.npmjs.org/@nodelib%2ffs.walk set size:41589 disposed:false
885 silly fetch manifest hasown@^2.0.2
886 silly packumentCache full:https://registry.npmjs.org/hasown cache-miss
887 http fetch GET 200 https://registry.npmjs.org/es-set-tostringtag 24ms (cache revalidated)
888 silly packumentCache full:https://registry.npmjs.org/es-set-tostringtag set size:22094 disposed:false
889 silly fetch manifest mime-types@^2.1.12
890 silly packumentCache full:https://registry.npmjs.org/mime-types cache-miss
891 http fetch GET 200 https://registry.npmjs.org/combined-stream 30ms (cache revalidated)
892 silly packumentCache full:https://registry.npmjs.org/combined-stream set size:40337 disposed:false
893 silly fetch manifest jsonfile@^6.0.1
894 silly packumentCache full:https://registry.npmjs.org/jsonfile cache-miss
895 http fetch GET 200 https://registry.npmjs.org/mime-types 25ms (cache revalidated)
896 silly packumentCache full:https://registry.npmjs.org/mime-types set size:139110 disposed:false
897 silly fetch manifest graceful-fs@^4.2.0
898 silly packumentCache full:https://registry.npmjs.org/graceful-fs cache-miss
899 http fetch GET 200 https://registry.npmjs.org/hasown 32ms (cache revalidated)
900 silly packumentCache full:https://registry.npmjs.org/hasown set size:12476 disposed:false
901 silly fetch manifest universalify@^2.0.0
902 silly packumentCache full:https://registry.npmjs.org/universalify cache-miss
903 http fetch GET 200 https://registry.npmjs.org/jsonfile 38ms (cache revalidated)
904 silly packumentCache full:https://registry.npmjs.org/jsonfile set size:51505 disposed:false
905 silly fetch manifest lodash.merge@^4.6.2
906 silly packumentCache full:https://registry.npmjs.org/lodash.merge cache-miss
907 http fetch GET 200 https://registry.npmjs.org/graceful-fs 25ms (cache revalidated)
908 silly packumentCache full:https://registry.npmjs.org/graceful-fs set size:124285 disposed:false
909 silly fetch manifest tslib@^2.1.0
910 silly packumentCache full:https://registry.npmjs.org/tslib cache-hit
911 silly fetch manifest debug@4
912 silly packumentCache full:https://registry.npmjs.org/debug cache-hit
913 silly fetch manifest agent-base@6
914 silly packumentCache full:https://registry.npmjs.org/agent-base cache-miss
915 http fetch GET 200 https://registry.npmjs.org/universalify 26ms (cache revalidated)
916 silly packumentCache full:https://registry.npmjs.org/universalify set size:19431 disposed:false
917 silly fetch manifest loose-envify@^1.0.0
918 silly packumentCache full:https://registry.npmjs.org/loose-envify cache-miss
919 http fetch GET 200 https://registry.npmjs.org/lodash.merge 32ms (cache revalidated)
920 silly packumentCache full:https://registry.npmjs.org/lodash.merge set size:78575 disposed:false
921 silly fetch manifest node-rsa@^1.1.1
922 silly packumentCache full:https://registry.npmjs.org/node-rsa cache-miss
923 http fetch GET 200 https://registry.npmjs.org/agent-base 27ms (cache revalidated)
924 silly packumentCache full:https://registry.npmjs.org/agent-base set size:67460 disposed:false
925 silly fetch manifest node-forge@^1.3.1
926 silly packumentCache full:https://registry.npmjs.org/node-forge cache-hit
927 silly fetch manifest node-int64@^0.4.0
928 silly packumentCache full:https://registry.npmjs.org/node-int64 cache-miss
929 http fetch GET 200 https://registry.npmjs.org/loose-envify 30ms (cache revalidated)
930 silly packumentCache full:https://registry.npmjs.org/loose-envify set size:12559 disposed:false
931 silly fetch manifest @hapi/hoek@^9.0.0
932 silly packumentCache full:https://registry.npmjs.org/@hapi%2fhoek cache-miss
933 http fetch GET 200 https://registry.npmjs.org/lodash.get 869ms (cache miss)
934 silly packumentCache full:https://registry.npmjs.org/lodash.get set size:undefined disposed:false
935 silly fetch manifest @hapi/topo@^5.0.0
936 silly packumentCache full:https://registry.npmjs.org/@hapi%2ftopo cache-miss
937 http fetch GET 200 https://registry.npmjs.org/node-int64 21ms (cache miss)
938 silly packumentCache full:https://registry.npmjs.org/node-int64 set size:undefined disposed:false
939 silly fetch manifest @sideway/address@^4.1.3
940 silly packumentCache full:https://registry.npmjs.org/@sideway%2faddress cache-miss
941 http fetch GET 200 https://registry.npmjs.org/@hapi%2fhoek 43ms (cache miss)
942 silly packumentCache full:https://registry.npmjs.org/@hapi%2fhoek set size:undefined disposed:false
943 silly fetch manifest @sideway/formula@^3.0.1
944 silly packumentCache full:https://registry.npmjs.org/@sideway%2fformula cache-miss
945 http fetch GET 200 https://registry.npmjs.org/@hapi%2ftopo 39ms (cache miss)
946 silly packumentCache full:https://registry.npmjs.org/@hapi%2ftopo set size:undefined disposed:false
947 silly fetch manifest @sideway/pinpoint@^2.0.0
948 silly packumentCache full:https://registry.npmjs.org/@sideway%2fpinpoint cache-miss
949 http fetch GET 200 https://registry.npmjs.org/@sideway%2faddress 31ms (cache miss)
950 silly packumentCache full:https://registry.npmjs.org/@sideway%2faddress set size:undefined disposed:false
951 silly fetch manifest is-unicode-supported@^0.1.0
952 silly packumentCache full:https://registry.npmjs.org/is-unicode-supported cache-miss
953 http fetch GET 200 https://registry.npmjs.org/is-unicode-supported 25ms (cache miss)
954 silly packumentCache full:https://registry.npmjs.org/is-unicode-supported set size:undefined disposed:false
955 silly fetch manifest brace-expansion@^2.0.1
956 silly packumentCache full:https://registry.npmjs.org/brace-expansion cache-miss
957 http fetch GET 200 https://registry.npmjs.org/@sideway%2fpinpoint 33ms (cache miss)
958 silly packumentCache full:https://registry.npmjs.org/@sideway%2fpinpoint set size:undefined disposed:false
959 silly fetch manifest rimraf@^5.0.5
960 silly packumentCache full:https://registry.npmjs.org/rimraf cache-miss
961 http fetch GET 200 https://registry.npmjs.org/@sideway%2fformula 36ms (cache miss)
962 silly packumentCache full:https://registry.npmjs.org/@sideway%2fformula set size:undefined disposed:false
963 silly fetch manifest minipass@^7.0.4
964 silly packumentCache full:https://registry.npmjs.org/minipass cache-miss
965 http fetch GET 200 https://registry.npmjs.org/brace-expansion 30ms (cache updated)
966 silly packumentCache full:https://registry.npmjs.org/brace-expansion set size:undefined disposed:false
967 silly fetch manifest whatwg-url@^5.0.0
968 silly packumentCache full:https://registry.npmjs.org/whatwg-url cache-miss
969 http fetch GET 200 https://registry.npmjs.org/minipass 55ms (cache revalidated)
970 silly packumentCache full:https://registry.npmjs.org/minipass set size:276925 disposed:false
971 silly fetch manifest wcwidth@^1.0.1
972 silly packumentCache full:https://registry.npmjs.org/wcwidth cache-miss
973 http fetch GET 200 https://registry.npmjs.org/rimraf 60ms (cache miss)
974 silly packumentCache full:https://registry.npmjs.org/rimraf set size:undefined disposed:false
975 silly fetch manifest cli-cursor@^3.1.0
976 silly packumentCache full:https://registry.npmjs.org/cli-cursor cache-miss
977 http fetch GET 200 https://registry.npmjs.org/whatwg-url 42ms (cache revalidated)
978 silly packumentCache full:https://registry.npmjs.org/whatwg-url set size:170765 disposed:false
979 silly fetch manifest strip-ansi@^6.0.0
980 silly packumentCache full:https://registry.npmjs.org/strip-ansi cache-hit
981 silly fetch manifest mute-stream@0.0.8
982 silly packumentCache full:https://registry.npmjs.org/mute-stream cache-miss
983 http fetch GET 200 https://registry.npmjs.org/@types%2fbunyan 1708ms (cache miss)
984 silly packumentCache full:https://registry.npmjs.org/@types%2fbunyan set size:undefined disposed:false
985 silly fetch manifest cli-spinners@^2.4.0
986 silly packumentCache full:https://registry.npmjs.org/cli-spinners cache-miss
987 http fetch GET 200 https://registry.npmjs.org/cli-cursor 36ms (cache miss)
988 silly packumentCache full:https://registry.npmjs.org/cli-cursor set size:undefined disposed:false
989 silly fetch manifest is-interactive@^1.0.0
990 silly packumentCache full:https://registry.npmjs.org/is-interactive cache-miss
991 http fetch GET 200 https://registry.npmjs.org/wcwidth 39ms (cache miss)
992 silly packumentCache full:https://registry.npmjs.org/wcwidth set size:undefined disposed:false
993 silly fetch manifest find-up@^4.0.0
994 silly packumentCache full:https://registry.npmjs.org/find-up cache-miss
995 http fetch GET 200 https://registry.npmjs.org/cli-spinners 41ms (cache miss)
996 silly packumentCache full:https://registry.npmjs.org/cli-spinners set size:undefined disposed:false
997 silly fetch manifest err-code@^2.0.2
998 silly packumentCache full:https://registry.npmjs.org/err-code cache-miss
999 http fetch GET 200 https://registry.npmjs.org/mute-stream 44ms (cache miss)
1000 silly packumentCache full:https://registry.npmjs.org/mute-stream set size:undefined disposed:false
1001 silly fetch manifest retry@^0.12.0
1002 silly packumentCache full:https://registry.npmjs.org/retry cache-miss
1003 http fetch GET 200 https://registry.npmjs.org/find-up 32ms (cache revalidated)
1004 silly packumentCache full:https://registry.npmjs.org/find-up set size:42620 disposed:false
1005 silly fetch manifest kleur@^3.0.3
1006 silly packumentCache full:https://registry.npmjs.org/kleur cache-miss
1007 http fetch GET 200 https://registry.npmjs.org/is-interactive 35ms (cache miss)
1008 silly packumentCache full:https://registry.npmjs.org/is-interactive set size:undefined disposed:false
1009 silly fetch manifest sisteransi@^1.0.5
1010 silly packumentCache full:https://registry.npmjs.org/sisteransi cache-miss
1011 http fetch GET 200 https://registry.npmjs.org/retry 30ms (cache revalidated)
1012 silly packumentCache full:https://registry.npmjs.org/retry set size:31161 disposed:false
1013 silly fetch manifest lru-cache@^6.0.0
1014 silly packumentCache full:https://registry.npmjs.org/lru-cache cache-miss
1015 http fetch GET 200 https://registry.npmjs.org/err-code 32ms (cache miss)
1016 silly packumentCache full:https://registry.npmjs.org/err-code set size:undefined disposed:false
1017 silly fetch manifest chownr@^3.0.0
1018 silly packumentCache full:https://registry.npmjs.org/chownr cache-miss
1019 http fetch GET 200 https://registry.npmjs.org/kleur 57ms (cache miss)
1020 silly packumentCache full:https://registry.npmjs.org/kleur set size:undefined disposed:false
1021 silly fetch manifest yallist@^5.0.0
1022 silly packumentCache full:https://registry.npmjs.org/yallist cache-miss
1023 http fetch GET 200 https://registry.npmjs.org/sisteransi 60ms (cache miss)
1024 silly packumentCache full:https://registry.npmjs.org/sisteransi set size:undefined disposed:false
1025 silly fetch manifest minipass@^7.1.2
1026 silly packumentCache full:https://registry.npmjs.org/minipass cache-hit
1027 silly fetch manifest minizlib@^3.1.0
1028 silly packumentCache full:https://registry.npmjs.org/minizlib cache-hit
1029 silly fetch manifest @isaacs/fs-minipass@^4.0.0
1030 silly packumentCache full:https://registry.npmjs.org/@isaacs%2ffs-minipass cache-miss
1031 http fetch GET 200 https://registry.npmjs.org/lru-cache 52ms (cache revalidated)
1032 silly packumentCache full:https://registry.npmjs.org/lru-cache set size:413591 disposed:false
1033 silly fetch manifest b4a@^1.6.4
1034 silly packumentCache full:https://registry.npmjs.org/b4a cache-miss
1035 http fetch GET 200 https://registry.npmjs.org/chownr 55ms (cache revalidated)
1036 silly packumentCache full:https://registry.npmjs.org/chownr set size:22157 disposed:false
1037 silly fetch manifest streamx@^2.15.0
1038 silly packumentCache full:https://registry.npmjs.org/streamx cache-miss
1039 http fetch GET 200 https://registry.npmjs.org/yallist 27ms (cache revalidated)
1040 silly packumentCache full:https://registry.npmjs.org/yallist set size:34610 disposed:false
1041 silly fetch manifest fast-fifo@^1.2.0
1042 silly packumentCache full:https://registry.npmjs.org/fast-fifo cache-miss
1043 http fetch GET 200 https://registry.npmjs.org/node-rsa 329ms (cache miss)
1044 silly packumentCache full:https://registry.npmjs.org/node-rsa set size:undefined disposed:false
1045 silly fetch manifest ansi-escapes@^4.2.1
1046 silly packumentCache full:https://registry.npmjs.org/ansi-escapes cache-miss
1047 http cache https://registry.npmjs.org/ansi-escapes 1ms (cache hit)
1048 silly packumentCache full:https://registry.npmjs.org/ansi-escapes set size:70915 disposed:false
1049 silly fetch manifest supports-hyperlinks@^2.0.0
1050 silly packumentCache full:https://registry.npmjs.org/supports-hyperlinks cache-miss
1051 http cache https://registry.npmjs.org/supports-hyperlinks 1ms (cache hit)
1052 silly packumentCache full:https://registry.npmjs.org/supports-hyperlinks set size:36220 disposed:false
1053 silly fetch manifest domino@^2.1.6
1054 silly packumentCache full:https://registry.npmjs.org/domino cache-miss
1055 http fetch GET 200 https://registry.npmjs.org/@isaacs%2ffs-minipass 82ms (cache revalidated)
1056 silly packumentCache full:https://registry.npmjs.org/@isaacs%2ffs-minipass set size:7912 disposed:false
1057 silly fetch manifest ansi-styles@^4.0.0
1058 silly packumentCache full:https://registry.npmjs.org/ansi-styles cache-hit
1059 silly fetch manifest string-width@^4.1.0
1060 silly packumentCache full:https://registry.npmjs.org/string-width cache-hit
1061 http fetch GET 200 https://registry.npmjs.org/b4a 82ms (cache miss)
1062 silly packumentCache full:https://registry.npmjs.org/b4a set size:undefined disposed:false
1063 http fetch GET 200 https://registry.npmjs.org/fast-fifo 65ms (cache miss)
1064 silly packumentCache full:https://registry.npmjs.org/fast-fifo set size:undefined disposed:false
1065 http fetch GET 200 https://registry.npmjs.org/streamx 355ms (cache miss)
1066 silly packumentCache full:https://registry.npmjs.org/streamx set size:undefined disposed:false
1067 http fetch GET 200 https://registry.npmjs.org/domino 330ms (cache miss)
1068 silly packumentCache full:https://registry.npmjs.org/domino set size:undefined disposed:false
1069 http fetch GET 200 https://registry.npmjs.org/@nodelib%2ffs.stat 865ms (cache revalidated)
1070 silly packumentCache full:https://registry.npmjs.org/@nodelib%2ffs.stat set size:36993 disposed:false
1071 http fetch GET 200 https://registry.npmjs.org/@0no-co%2fgraphql.web 1375ms (cache miss)
1072 silly packumentCache full:https://registry.npmjs.org/@0no-co%2fgraphql.web set size:undefined disposed:false
1073 silly placeDep ROOT @babel/code-frame@7.10.4 OK for: @expo/config@10.0.6 want: ~7.10.4
1074 silly placeDep ROOT @expo/config-types@52.0.5 OK for: @expo/config@10.0.6 want: ^52.0.0
1075 silly placeDep node_modules/@expo/config @expo/json-file@9.1.5 OK for: @expo/config@10.0.6 want: ^9.0.0
1076 silly placeDep ROOT deepmerge@4.3.1 OK for: @expo/config@10.0.6 want: ^4.3.1
1077 silly placeDep ROOT glob@10.5.0 OK for: @expo/config@10.0.6 want: ^10.4.2
1078 silly placeDep ROOT require-from-string@2.0.2 OK for: @expo/config@10.0.6 want: ^2.0.2
1079 silly placeDep ROOT resolve-workspace-root@2.0.1 OK for: @expo/config@10.0.6 want: ^2.0.0
1080 silly placeDep node_modules/@expo/config semver@7.7.4 OK for: @expo/config@10.0.6 want: ^7.6.0
1081 silly placeDep ROOT slugify@1.6.6 OK for: @expo/config@10.0.6 want: ^1.3.4
1082 silly placeDep ROOT sucrase@3.35.0 OK for: @expo/config@10.0.6 want: 3.35.0
1083 silly fetch manifest @babel/highlight@^7.10.4
1084 silly packumentCache full:https://registry.npmjs.org/@babel%2fhighlight cache-miss
1085 silly fetch manifest json5@^2.2.3
1086 silly packumentCache full:https://registry.npmjs.org/json5 cache-hit
1087 silly fetch manifest jackspeak@^3.1.2
1088 silly packumentCache full:https://registry.npmjs.org/jackspeak cache-miss
1089 silly fetch manifest minimatch@^9.0.4
1090 silly packumentCache full:https://registry.npmjs.org/minimatch cache-miss
1091 silly fetch manifest path-scurry@^1.11.1
1092 silly packumentCache full:https://registry.npmjs.org/path-scurry cache-miss
1093 silly fetch manifest foreground-child@^3.1.0
1094 silly packumentCache full:https://registry.npmjs.org/foreground-child cache-miss
1095 silly fetch manifest package-json-from-dist@^1.0.0
1096 silly packumentCache full:https://registry.npmjs.org/package-json-from-dist cache-miss
1097 silly fetch manifest mz@^2.7.0
1098 silly packumentCache full:https://registry.npmjs.org/mz cache-miss
1099 http cache https://registry.npmjs.org/minimatch 6ms (cache hit)
1100 silly packumentCache full:https://registry.npmjs.org/minimatch set size:349761 disposed:false
1101 silly fetch manifest pirates@^4.0.1
1102 silly packumentCache full:https://registry.npmjs.org/pirates cache-miss
1103 http fetch GET 200 https://registry.npmjs.org/path-scurry 27ms (cache revalidated)
1104 silly packumentCache full:https://registry.npmjs.org/path-scurry set size:117612 disposed:false
1105 silly fetch manifest commander@^4.0.0
1106 silly packumentCache full:https://registry.npmjs.org/commander cache-miss
1107 http fetch GET 200 https://registry.npmjs.org/foreground-child 33ms (cache miss)
1108 silly packumentCache full:https://registry.npmjs.org/foreground-child set size:undefined disposed:false
1109 silly fetch manifest lines-and-columns@^1.1.6
1110 silly packumentCache full:https://registry.npmjs.org/lines-and-columns cache-miss
1111 http fetch GET 200 https://registry.npmjs.org/package-json-from-dist 35ms (cache miss)
1112 silly packumentCache full:https://registry.npmjs.org/package-json-from-dist set size:undefined disposed:false
1113 silly fetch manifest ts-interface-checker@^0.1.9
1114 silly packumentCache full:https://registry.npmjs.org/ts-interface-checker cache-miss
1115 http fetch GET 200 https://registry.npmjs.org/jackspeak 37ms (cache miss)
1116 silly packumentCache full:https://registry.npmjs.org/jackspeak set size:undefined disposed:false
1117 silly fetch manifest @jridgewell/gen-mapping@^0.3.2
1118 silly packumentCache full:https://registry.npmjs.org/@jridgewell%2fgen-mapping cache-miss
1119 http fetch GET 200 https://registry.npmjs.org/mz 39ms (cache miss)
1120 silly packumentCache full:https://registry.npmjs.org/mz set size:undefined disposed:false
1121 http fetch GET 200 https://registry.npmjs.org/pirates 33ms (cache miss)
1122 silly packumentCache full:https://registry.npmjs.org/pirates set size:undefined disposed:false
1123 http fetch GET 200 https://registry.npmjs.org/@babel%2fhighlight 59ms (cache miss)
1124 silly packumentCache full:https://registry.npmjs.org/@babel%2fhighlight set size:undefined disposed:false
1125 http fetch GET 200 https://registry.npmjs.org/lines-and-columns 35ms (cache miss)
1126 silly packumentCache full:https://registry.npmjs.org/lines-and-columns set size:undefined disposed:false
1127 http fetch GET 200 https://registry.npmjs.org/commander 48ms (cache miss)
1128 silly packumentCache full:https://registry.npmjs.org/commander set size:undefined disposed:false
1129 http fetch GET 200 https://registry.npmjs.org/@jridgewell%2fgen-mapping 42ms (cache revalidated)
1130 silly packumentCache full:https://registry.npmjs.org/@jridgewell%2fgen-mapping set size:80719 disposed:false
1131 http fetch GET 200 https://registry.npmjs.org/ts-interface-checker 47ms (cache miss)
1132 silly packumentCache full:https://registry.npmjs.org/ts-interface-checker set size:undefined disposed:false
1133 silly placeDep ROOT @babel/highlight@7.25.9 OK for: @babel/code-frame@7.10.4 want: ^7.10.4
1134 silly fetch manifest @babel/helper-validator-identifier@^7.25.9
1135 silly packumentCache full:https://registry.npmjs.org/@babel%2fhelper-validator-identifier cache-miss
1136 silly fetch manifest chalk@^2.4.2
1137 silly packumentCache full:https://registry.npmjs.org/chalk cache-hit
1138 silly fetch manifest js-tokens@^4.0.0
1139 silly packumentCache full:https://registry.npmjs.org/js-tokens cache-miss
1140 silly fetch manifest picocolors@^1.0.0
1141 silly packumentCache full:https://registry.npmjs.org/picocolors cache-miss
1142 http fetch GET 200 https://registry.npmjs.org/@babel%2fhelper-validator-identifier 36ms (cache revalidated)
1143 silly packumentCache full:https://registry.npmjs.org/@babel%2fhelper-validator-identifier set size:114475 disposed:false
1144 http fetch GET 200 https://registry.npmjs.org/picocolors 37ms (cache revalidated)
1145 silly packumentCache full:https://registry.npmjs.org/picocolors set size:16648 disposed:false
1146 http fetch GET 200 https://registry.npmjs.org/js-tokens 47ms (cache revalidated)
1147 silly packumentCache full:https://registry.npmjs.org/js-tokens set size:41947 disposed:false
1148 silly placeDep ROOT @babel/helper-validator-identifier@7.28.5 OK for: @babel/highlight@7.25.9 want: ^7.25.9
1149 silly placeDep node_modules/@babel/highlight chalk@2.4.2 OK for: @babel/highlight@7.25.9 want: ^2.4.2
1150 silly placeDep ROOT js-tokens@4.0.0 OK for: @babel/highlight@7.25.9 want: ^4.0.0
1151 silly placeDep ROOT picocolors@1.1.1 OK for: @babel/highlight@7.25.9 want: ^1.0.0
1152 silly fetch manifest ansi-styles@^3.2.1
1153 silly packumentCache full:https://registry.npmjs.org/ansi-styles cache-hit
1154 silly fetch manifest supports-color@^5.3.0
1155 silly packumentCache full:https://registry.npmjs.org/supports-color cache-hit
1156 silly placeDep node_modules/@expo/config-plugins @expo/json-file@9.0.2 OK for: @expo/config-plugins@9.0.12 want: ~9.0.0
1157 silly placeDep ROOT @expo/sdk-runtime-versions@1.0.0 OK for: @expo/config-plugins@9.0.12 want: ^1.0.0
1158 silly placeDep ROOT debug@4.4.3 OK for: @expo/config-plugins@9.0.12 want: ^4.3.5
1159 silly placeDep ROOT xcode@3.0.1 OK for: @expo/config-plugins@9.0.12 want: ^3.0.1
1160 silly placeDep ROOT xml2js@0.6.0 OK for: @expo/config-plugins@9.0.12 want: 0.6.0
1161 silly fetch manifest ms@^2.1.3
1162 silly packumentCache full:https://registry.npmjs.org/ms cache-miss
1163 silly fetch manifest uuid@^7.0.3
1164 silly packumentCache full:https://registry.npmjs.org/uuid cache-hit
1165 silly fetch manifest simple-plist@^1.1.0
1166 silly packumentCache full:https://registry.npmjs.org/simple-plist cache-miss
1167 silly fetch manifest sax@>=0.6.0
1168 silly packumentCache full:https://registry.npmjs.org/sax cache-miss
1169 silly fetch manifest xmlbuilder@~11.0.0
1170 silly packumentCache full:https://registry.npmjs.org/xmlbuilder cache-miss
1171 http cache https://registry.npmjs.org/xmlbuilder 28ms (cache hit)
1172 silly packumentCache full:https://registry.npmjs.org/xmlbuilder set size:158707 disposed:false
1173 http fetch GET 200 https://registry.npmjs.org/sax 51ms (cache miss)
1174 silly packumentCache full:https://registry.npmjs.org/sax set size:undefined disposed:false
1175 http fetch GET 200 https://registry.npmjs.org/ms 52ms (cache revalidated)
1176 silly packumentCache full:https://registry.npmjs.org/ms set size:92208 disposed:false
1177 http fetch GET 200 https://registry.npmjs.org/simple-plist 58ms (cache miss)
1178 silly packumentCache full:https://registry.npmjs.org/simple-plist set size:undefined disposed:false
1179 silly placeDep node_modules/@expo/eas-build-job joi@17.13.3 OK for: @expo/eas-build-job@18.0.2 want: ^17.13.1
1180 silly placeDep node_modules/@expo/eas-build-job semver@7.7.4 OK for: @expo/eas-build-job@18.0.2 want: ^7.6.2
1181 silly fetch manifest @hapi/hoek@^9.3.0
1182 silly packumentCache full:https://registry.npmjs.org/@hapi%2fhoek cache-miss
1183 silly fetch manifest @hapi/topo@^5.1.0
1184 silly packumentCache full:https://registry.npmjs.org/@hapi%2ftopo cache-miss
1185 silly fetch manifest @sideway/address@^4.1.5
1186 silly packumentCache full:https://registry.npmjs.org/@sideway%2faddress cache-miss
1187 http cache https://registry.npmjs.org/@hapi%2ftopo 2ms (cache hit)
1188 silly packumentCache full:https://registry.npmjs.org/@hapi%2ftopo set size:36881 disposed:false
1189 http cache https://registry.npmjs.org/@sideway%2faddress 3ms (cache hit)
1190 silly packumentCache full:https://registry.npmjs.org/@sideway%2faddress set size:18241 disposed:false
1191 http cache https://registry.npmjs.org/@hapi%2fhoek 3ms (cache hit)
1192 silly packumentCache full:https://registry.npmjs.org/@hapi%2fhoek set size:121527 disposed:false
1193 silly placeDep node_modules/@expo/eas-json @babel/code-frame@7.23.5 OK for: @expo/eas-json@18.0.2 want: 7.23.5
1194 silly placeDep ROOT env-string@1.0.1 OK for: @expo/eas-json@18.0.2 want: 1.0.1
1195 silly placeDep ROOT golden-fleece@1.0.9 OK for: @expo/eas-json@18.0.2 want: 1.0.9
1196 silly placeDep node_modules/@expo/eas-json semver@7.5.2 OK for: @expo/eas-json@18.0.2 want: 7.5.2
1197 silly placeDep node_modules/@expo/eas-json tslib@2.4.1 OK for: @expo/eas-json@18.0.2 want: 2.4.1
1198 silly placeDep node_modules/@expo/env dotenv@16.4.7 OK for: @expo/env@1.0.7 want: ~16.4.5
1199 silly placeDep ROOT dotenv-expand@11.0.7 OK for: @expo/env@1.0.7 want: ~11.0.6
1200 silly placeDep node_modules/@expo/env getenv@2.0.0 OK for: @expo/env@1.0.7 want: ^2.0.0
1201 silly fetch manifest dotenv@^16.4.5
1202 silly packumentCache full:https://registry.npmjs.org/dotenv cache-hit
1203 silly placeDep ROOT json5@2.2.3 OK for: @expo/json-file@8.3.3 want: ^2.2.2
1204 silly placeDep ROOT write-file-atomic@2.4.3 OK for: @expo/json-file@8.3.3 want: ^2.3.0
1205 silly fetch manifest graceful-fs@^4.1.11
1206 silly packumentCache full:https://registry.npmjs.org/graceful-fs cache-hit
1207 silly fetch manifest imurmurhash@^0.1.4
1208 silly packumentCache full:https://registry.npmjs.org/imurmurhash cache-miss
1209 silly fetch manifest signal-exit@^3.0.2
1210 silly packumentCache full:https://registry.npmjs.org/signal-exit cache-miss
1211 http fetch GET 200 https://registry.npmjs.org/imurmurhash 30ms (cache revalidated)
1212 silly packumentCache full:https://registry.npmjs.org/imurmurhash set size:35819 disposed:false
1213 http fetch GET 200 https://registry.npmjs.org/signal-exit 35ms (cache revalidated)
1214 silly packumentCache full:https://registry.npmjs.org/signal-exit set size:53489 disposed:false
1215 silly placeDep ROOT @types/bunyan@1.8.11 OK for: @expo/logger@18.0.1 want: ^1.8.11
1216 silly placeDep ROOT bunyan@1.8.15 OK for: @expo/logger@18.0.1 want: ^1.8.15
1217 silly fetch manifest @types/node@*
1218 silly packumentCache full:https://registry.npmjs.org/@types%2fnode cache-miss
1219 silly fetch manifest mv@~2
1220 silly packumentCache full:https://registry.npmjs.org/mv cache-miss
1221 silly fetch manifest moment@^2.19.3
1222 silly packumentCache full:https://registry.npmjs.org/moment cache-miss
1223 silly fetch manifest dtrace-provider@~0.8
1224 silly packumentCache full:https://registry.npmjs.org/dtrace-provider cache-miss
1225 silly fetch manifest safe-json-stringify@~1
1226 silly packumentCache full:https://registry.npmjs.org/safe-json-stringify cache-miss
1227 http fetch GET 200 https://registry.npmjs.org/mv 23ms (cache miss)
1228 silly packumentCache full:https://registry.npmjs.org/mv set size:undefined disposed:false
1229 http fetch GET 200 https://registry.npmjs.org/safe-json-stringify 33ms (cache miss)
1230 silly packumentCache full:https://registry.npmjs.org/safe-json-stringify set size:undefined disposed:false
1231 http fetch GET 200 https://registry.npmjs.org/moment 36ms (cache miss)
1232 silly packumentCache full:https://registry.npmjs.org/moment set size:undefined disposed:false
1233 http fetch GET 200 https://registry.npmjs.org/dtrace-provider 348ms (cache miss)
1234 silly packumentCache full:https://registry.npmjs.org/dtrace-provider set size:undefined disposed:false
1235 http fetch GET 200 https://registry.npmjs.org/@types%2fnode 448ms (cache updated)
1236 silly packumentCache full:https://registry.npmjs.org/@types%2fnode set size:undefined disposed:false
1237 silly placeDep ROOT multipasta@0.2.7 OK for: @expo/multipart-body-parser@2.0.0 want: ^0.2.5
1238 silly placeDep ROOT exec-async@2.2.0 OK for: @expo/osascript@2.1.4 want: ^2.2.0
1239 silly placeDep node_modules/@expo/package-manager @expo/json-file@10.0.12 OK for: @expo/package-manager@1.9.10 want: ^10.0.8
1240 silly placeDep ROOT npm-package-arg@11.0.3 OK for: @expo/package-manager@1.9.10 want: ^11.0.0
1241 silly placeDep node_modules/@expo/package-manager ora@3.4.0 OK for: @expo/package-manager@1.9.10 want: ^3.4.0
1242 silly fetch manifest @babel/code-frame@^7.20.0
1243 silly packumentCache full:https://registry.npmjs.org/@babel%2fcode-frame cache-hit
1244 silly fetch manifest proc-log@^4.0.0
1245 silly packumentCache full:https://registry.npmjs.org/proc-log cache-miss
1246 silly fetch manifest hosted-git-info@^7.0.0
1247 silly packumentCache full:https://registry.npmjs.org/hosted-git-info cache-miss
1248 silly fetch manifest validate-npm-package-name@^5.0.0
1249 silly packumentCache full:https://registry.npmjs.org/validate-npm-package-name cache-miss
1250 silly fetch manifest cli-cursor@^2.1.0
1251 silly packumentCache full:https://registry.npmjs.org/cli-cursor cache-miss
1252 silly fetch manifest strip-ansi@^5.2.0
1253 silly packumentCache full:https://registry.npmjs.org/strip-ansi cache-hit
1254 silly fetch manifest log-symbols@^2.2.0
1255 silly packumentCache full:https://registry.npmjs.org/log-symbols cache-miss
1256 silly fetch manifest cli-spinners@^2.0.0
1257 silly packumentCache full:https://registry.npmjs.org/cli-spinners cache-miss
1258 http cache https://registry.npmjs.org/cli-spinners 7ms (cache hit)
1259 silly packumentCache full:https://registry.npmjs.org/cli-spinners set size:67473 disposed:false
1260 http cache https://registry.npmjs.org/cli-cursor 9ms (cache hit)
1261 silly packumentCache full:https://registry.npmjs.org/cli-cursor set size:18913 disposed:false
1262 http cache https://registry.npmjs.org/log-symbols 10ms (cache hit)
1263 silly packumentCache full:https://registry.npmjs.org/log-symbols set size:31977 disposed:false
1264 http fetch GET 200 https://registry.npmjs.org/hosted-git-info 34ms (cache miss)
1265 silly packumentCache full:https://registry.npmjs.org/hosted-git-info set size:undefined disposed:false
1266 http fetch GET 200 https://registry.npmjs.org/proc-log 40ms (cache revalidated)
1267 silly packumentCache full:https://registry.npmjs.org/proc-log set size:33588 disposed:false
1268 http fetch GET 200 https://registry.npmjs.org/validate-npm-package-name 40ms (cache miss)
1269 silly packumentCache full:https://registry.npmjs.org/validate-npm-package-name set size:undefined disposed:false
1270 silly placeDep ROOT @xmldom/xmldom@0.7.13 OK for: @expo/plist@0.2.0 want: ~0.7.7
1271 silly placeDep ROOT base64-js@1.5.1 OK for: @expo/plist@0.2.0 want: ^1.2.3
1272 silly placeDep ROOT xmlbuilder@14.0.0 OK for: @expo/plist@0.2.0 want: ^14.0.0
1273 silly placeDep node_modules/@expo/plugin-help @oclif/core@2.16.0 OK for: @expo/plugin-help@5.1.23 want: ^2.11.1
1274 silly fetch manifest ejs@^3.1.8
1275 silly packumentCache full:https://registry.npmjs.org/ejs cache-hit
1276 silly fetch manifest ts-node@^10.9.1
1277 silly packumentCache full:https://registry.npmjs.org/ts-node cache-miss
1278 silly fetch manifest wordwrap@^1.0.0
1279 silly packumentCache full:https://registry.npmjs.org/wordwrap cache-miss
1280 silly fetch manifest slice-ansi@^4.0.0
1281 silly packumentCache full:https://registry.npmjs.org/slice-ansi cache-miss
1282 silly fetch manifest @types/cli-progress@^3.11.0
1283 silly packumentCache full:https://registry.npmjs.org/@types%2fcli-progress cache-miss
1284 http fetch GET 200 https://registry.npmjs.org/wordwrap 34ms (cache miss)
1285 silly packumentCache full:https://registry.npmjs.org/wordwrap set size:undefined disposed:false
1286 http fetch GET 200 https://registry.npmjs.org/slice-ansi 52ms (cache miss)
1287 silly packumentCache full:https://registry.npmjs.org/slice-ansi set size:undefined disposed:false
1288 http fetch GET 200 https://registry.npmjs.org/ts-node 316ms (cache miss)
1289 silly packumentCache full:https://registry.npmjs.org/ts-node set size:undefined disposed:false
1290 http fetch GET 200 https://registry.npmjs.org/@types%2fcli-progress 336ms (cache miss)
1291 silly packumentCache full:https://registry.npmjs.org/@types%2fcli-progress set size:undefined disposed:false
1292 silly placeDep node_modules/@expo/plugin-warn-if-update-available @oclif/core@2.16.0 OK for: @expo/plugin-warn-if-update-available@2.5.1 want: ^2.11.1
1293 silly placeDep ROOT ejs@3.1.10 OK for: @expo/plugin-warn-if-update-available@2.5.1 want: ^3.1.7
1294 silly placeDep node_modules/@expo/plugin-warn-if-update-available fs-extra@10.1.0 OK for: @expo/plugin-warn-if-update-available@2.5.1 want: ^10.1.0
1295 silly placeDep ROOT http-call@5.3.0 OK for: @expo/plugin-warn-if-update-available@2.5.1 want: ^5.2.2
1296 silly fetch manifest jake@^10.8.5
1297 silly packumentCache full:https://registry.npmjs.org/jake cache-miss
1298 silly fetch manifest is-stream@^2.0.0
1299 silly packumentCache full:https://registry.npmjs.org/is-stream cache-miss
1300 silly fetch manifest parse-json@^4.0.0
1301 silly packumentCache full:https://registry.npmjs.org/parse-json cache-miss
1302 silly fetch manifest content-type@^1.0.4
1303 silly packumentCache full:https://registry.npmjs.org/content-type cache-miss
1304 silly fetch manifest tunnel-agent@^0.6.0
1305 silly packumentCache full:https://registry.npmjs.org/tunnel-agent cache-miss
1306 silly fetch manifest is-retry-allowed@^1.1.0
1307 silly packumentCache full:https://registry.npmjs.org/is-retry-allowed cache-miss
1308 http fetch GET 200 https://registry.npmjs.org/content-type 23ms (cache revalidated)
1309 silly packumentCache full:https://registry.npmjs.org/content-type set size:17311 disposed:false
1310 http fetch GET 200 https://registry.npmjs.org/tunnel-agent 32ms (cache miss)
1311 silly packumentCache full:https://registry.npmjs.org/tunnel-agent set size:undefined disposed:false
1312 http fetch GET 200 https://registry.npmjs.org/parse-json 32ms (cache miss)
1313 silly packumentCache full:https://registry.npmjs.org/parse-json set size:undefined disposed:false
1314 http fetch GET 200 https://registry.npmjs.org/jake 36ms (cache miss)
1315 silly packumentCache full:https://registry.npmjs.org/jake set size:undefined disposed:false
1316 http fetch GET 200 https://registry.npmjs.org/is-retry-allowed 68ms (cache miss)
1317 silly packumentCache full:https://registry.npmjs.org/is-retry-allowed set size:undefined disposed:false
1318 http fetch GET 200 https://registry.npmjs.org/is-stream 296ms (cache revalidated)
1319 silly packumentCache full:https://registry.npmjs.org/is-stream set size:18582 disposed:false
1320 silly placeDep ROOT @expo/image-utils@0.6.5 OK for: @expo/prebuild-config@8.0.17 want: ^0.6.0
1321 silly placeDep node_modules/@expo/prebuild-config @expo/json-file@9.1.5 OK for: @expo/prebuild-config@8.0.17 want: ^9.0.0
1322 silly placeDep ROOT @react-native/normalize-colors@0.76.2 OK for: @expo/prebuild-config@8.0.17 want: 0.76.2
1323 silly placeDep node_modules/@expo/prebuild-config fs-extra@9.1.0 OK for: @expo/prebuild-config@8.0.17 want: ^9.0.0
1324 silly placeDep node_modules/@expo/prebuild-config semver@7.7.4 OK for: @expo/prebuild-config@8.0.17 want: ^7.6.0
1325 silly fetch manifest fs-extra@9.0.0
1326 silly packumentCache full:https://registry.npmjs.org/fs-extra cache-hit
1327 silly fetch manifest temp-dir@~2.0.0
1328 silly packumentCache full:https://registry.npmjs.org/temp-dir cache-miss
1329 silly fetch manifest parse-png@^2.1.0
1330 silly packumentCache full:https://registry.npmjs.org/parse-png cache-miss
1331 silly fetch manifest jimp-compact@0.16.1
1332 silly packumentCache full:https://registry.npmjs.org/jimp-compact cache-miss
1333 silly fetch manifest unique-string@~2.0.0
1334 silly packumentCache full:https://registry.npmjs.org/unique-string cache-miss
1335 silly fetch manifest at-least-node@^1.0.0
1336 silly packumentCache full:https://registry.npmjs.org/at-least-node cache-miss
1337 http fetch GET 200 https://registry.npmjs.org/parse-png 30ms (cache miss)
1338 silly packumentCache full:https://registry.npmjs.org/parse-png set size:undefined disposed:false
1339 http fetch GET 200 https://registry.npmjs.org/unique-string 31ms (cache miss)
1340 silly packumentCache full:https://registry.npmjs.org/unique-string set size:undefined disposed:false
1341 http fetch GET 200 https://registry.npmjs.org/at-least-node 31ms (cache miss)
1342 silly packumentCache full:https://registry.npmjs.org/at-least-node set size:undefined disposed:false
1343 http fetch GET 200 https://registry.npmjs.org/jimp-compact 31ms (cache miss)
1344 silly packumentCache full:https://registry.npmjs.org/jimp-compact set size:undefined disposed:false
1345 http fetch GET 200 https://registry.npmjs.org/temp-dir 947ms (cache miss)
1346 silly packumentCache full:https://registry.npmjs.org/temp-dir set size:undefined disposed:false
1347 silly placeDep node_modules/@expo/image-utils fs-extra@9.0.0 OK for: @expo/image-utils@0.6.5 want: 9.0.0
1348 silly placeDep ROOT jimp-compact@0.16.1 OK for: @expo/image-utils@0.6.5 want: 0.16.1
1349 silly placeDep ROOT parse-png@2.1.0 OK for: @expo/image-utils@0.6.5 want: ^2.1.0
1350 silly placeDep node_modules/@expo/image-utils semver@7.7.4 OK for: @expo/image-utils@0.6.5 want: ^7.6.0
1351 silly placeDep ROOT temp-dir@2.0.0 OK for: @expo/image-utils@0.6.5 want: ~2.0.0
1352 silly placeDep ROOT unique-string@2.0.0 OK for: @expo/image-utils@0.6.5 want: ~2.0.0
1353 silly fetch manifest universalify@^1.0.0
1354 silly packumentCache full:https://registry.npmjs.org/universalify cache-hit
1355 silly fetch manifest pngjs@^3.3.0
1356 silly packumentCache full:https://registry.npmjs.org/pngjs cache-miss
1357 silly fetch manifest crypto-random-string@^2.0.0
1358 silly packumentCache full:https://registry.npmjs.org/crypto-random-string cache-miss
1359 http cache https://registry.npmjs.org/pngjs 2ms (cache hit)
1360 silly packumentCache full:https://registry.npmjs.org/pngjs set size:70154 disposed:false
1361 http fetch GET 200 https://registry.npmjs.org/crypto-random-string 34ms (cache miss)
1362 silly packumentCache full:https://registry.npmjs.org/crypto-random-string set size:undefined disposed:false
1363 silly placeDep ROOT @expo/bunyan@4.0.1 OK for: @expo/rudder-sdk-node@1.1.1 want: ^4.0.0
1364 silly placeDep ROOT @segment/loosely-validate-event@2.0.0 OK for: @expo/rudder-sdk-node@1.1.1 want: ^2.0.0
1365 silly placeDep ROOT fetch-retry@4.1.1 OK for: @expo/rudder-sdk-node@1.1.1 want: ^4.1.1
1366 silly placeDep ROOT md5@2.3.0 OK for: @expo/rudder-sdk-node@1.1.1 want: ^2.2.1
1367 silly placeDep ROOT remove-trailing-slash@0.1.1 OK for: @expo/rudder-sdk-node@1.1.1 want: ^0.1.0
1368 silly placeDep node_modules/@expo/rudder-sdk-node uuid@8.3.2 OK for: @expo/rudder-sdk-node@1.1.1 want: ^8.3.2
1369 silly fetch manifest uuid@^8.0.0
1370 silly packumentCache full:https://registry.npmjs.org/uuid cache-hit
1371 silly fetch manifest component-type@^1.2.1
1372 silly packumentCache full:https://registry.npmjs.org/component-type cache-miss
1373 silly fetch manifest join-component@^1.1.0
1374 silly packumentCache full:https://registry.npmjs.org/join-component cache-miss
1375 silly fetch manifest crypt@0.0.2
1376 silly packumentCache full:https://registry.npmjs.org/crypt cache-miss
1377 silly fetch manifest charenc@0.0.2
1378 silly packumentCache full:https://registry.npmjs.org/charenc cache-miss
1379 silly fetch manifest is-buffer@~1.1.6
1380 silly packumentCache full:https://registry.npmjs.org/is-buffer cache-miss
1381 http fetch GET 200 https://registry.npmjs.org/is-buffer 27ms (cache revalidated)
1382 silly packumentCache full:https://registry.npmjs.org/is-buffer set size:34803 disposed:false
1383 http fetch GET 200 https://registry.npmjs.org/join-component 28ms (cache miss)
1384 silly packumentCache full:https://registry.npmjs.org/join-component set size:undefined disposed:false
1385 http fetch GET 200 https://registry.npmjs.org/component-type 28ms (cache miss)
1386 silly packumentCache full:https://registry.npmjs.org/component-type set size:undefined disposed:false
1387 http fetch GET 200 https://registry.npmjs.org/charenc 28ms (cache miss)
1388 silly packumentCache full:https://registry.npmjs.org/charenc set size:undefined disposed:false
1389 http fetch GET 200 https://registry.npmjs.org/crypt 338ms (cache miss)
1390 silly packumentCache full:https://registry.npmjs.org/crypt set size:undefined disposed:false
1391 silly placeDep node_modules/@expo/bunyan uuid@8.3.2 OK for: @expo/bunyan@4.0.1 want: ^8.0.0
1392 silly placeDep ROOT cross-spawn@7.0.6 OK for: @expo/spawn-async@1.7.2 want: ^7.0.3
1393 silly fetch manifest which@^2.0.1
1394 silly packumentCache full:https://registry.npmjs.org/which cache-miss
1395 silly fetch manifest path-key@^3.1.0
1396 silly packumentCache full:https://registry.npmjs.org/path-key cache-miss
1397 silly fetch manifest shebang-command@^2.0.0
1398 silly packumentCache full:https://registry.npmjs.org/shebang-command cache-miss
1399 http fetch GET 200 https://registry.npmjs.org/shebang-command 26ms (cache revalidated)
1400 silly packumentCache full:https://registry.npmjs.org/shebang-command set size:8525 disposed:false
1401 http fetch GET 200 https://registry.npmjs.org/which 31ms (cache revalidated)
1402 silly packumentCache full:https://registry.npmjs.org/which set size:67805 disposed:false
1403 http fetch GET 200 https://registry.npmjs.org/path-key 33ms (cache revalidated)
1404 silly packumentCache full:https://registry.npmjs.org/path-key set size:16975 disposed:false
1405 silly placeDep ROOT arg@5.0.2 OK for: @expo/steps@18.0.2 want: ^5.0.2
1406 silly placeDep node_modules/@expo/steps joi@17.13.3 OK for: @expo/steps@18.0.2 want: ^17.13.1
1407 silly placeDep ROOT jsep@1.4.0 OK for: @expo/steps@18.0.2 want: ^1.3.8
1408 silly placeDep ROOT lodash.clonedeep@4.5.0 OK for: @expo/steps@18.0.2 want: ^4.5.0
1409 silly placeDep ROOT lodash.get@4.4.2 OK for: @expo/steps@18.0.2 want: ^4.4.2
1410 silly placeDep ROOT @oclif/linewrap@1.0.0 OK for: @oclif/core@1.26.2 want: ^1.0.0
1411 silly placeDep ROOT @oclif/screen@3.0.8 OK for: @oclif/core@1.26.2 want: ^3.0.4
1412 silly placeDep ROOT ansi-escapes@4.3.2 OK for: @oclif/core@1.26.2 want: ^4.3.2
1413 silly placeDep ROOT ansi-styles@4.3.0 OK for: @oclif/core@1.26.2 want: ^4.3.0
1414 silly placeDep ROOT cardinal@2.1.1 OK for: @oclif/core@1.26.2 want: ^2.1.1
1415 silly placeDep ROOT clean-stack@3.0.1 OK for: @oclif/core@1.26.2 want: ^3.0.1
1416 silly placeDep node_modules/@oclif/core fs-extra@9.1.0 OK for: @oclif/core@1.26.2 want: ^9.1.0
1417 silly placeDep ROOT get-package-type@0.1.0 OK for: @oclif/core@1.26.2 want: ^0.1.0
1418 silly placeDep ROOT globby@11.1.0 OK for: @oclif/core@1.26.2 want: ^11.1.0
1419 silly placeDep ROOT hyperlinker@1.0.0 OK for: @oclif/core@1.26.2 want: ^1.0.0
1420 silly placeDep ROOT is-wsl@2.2.0 OK for: @oclif/core@1.26.2 want: ^2.2.0
1421 silly placeDep ROOT js-yaml@3.14.2 OK for: @oclif/core@1.26.2 want: ^3.14.1
1422 silly placeDep ROOT natural-orderby@2.0.3 OK for: @oclif/core@1.26.2 want: ^2.0.3
1423 silly placeDep ROOT object-treeify@1.1.33 OK for: @oclif/core@1.26.2 want: ^1.1.33
1424 silly placeDep ROOT password-prompt@1.1.3 OK for: @oclif/core@1.26.2 want: ^1.1.2
1425 silly placeDep ROOT string-width@4.2.3 OK for: @oclif/core@1.26.2 want: ^4.2.3
1426 silly placeDep ROOT strip-ansi@6.0.1 OK for: @oclif/core@1.26.2 want: ^6.0.1
1427 silly placeDep ROOT supports-color@8.1.1 OK for: @oclif/core@1.26.2 want: ^8.1.1
1428 silly placeDep ROOT supports-hyperlinks@2.3.0 OK for: @oclif/core@1.26.2 want: ^2.2.0
1429 silly placeDep ROOT widest-line@3.1.0 OK for: @oclif/core@1.26.2 want: ^3.1.0
1430 silly fetch manifest type-fest@^0.21.3
1431 silly packumentCache full:https://registry.npmjs.org/type-fest cache-miss
1432 silly fetch manifest color-convert@^2.0.1
1433 silly packumentCache full:https://registry.npmjs.org/color-convert cache-miss
1434 silly fetch manifest ansicolors@~0.3.2
1435 silly packumentCache full:https://registry.npmjs.org/ansicolors cache-miss
1436 silly fetch manifest redeyed@~2.1.0
1437 silly packumentCache full:https://registry.npmjs.org/redeyed cache-miss
1438 silly fetch manifest escape-string-regexp@4.0.0
1439 silly packumentCache full:https://registry.npmjs.org/escape-string-regexp cache-hit
1440 silly fetch manifest merge2@^1.4.1
1441 silly packumentCache full:https://registry.npmjs.org/merge2 cache-hit
1442 silly fetch manifest dir-glob@^3.0.1
1443 silly packumentCache full:https://registry.npmjs.org/dir-glob cache-miss
1444 silly fetch manifest array-union@^2.1.0
1445 silly packumentCache full:https://registry.npmjs.org/array-union cache-miss
1446 silly fetch manifest is-docker@^2.0.0
1447 silly packumentCache full:https://registry.npmjs.org/is-docker cache-miss
1448 http fetch GET 200 https://registry.npmjs.org/ansicolors 29ms (cache miss)
1449 silly packumentCache full:https://registry.npmjs.org/ansicolors set size:undefined disposed:false
1450 silly fetch manifest esprima@^4.0.0
1451 silly packumentCache full:https://registry.npmjs.org/esprima cache-miss
1452 http fetch GET 200 https://registry.npmjs.org/type-fest 31ms (cache revalidated)
1453 silly packumentCache full:https://registry.npmjs.org/type-fest set size:554345 disposed:false
1454 silly fetch manifest argparse@^1.0.7
1455 silly packumentCache full:https://registry.npmjs.org/argparse cache-miss
1456 http fetch GET 200 https://registry.npmjs.org/array-union 36ms (cache miss)
1457 silly packumentCache full:https://registry.npmjs.org/array-union set size:undefined disposed:false
1458 silly fetch manifest emoji-regex@^8.0.0
1459 silly packumentCache full:https://registry.npmjs.org/emoji-regex cache-miss
1460 http fetch GET 200 https://registry.npmjs.org/color-convert 39ms (cache revalidated)
1461 silly packumentCache full:https://registry.npmjs.org/color-convert set size:72663 disposed:false
1462 silly fetch manifest is-fullwidth-code-point@^3.0.0
1463 silly packumentCache full:https://registry.npmjs.org/is-fullwidth-code-point cache-miss
1464 http fetch GET 200 https://registry.npmjs.org/is-docker 40ms (cache revalidated)
1465 silly packumentCache full:https://registry.npmjs.org/is-docker set size:23690 disposed:false
1466 silly fetch manifest ansi-regex@^5.0.1
1467 silly packumentCache full:https://registry.npmjs.org/ansi-regex cache-miss
1468 http fetch GET 200 https://registry.npmjs.org/redeyed 42ms (cache miss)
1469 silly packumentCache full:https://registry.npmjs.org/redeyed set size:undefined disposed:false
1470 silly fetch manifest has-flag@^4.0.0
1471 silly packumentCache full:https://registry.npmjs.org/has-flag cache-miss
1472 http fetch GET 200 https://registry.npmjs.org/dir-glob 48ms (cache miss)
1473 silly packumentCache full:https://registry.npmjs.org/dir-glob set size:undefined disposed:false
1474 silly fetch manifest has-flag@^4.0.0
1475 silly packumentCache full:https://registry.npmjs.org/has-flag cache-miss
1476 http fetch GET 200 https://registry.npmjs.org/esprima 41ms (cache revalidated)
1477 silly packumentCache full:https://registry.npmjs.org/esprima set size:118410 disposed:false
1478 silly fetch manifest supports-color@^7.0.0
1479 silly packumentCache full:https://registry.npmjs.org/supports-color cache-hit
1480 http fetch GET 200 https://registry.npmjs.org/emoji-regex 39ms (cache revalidated)
1481 silly packumentCache full:https://registry.npmjs.org/emoji-regex set size:89088 disposed:false
1482 http fetch GET 200 https://registry.npmjs.org/argparse 42ms (cache revalidated)
1483 silly packumentCache full:https://registry.npmjs.org/argparse set size:49266 disposed:false
1484 http fetch GET 200 https://registry.npmjs.org/ansi-regex 38ms (cache revalidated)
1485 silly packumentCache full:https://registry.npmjs.org/ansi-regex set size:43572 disposed:false
1486 http fetch GET 200 https://registry.npmjs.org/is-fullwidth-code-point 40ms (cache revalidated)
1487 silly packumentCache full:https://registry.npmjs.org/is-fullwidth-code-point set size:14578 disposed:false
1488 http fetch GET 200 https://registry.npmjs.org/has-flag 38ms (cache revalidated)
1489 silly packumentCache full:https://registry.npmjs.org/has-flag set size:15180 disposed:false
1490 http fetch GET 200 https://registry.npmjs.org/has-flag 32ms (cache revalidated)
1491 silly packumentCache full:https://registry.npmjs.org/has-flag set size:15180 disposed:false
1492 silly packumentCache full:https://registry.npmjs.org/has-flag dispose
1493 silly placeDep node_modules/@oclif/plugin-autocomplete @oclif/core@2.16.0 OK for: @oclif/plugin-autocomplete@2.3.10 want: ^2.15.0
1494 silly placeDep ROOT component-type@1.2.2 OK for: @segment/loosely-validate-event@2.0.0 want: ^1.2.1
1495 silly placeDep ROOT join-component@1.1.0 OK for: @segment/loosely-validate-event@2.0.0 want: ^1.1.0
1496 silly placeDep ROOT @types/node@25.3.1 OK for: @types/bunyan@1.8.11 want: *
1497 silly fetch manifest undici-types@~7.18.0
1498 silly packumentCache full:https://registry.npmjs.org/undici-types cache-miss
1499 http fetch GET 200 https://registry.npmjs.org/undici-types 24ms (cache revalidated)
1500 silly packumentCache full:https://registry.npmjs.org/undici-types set size:171546 disposed:false
1501 silly placeDep ROOT undici-types@7.18.2 OK for: @types/node@25.3.1 want: ~7.18.0
1502 silly fetch manifest graphql@^14.0.0 || ^15.0.0 || ^16.0.0
1503 silly packumentCache full:https://registry.npmjs.org/graphql cache-miss
1504 http cache https://registry.npmjs.org/graphql 3ms (cache hit)
1505 silly packumentCache full:https://registry.npmjs.org/graphql set size:799655 disposed:false
1506 silly placeDep ROOT @0no-co/graphql.web@1.2.0 OK for: @urql/core@4.0.11 want: ^1.0.1
1507 silly placeDep ROOT wonka@6.3.5 OK for: @urql/core@4.0.11 want: ^6.3.2
1508 silly placeDep ROOT json-schema-traverse@1.0.0 OK for: ajv@8.11.0 want: ^1.0.0
1509 silly placeDep ROOT uri-js@4.4.1 OK for: ajv@8.11.0 want: ^4.2.2
1510 silly fetch manifest punycode@^2.1.0
1511 silly packumentCache full:https://registry.npmjs.org/punycode cache-miss
1512 http fetch GET 200 https://registry.npmjs.org/punycode 33ms (cache revalidated)
1513 silly packumentCache full:https://registry.npmjs.org/punycode set size:61302 disposed:false
1514 silly placeDep ROOT type-fest@0.21.3 OK for: ansi-escapes@4.3.2 want: ^0.21.3
1515 silly placeDep ROOT color-convert@2.0.1 OK for: ansi-styles@4.3.0 want: ^2.0.1
1516 silly fetch manifest color-name@~1.1.4
1517 silly packumentCache full:https://registry.npmjs.org/color-name cache-miss
1518 http fetch GET 200 https://registry.npmjs.org/color-name 24ms (cache revalidated)
1519 silly packumentCache full:https://registry.npmjs.org/color-name set size:19467 disposed:false
1520 silly placeDep ROOT open@8.4.2 OK for: better-opn@3.0.2 want: ^8.0.4
1521 silly fetch manifest is-docker@^2.1.1
1522 silly packumentCache full:https://registry.npmjs.org/is-docker cache-hit
1523 silly fetch manifest define-lazy-prop@^2.0.0
1524 silly packumentCache full:https://registry.npmjs.org/define-lazy-prop cache-miss
1525 http fetch GET 200 https://registry.npmjs.org/define-lazy-prop 22ms (cache miss)
1526 silly packumentCache full:https://registry.npmjs.org/define-lazy-prop set size:undefined disposed:false
1527 silly placeDep ROOT big-integer@1.6.52 OK for: bplist-parser@0.3.2 want: 1.6.x
1528 silly placeDep ROOT dtrace-provider@0.8.8 OK for: bunyan@1.8.15 want: ~0.8
1529 silly placeDep ROOT moment@2.30.1 OK for: bunyan@1.8.15 want: ^2.19.3
1530 silly placeDep ROOT mv@2.1.1 OK for: bunyan@1.8.15 want: ~2
1531 silly placeDep ROOT safe-json-stringify@1.2.0 OK for: bunyan@1.8.15 want: ~1
1532 silly fetch manifest nan@^2.14.0
1533 silly packumentCache full:https://registry.npmjs.org/nan cache-miss
1534 silly fetch manifest mkdirp@~0.5.1
1535 silly packumentCache full:https://registry.npmjs.org/mkdirp cache-miss
1536 silly fetch manifest ncp@~2.0.0
1537 silly packumentCache full:https://registry.npmjs.org/ncp cache-miss
1538 silly fetch manifest rimraf@~2.4.0
1539 silly packumentCache full:https://registry.npmjs.org/rimraf cache-miss
1540 http cache https://registry.npmjs.org/rimraf 4ms (cache hit)
1541 silly packumentCache full:https://registry.npmjs.org/rimraf set size:212644 disposed:false
1542 http fetch GET 200 https://registry.npmjs.org/ncp 28ms (cache miss)
1543 silly packumentCache full:https://registry.npmjs.org/ncp set size:undefined disposed:false
1544 http fetch GET 200 https://registry.npmjs.org/nan 34ms (cache miss)
1545 silly packumentCache full:https://registry.npmjs.org/nan set size:undefined disposed:false
1546 http fetch GET 200 https://registry.npmjs.org/mkdirp 50ms (cache revalidated)
1547 silly packumentCache full:https://registry.npmjs.org/mkdirp set size:116455 disposed:false
1548 silly placeDep ROOT ansicolors@0.3.2 OK for: cardinal@2.1.1 want: ~0.3.2
1549 silly placeDep ROOT redeyed@2.1.1 OK for: cardinal@2.1.1 want: ~2.1.0
1550 silly fetch manifest esprima@~4.0.0
1551 silly packumentCache full:https://registry.npmjs.org/esprima cache-hit
1552 silly placeDep node_modules/chalk supports-color@7.2.0 OK for: chalk@4.1.2 want: ^7.1.0
1553 silly placeDep ROOT escape-string-regexp@4.0.0 OK for: clean-stack@3.0.1 want: 4.0.0
1554 silly placeDep ROOT color-name@1.1.4 OK for: color-convert@2.0.1 want: ~1.1.4
1555 silly placeDep ROOT path-key@3.1.1 OK for: cross-spawn@7.0.6 want: ^3.1.0
1556 silly placeDep ROOT shebang-command@2.0.0 OK for: cross-spawn@7.0.6 want: ^2.0.0
1557 silly placeDep ROOT which@2.0.2 OK for: cross-spawn@7.0.6 want: ^2.0.1
1558 silly fetch manifest shebang-regex@^3.0.0
1559 silly packumentCache full:https://registry.npmjs.org/shebang-regex cache-miss
1560 silly fetch manifest isexe@^2.0.0
1561 silly packumentCache full:https://registry.npmjs.org/isexe cache-miss
1562 http fetch GET 200 https://registry.npmjs.org/isexe 32ms (cache revalidated)
1563 silly packumentCache full:https://registry.npmjs.org/isexe set size:31756 disposed:false
1564 http fetch GET 200 https://registry.npmjs.org/shebang-regex 32ms (cache revalidated)
1565 silly packumentCache full:https://registry.npmjs.org/shebang-regex set size:9763 disposed:false
1566 silly placeDep ROOT ms@2.1.3 OK for: debug@4.4.3 want: ^2.1.3
1567 silly placeDep node_modules/dotenv-expand dotenv@16.6.1 OK for: dotenv-expand@11.0.7 want: ^16.4.5
1568 silly placeDep ROOT nan@2.25.0 OK for: dtrace-provider@0.8.8 want: ^2.14.0
1569 silly placeDep ROOT jake@10.9.4 OK for: ejs@3.1.10 want: ^10.8.5
1570 silly fetch manifest async@^3.2.6
1571 silly packumentCache full:https://registry.npmjs.org/async cache-miss
1572 silly fetch manifest filelist@^1.0.4
1573 silly packumentCache full:https://registry.npmjs.org/filelist cache-miss
1574 http fetch GET 200 https://registry.npmjs.org/async 32ms (cache miss)
1575 silly packumentCache full:https://registry.npmjs.org/async set size:undefined disposed:false
1576 http fetch GET 200 https://registry.npmjs.org/filelist 381ms (cache miss)
1577 silly packumentCache full:https://registry.npmjs.org/filelist set size:undefined disposed:false
1578 silly placeDep ROOT @nodelib/fs.stat@2.0.5 OK for: fast-glob@3.3.2 want: ^2.0.2
1579 silly placeDep ROOT @nodelib/fs.walk@1.2.8 OK for: fast-glob@3.3.2 want: ^1.2.3
1580 silly placeDep ROOT glob-parent@5.1.2 OK for: fast-glob@3.3.2 want: ^5.1.2
1581 silly placeDep ROOT merge2@1.4.1 OK for: fast-glob@3.3.2 want: ^1.3.0
1582 silly placeDep ROOT micromatch@4.0.8 OK for: fast-glob@3.3.2 want: ^4.0.4
1583 silly fetch manifest fastq@^1.6.0
1584 silly packumentCache full:https://registry.npmjs.org/fastq cache-miss
1585 silly fetch manifest @nodelib/fs.scandir@2.1.5
1586 silly packumentCache full:https://registry.npmjs.org/@nodelib%2ffs.scandir cache-miss
1587 silly fetch manifest is-glob@^4.0.1
1588 silly packumentCache full:https://registry.npmjs.org/is-glob cache-miss
1589 silly fetch manifest braces@^3.0.3
1590 silly packumentCache full:https://registry.npmjs.org/braces cache-miss
1591 silly fetch manifest picomatch@^2.3.1
1592 silly packumentCache full:https://registry.npmjs.org/picomatch cache-miss
1593 http fetch GET 200 https://registry.npmjs.org/braces 27ms (cache revalidated)
1594 silly packumentCache full:https://registry.npmjs.org/braces set size:114529 disposed:false
1595 http fetch GET 200 https://registry.npmjs.org/picomatch 28ms (cache revalidated)
1596 silly packumentCache full:https://registry.npmjs.org/picomatch set size:118818 disposed:false
1597 http fetch GET 200 https://registry.npmjs.org/fastq 33ms (cache revalidated)
1598 silly packumentCache full:https://registry.npmjs.org/fastq set size:78301 disposed:false
1599 http fetch GET 200 https://registry.npmjs.org/is-glob 33ms (cache revalidated)
1600 silly packumentCache full:https://registry.npmjs.org/is-glob set size:40530 disposed:false
1601 http fetch GET 200 https://registry.npmjs.org/@nodelib%2ffs.scandir 43ms (cache revalidated)
1602 silly packumentCache full:https://registry.npmjs.org/@nodelib%2ffs.scandir set size:49256 disposed:false
1603 silly placeDep ROOT @nodelib/fs.scandir@2.1.5 OK for: @nodelib/fs.walk@1.2.8 want: 2.1.5
1604 silly placeDep ROOT fastq@1.20.1 OK for: @nodelib/fs.walk@1.2.8 want: ^1.6.0
1605 silly fetch manifest run-parallel@^1.1.9
1606 silly packumentCache full:https://registry.npmjs.org/run-parallel cache-miss
1607 silly fetch manifest reusify@^1.0.4
1608 silly packumentCache full:https://registry.npmjs.org/reusify cache-miss
1609 http fetch GET 200 https://registry.npmjs.org/run-parallel 20ms (cache revalidated)
1610 silly packumentCache full:https://registry.npmjs.org/run-parallel set size:35172 disposed:false
1611 http fetch GET 200 https://registry.npmjs.org/reusify 22ms (cache revalidated)
1612 silly packumentCache full:https://registry.npmjs.org/reusify set size:14249 disposed:false
1613 silly placeDep ROOT run-parallel@1.2.0 OK for: @nodelib/fs.scandir@2.1.5 want: ^1.1.9
1614 silly fetch manifest queue-microtask@^1.2.2
1615 silly packumentCache full:https://registry.npmjs.org/queue-microtask cache-miss
1616 http fetch GET 200 https://registry.npmjs.org/queue-microtask 26ms (cache revalidated)
1617 silly packumentCache full:https://registry.npmjs.org/queue-microtask set size:36088 disposed:false
1618 silly placeDep ROOT reusify@1.1.0 OK for: fastq@1.20.1 want: ^1.0.4
1619 silly placeDep node_modules/figures escape-string-regexp@1.0.5 OK for: figures@3.2.0 want: ^1.0.5
1620 silly placeDep ROOT asynckit@0.4.0 OK for: form-data@4.0.5 want: ^0.4.0
1621 silly placeDep ROOT combined-stream@1.0.8 OK for: form-data@4.0.5 want: ^1.0.8
1622 silly placeDep ROOT es-set-tostringtag@2.1.0 OK for: form-data@4.0.5 want: ^2.1.0
1623 silly placeDep ROOT hasown@2.0.2 OK for: form-data@4.0.5 want: ^2.0.2
1624 silly placeDep ROOT mime-types@2.1.35 OK for: form-data@4.0.5 want: ^2.1.12
1625 silly fetch manifest delayed-stream@~1.0.0
1626 silly packumentCache full:https://registry.npmjs.org/delayed-stream cache-miss
1627 silly fetch manifest es-errors@^1.3.0
1628 silly packumentCache full:https://registry.npmjs.org/es-errors cache-miss
1629 silly fetch manifest get-intrinsic@^1.2.6
1630 silly packumentCache full:https://registry.npmjs.org/get-intrinsic cache-miss
1631 silly fetch manifest has-tostringtag@^1.0.2
1632 silly packumentCache full:https://registry.npmjs.org/has-tostringtag cache-miss
1633 silly fetch manifest function-bind@^1.1.2
1634 silly packumentCache full:https://registry.npmjs.org/function-bind cache-miss
1635 silly fetch manifest mime-db@1.52.0
1636 silly packumentCache full:https://registry.npmjs.org/mime-db cache-miss
1637 http fetch GET 200 https://registry.npmjs.org/es-errors 36ms (cache revalidated)
1638 silly packumentCache full:https://registry.npmjs.org/es-errors set size:16918 disposed:false
1639 http fetch GET 200 https://registry.npmjs.org/mime-db 36ms (cache revalidated)
1640 silly packumentCache full:https://registry.npmjs.org/mime-db set size:164953 disposed:false
1641 http fetch GET 200 https://registry.npmjs.org/get-intrinsic 37ms (cache revalidated)
1642 silly packumentCache full:https://registry.npmjs.org/get-intrinsic set size:60985 disposed:false
1643 http fetch GET 200 https://registry.npmjs.org/function-bind 38ms (cache revalidated)
1644 silly packumentCache full:https://registry.npmjs.org/function-bind set size:15733 disposed:false
1645 http fetch GET 200 https://registry.npmjs.org/delayed-stream 40ms (cache revalidated)
1646 silly packumentCache full:https://registry.npmjs.org/delayed-stream set size:15820 disposed:false
1647 http fetch GET 200 https://registry.npmjs.org/has-tostringtag 918ms (cache revalidated)
1648 silly packumentCache full:https://registry.npmjs.org/has-tostringtag set size:13945 disposed:false
1649 silly placeDep ROOT delayed-stream@1.0.0 OK for: combined-stream@1.0.8 want: ~1.0.0
1650 silly placeDep ROOT es-errors@1.3.0 OK for: es-set-tostringtag@2.1.0 want: ^1.3.0
1651 silly placeDep ROOT get-intrinsic@1.3.0 OK for: es-set-tostringtag@2.1.0 want: ^1.2.6
1652 silly placeDep ROOT has-tostringtag@1.0.2 OK for: es-set-tostringtag@2.1.0 want: ^1.0.2
1653 silly fetch manifest gopd@^1.2.0
1654 silly packumentCache full:https://registry.npmjs.org/gopd cache-miss
1655 silly fetch manifest get-proto@^1.0.1
1656 silly packumentCache full:https://registry.npmjs.org/get-proto cache-miss
1657 silly fetch manifest has-symbols@^1.1.0
1658 silly packumentCache full:https://registry.npmjs.org/has-symbols cache-miss
1659 silly fetch manifest es-object-atoms@^1.1.1
1660 silly packumentCache full:https://registry.npmjs.org/es-object-atoms cache-miss
1661 silly fetch manifest math-intrinsics@^1.1.0
1662 silly packumentCache full:https://registry.npmjs.org/math-intrinsics cache-miss
1663 silly fetch manifest es-define-property@^1.0.1
1664 silly packumentCache full:https://registry.npmjs.org/es-define-property cache-miss
1665 silly fetch manifest call-bind-apply-helpers@^1.0.2
1666 silly packumentCache full:https://registry.npmjs.org/call-bind-apply-helpers cache-miss
1667 http fetch GET 200 https://registry.npmjs.org/has-symbols 26ms (cache revalidated)
1668 silly packumentCache full:https://registry.npmjs.org/has-symbols set size:21550 disposed:false
1669 silly fetch manifest has-symbols@^1.0.3
1670 silly packumentCache full:https://registry.npmjs.org/has-symbols cache-hit
1671 http fetch GET 200 https://registry.npmjs.org/gopd 27ms (cache revalidated)
1672 silly packumentCache full:https://registry.npmjs.org/gopd set size:11458 disposed:false
1673 http fetch GET 200 https://registry.npmjs.org/es-define-property 27ms (cache revalidated)
1674 silly packumentCache full:https://registry.npmjs.org/es-define-property set size:8542 disposed:false
1675 http fetch GET 200 https://registry.npmjs.org/es-object-atoms 29ms (cache revalidated)
1676 silly packumentCache full:https://registry.npmjs.org/es-object-atoms set size:15304 disposed:false
1677 http fetch GET 200 https://registry.npmjs.org/get-proto 29ms (cache revalidated)
1678 silly packumentCache full:https://registry.npmjs.org/get-proto set size:8300 disposed:false
1679 http fetch GET 200 https://registry.npmjs.org/math-intrinsics 32ms (cache revalidated)
1680 silly packumentCache full:https://registry.npmjs.org/math-intrinsics set size:9265 disposed:false
1681 http fetch GET 200 https://registry.npmjs.org/call-bind-apply-helpers 32ms (cache revalidated)
1682 silly packumentCache full:https://registry.npmjs.org/call-bind-apply-helpers set size:12744 disposed:false
1683 silly placeDep ROOT graceful-fs@4.2.11 OK for: fs-extra@11.2.0 want: ^4.2.0
1684 silly placeDep ROOT jsonfile@6.2.0 OK for: fs-extra@11.2.0 want: ^6.0.1
1685 silly placeDep ROOT universalify@2.0.1 OK for: fs-extra@11.2.0 want: ^2.0.0
1686 silly placeDep ROOT call-bind-apply-helpers@1.0.2 OK for: get-intrinsic@1.3.0 want: ^1.0.2
1687 silly placeDep ROOT es-define-property@1.0.1 OK for: get-intrinsic@1.3.0 want: ^1.0.1
1688 silly placeDep ROOT es-object-atoms@1.1.1 OK for: get-intrinsic@1.3.0 want: ^1.1.1
1689 silly placeDep ROOT function-bind@1.1.2 OK for: get-intrinsic@1.3.0 want: ^1.1.2
1690 silly placeDep ROOT get-proto@1.0.1 OK for: get-intrinsic@1.3.0 want: ^1.0.1
1691 silly placeDep ROOT gopd@1.2.0 OK for: get-intrinsic@1.3.0 want: ^1.2.0
1692 silly placeDep ROOT has-symbols@1.1.0 OK for: get-intrinsic@1.3.0 want: ^1.1.0
1693 silly placeDep ROOT math-intrinsics@1.1.0 OK for: get-intrinsic@1.3.0 want: ^1.1.0
1694 silly fetch manifest dunder-proto@^1.0.1
1695 silly packumentCache full:https://registry.npmjs.org/dunder-proto cache-miss
1696 http fetch GET 200 https://registry.npmjs.org/dunder-proto 22ms (cache revalidated)
1697 silly packumentCache full:https://registry.npmjs.org/dunder-proto set size:8256 disposed:false
1698 silly placeDep ROOT dunder-proto@1.0.1 OK for: get-proto@1.0.1 want: ^1.0.1
1699 silly placeDep ROOT foreground-child@3.3.1 OK for: glob@10.5.0 want: ^3.1.0
1700 silly placeDep ROOT jackspeak@3.4.3 OK for: glob@10.5.0 want: ^3.1.2
1701 silly placeDep node_modules/glob minimatch@9.0.8 OK for: glob@10.5.0 want: ^9.0.4
1702 silly placeDep ROOT minipass@7.1.3 OK for: glob@10.5.0 want: ^7.1.2
1703 silly placeDep ROOT package-json-from-dist@1.0.1 OK for: glob@10.5.0 want: ^1.0.0
1704 silly placeDep ROOT path-scurry@1.11.1 OK for: glob@10.5.0 want: ^1.11.1
1705 silly fetch manifest signal-exit@^4.0.1
1706 silly packumentCache full:https://registry.npmjs.org/signal-exit cache-hit
1707 silly fetch manifest @isaacs/cliui@^8.0.2
1708 silly packumentCache full:https://registry.npmjs.org/@isaacs%2fcliui cache-miss
1709 silly fetch manifest @pkgjs/parseargs@^0.11.0
1710 silly packumentCache full:https://registry.npmjs.org/@pkgjs%2fparseargs cache-miss
1711 silly fetch manifest brace-expansion@^5.0.2
1712 silly packumentCache full:https://registry.npmjs.org/brace-expansion cache-miss
1713 silly fetch manifest lru-cache@^10.2.0
1714 silly packumentCache full:https://registry.npmjs.org/lru-cache cache-hit
1715 http cache https://registry.npmjs.org/brace-expansion 3ms (cache hit)
1716 silly packumentCache full:https://registry.npmjs.org/brace-expansion set size:53397 disposed:false
1717 http fetch GET 200 https://registry.npmjs.org/@pkgjs%2fparseargs 38ms (cache miss)
1718 silly packumentCache full:https://registry.npmjs.org/@pkgjs%2fparseargs set size:undefined disposed:false
1719 http fetch GET 200 https://registry.npmjs.org/@isaacs%2fcliui 39ms (cache miss)
1720 silly packumentCache full:https://registry.npmjs.org/@isaacs%2fcliui set size:undefined disposed:false
1721 silly placeDep ROOT signal-exit@4.1.0 OK for: foreground-child@3.3.1 want: ^4.0.1
1722 silly placeDep ROOT is-glob@4.0.3 OK for: glob-parent@5.1.2 want: ^4.0.1
1723 silly fetch manifest is-extglob@^2.1.1
1724 silly packumentCache full:https://registry.npmjs.org/is-extglob cache-miss
1725 http fetch GET 200 https://registry.npmjs.org/is-extglob 28ms (cache revalidated)
1726 silly packumentCache full:https://registry.npmjs.org/is-extglob set size:11766 disposed:false
1727 silly placeDep ROOT array-union@2.1.0 OK for: globby@11.1.0 want: ^2.1.0
1728 silly placeDep ROOT dir-glob@3.0.1 OK for: globby@11.1.0 want: ^3.0.1
1729 silly fetch manifest path-type@^4.0.0
1730 silly packumentCache full:https://registry.npmjs.org/path-type cache-miss
1731 http fetch GET 200 https://registry.npmjs.org/path-type 24ms (cache miss)
1732 silly packumentCache full:https://registry.npmjs.org/path-type set size:undefined disposed:false
1733 silly placeDep ROOT path-type@4.0.0 OK for: dir-glob@3.0.1 want: ^4.0.0
1734 silly placeDep ROOT lodash.merge@4.6.2 OK for: gradle-to-js@2.0.1 want: ^4.6.2
1735 silly placeDep ROOT content-type@1.0.5 OK for: http-call@5.3.0 want: ^1.0.4
1736 silly placeDep ROOT is-retry-allowed@1.2.0 OK for: http-call@5.3.0 want: ^1.1.0
1737 silly placeDep ROOT is-stream@2.0.1 OK for: http-call@5.3.0 want: ^2.0.0
1738 silly placeDep ROOT parse-json@4.0.0 OK for: http-call@5.3.0 want: ^4.0.0
1739 silly placeDep ROOT tunnel-agent@0.6.0 OK for: http-call@5.3.0 want: ^0.6.0
1740 silly fetch manifest error-ex@^1.3.1
1741 silly packumentCache full:https://registry.npmjs.org/error-ex cache-miss
1742 silly fetch manifest json-parse-better-errors@^1.0.1
1743 silly packumentCache full:https://registry.npmjs.org/json-parse-better-errors cache-miss
1744 silly fetch manifest safe-buffer@^5.0.1
1745 silly packumentCache full:https://registry.npmjs.org/safe-buffer cache-miss
1746 http fetch GET 200 https://registry.npmjs.org/safe-buffer 27ms (cache revalidated)
1747 silly packumentCache full:https://registry.npmjs.org/safe-buffer set size:41183 disposed:false
1748 http fetch GET 200 https://registry.npmjs.org/error-ex 29ms (cache miss)
1749 silly packumentCache full:https://registry.npmjs.org/error-ex set size:undefined disposed:false
1750 http fetch GET 200 https://registry.npmjs.org/json-parse-better-errors 31ms (cache miss)
1751 silly packumentCache full:https://registry.npmjs.org/json-parse-better-errors set size:undefined disposed:false
1752 silly placeDep ROOT agent-base@6.0.2 OK for: https-proxy-agent@5.0.1 want: 6
1753 silly placeDep ROOT loose-envify@1.4.0 OK for: invariant@2.2.4 want: ^1.0.0
1754 silly placeDep ROOT is-extglob@2.1.1 OK for: is-glob@4.0.3 want: ^2.1.1
1755 silly placeDep ROOT is-docker@2.2.1 OK for: is-wsl@2.2.0 want: ^2.0.0
1756 silly placeDep ROOT @isaacs/cliui@8.0.2 OK for: jackspeak@3.4.3 want: ^8.0.2
1757 silly placeDep ROOT @pkgjs/parseargs@0.11.0 OK for: jackspeak@3.4.3 want: ^0.11.0
1758 silly fetch manifest wrap-ansi@^8.1.0
1759 silly packumentCache full:https://registry.npmjs.org/wrap-ansi cache-hit
1760 silly fetch manifest strip-ansi@^7.0.1
1761 silly packumentCache full:https://registry.npmjs.org/strip-ansi cache-hit
1762 silly fetch manifest string-width@^5.1.2
1763 silly packumentCache full:https://registry.npmjs.org/string-width cache-hit
1764 silly fetch manifest wrap-ansi-cjs@npm:wrap-ansi@^7.0.0
1765 silly packumentCache full:https://registry.npmjs.org/wrap-ansi cache-hit
1766 silly fetch manifest strip-ansi-cjs@npm:strip-ansi@^6.0.1
1767 silly packumentCache full:https://registry.npmjs.org/strip-ansi cache-hit
1768 silly fetch manifest string-width-cjs@npm:string-width@^4.2.0
1769 silly packumentCache full:https://registry.npmjs.org/string-width cache-hit
1770 silly placeDep node_modules/@isaacs/cliui string-width@5.1.2 OK for: @isaacs/cliui@8.0.2 want: ^5.1.2
1771 silly placeDep ROOT string-width-cjs@4.2.3 OK for: @isaacs/cliui@8.0.2 want: npm:string-width@^4.2.0
1772 silly placeDep node_modules/@isaacs/cliui strip-ansi@7.1.2 OK for: @isaacs/cliui@8.0.2 want: ^7.0.1
1773 silly placeDep ROOT strip-ansi-cjs@6.0.1 OK for: @isaacs/cliui@8.0.2 want: npm:strip-ansi@^6.0.1
1774 silly placeDep node_modules/@isaacs/cliui wrap-ansi@8.1.0 OK for: @isaacs/cliui@8.0.2 want: ^8.1.0
1775 silly placeDep ROOT wrap-ansi-cjs@7.0.0 OK for: @isaacs/cliui@8.0.2 want: npm:wrap-ansi@^7.0.0
1776 silly fetch manifest emoji-regex@^9.2.2
1777 silly packumentCache full:https://registry.npmjs.org/emoji-regex cache-hit
1778 silly fetch manifest eastasianwidth@^0.2.0
1779 silly packumentCache full:https://registry.npmjs.org/eastasianwidth cache-miss
1780 silly fetch manifest ansi-regex@^6.0.1
1781 silly packumentCache full:https://registry.npmjs.org/ansi-regex cache-hit
1782 silly fetch manifest ansi-styles@^6.1.0
1783 silly packumentCache full:https://registry.npmjs.org/ansi-styles cache-hit
1784 http fetch GET 200 https://registry.npmjs.org/eastasianwidth 25ms (cache revalidated)
1785 silly packumentCache full:https://registry.npmjs.org/eastasianwidth set size:7890 disposed:false
1786 silly placeDep ROOT async@3.2.6 OK for: jake@10.9.4 want: ^3.2.6
1787 silly placeDep ROOT filelist@1.0.6 OK for: jake@10.9.4 want: ^1.0.4
1788 silly placeDep ROOT node-int64@0.4.0 OK for: jks-js@1.1.0 want: ^0.4.0
1789 silly placeDep ROOT node-rsa@1.1.1 OK for: jks-js@1.1.0 want: ^1.1.1
1790 silly fetch manifest asn1@^0.2.4
1791 silly packumentCache full:https://registry.npmjs.org/asn1 cache-miss
1792 http fetch GET 200 https://registry.npmjs.org/asn1 23ms (cache miss)
1793 silly packumentCache full:https://registry.npmjs.org/asn1 set size:undefined disposed:false
1794 silly placeDep ROOT @hapi/hoek@9.3.0 OK for: joi@17.11.0 want: ^9.0.0
1795 silly placeDep ROOT @hapi/topo@5.1.0 OK for: joi@17.11.0 want: ^5.0.0
1796 silly placeDep ROOT @sideway/address@4.1.5 OK for: joi@17.11.0 want: ^4.1.3
1797 silly placeDep ROOT @sideway/formula@3.0.1 OK for: joi@17.11.0 want: ^3.0.1
1798 silly placeDep ROOT @sideway/pinpoint@2.0.0 OK for: joi@17.11.0 want: ^2.0.0
1799 silly placeDep ROOT argparse@1.0.10 OK for: js-yaml@3.14.2 want: ^1.0.7
1800 silly placeDep ROOT esprima@4.0.1 OK for: js-yaml@3.14.2 want: ^4.0.0
1801 silly fetch manifest sprintf-js@~1.0.2
1802 silly packumentCache full:https://registry.npmjs.org/sprintf-js cache-miss
1803 http fetch GET 200 https://registry.npmjs.org/sprintf-js 289ms (cache miss)
1804 silly packumentCache full:https://registry.npmjs.org/sprintf-js set size:undefined disposed:false
1805 silly placeDep ROOT sprintf-js@1.0.3 OK for: argparse@1.0.10 want: ~1.0.2
1806 silly placeDep ROOT is-unicode-supported@0.1.0 OK for: log-symbols@4.1.0 want: ^0.1.0
1807 silly placeDep ROOT charenc@0.0.2 OK for: md5@2.3.0 want: 0.0.2
1808 silly placeDep ROOT crypt@0.0.2 OK for: md5@2.3.0 want: 0.0.2
1809 silly placeDep ROOT is-buffer@1.1.6 OK for: md5@2.3.0 want: ~1.1.6
1810 silly placeDep ROOT braces@3.0.3 OK for: micromatch@4.0.8 want: ^3.0.3
1811 silly placeDep ROOT picomatch@2.3.1 OK for: micromatch@4.0.8 want: ^2.3.1
1812 silly fetch manifest fill-range@^7.1.1
1813 silly packumentCache full:https://registry.npmjs.org/fill-range cache-miss
1814 http fetch GET 200 https://registry.npmjs.org/fill-range 23ms (cache revalidated)
1815 silly packumentCache full:https://registry.npmjs.org/fill-range set size:90212 disposed:false
1816 silly placeDep ROOT fill-range@7.1.1 OK for: braces@3.0.3 want: ^7.1.1
1817 silly fetch manifest to-regex-range@^5.0.1
1818 silly packumentCache full:https://registry.npmjs.org/to-regex-range cache-miss
1819 http fetch GET 200 https://registry.npmjs.org/to-regex-range 31ms (cache revalidated)
1820 silly packumentCache full:https://registry.npmjs.org/to-regex-range set size:61569 disposed:false
1821 silly placeDep ROOT to-regex-range@5.0.1 OK for: fill-range@7.1.1 want: ^5.0.1
1822 silly fetch manifest is-number@^7.0.0
1823 silly packumentCache full:https://registry.npmjs.org/is-number cache-miss
1824 http fetch GET 200 https://registry.npmjs.org/is-number 24ms (cache revalidated)
1825 silly packumentCache full:https://registry.npmjs.org/is-number set size:36183 disposed:false
1826 silly placeDep ROOT mime-db@1.52.0 OK for: mime-types@2.1.35 want: 1.52.0
1827 silly placeDep ROOT brace-expansion@2.0.2 OK for: minimatch@5.1.2 want: ^2.0.1
1828 silly fetch manifest balanced-match@^1.0.0
1829 silly packumentCache full:https://registry.npmjs.org/balanced-match cache-miss
1830 http fetch GET 200 https://registry.npmjs.org/balanced-match 32ms (cache updated)
1831 silly packumentCache full:https://registry.npmjs.org/balanced-match set size:undefined disposed:false
1832 silly placeDep ROOT balanced-match@1.0.2 OK for: brace-expansion@2.0.2 want: ^1.0.0
1833 silly placeDep ROOT rimraf@5.0.10 OK for: minizlib@3.0.1 want: ^5.0.5
1834 silly placeDep ROOT mkdirp@0.5.6 OK for: mv@2.1.1 want: ~0.5.1
1835 silly placeDep ROOT ncp@2.0.0 OK for: mv@2.1.1 want: ~2.0.0
1836 silly placeDep node_modules/mv rimraf@2.4.5 OK for: mv@2.1.1 want: ~2.4.0
1837 silly fetch manifest minimist@^1.2.6
1838 silly packumentCache full:https://registry.npmjs.org/minimist cache-miss
1839 silly fetch manifest glob@^6.0.1
1840 silly packumentCache full:https://registry.npmjs.org/glob cache-hit
1841 http fetch GET 200 https://registry.npmjs.org/minimist 23ms (cache revalidated)
1842 silly packumentCache full:https://registry.npmjs.org/minimist set size:77082 disposed:false
1843 silly placeDep ROOT minimist@1.2.8 OK for: mkdirp@0.5.6 want: ^1.2.6
1844 silly placeDep ROOT whatwg-url@5.0.0 OK for: node-fetch@2.6.7 want: ^5.0.0
1845 silly fetch manifest tr46@~0.0.3
1846 silly packumentCache full:https://registry.npmjs.org/tr46 cache-miss
1847 silly fetch manifest webidl-conversions@^3.0.0
1848 silly packumentCache full:https://registry.npmjs.org/webidl-conversions cache-miss
1849 http fetch GET 200 https://registry.npmjs.org/tr46 24ms (cache revalidated)
1850 silly packumentCache full:https://registry.npmjs.org/tr46 set size:47377 disposed:false
1851 http fetch GET 200 https://registry.npmjs.org/webidl-conversions 34ms (cache revalidated)
1852 silly packumentCache full:https://registry.npmjs.org/webidl-conversions set size:46073 disposed:false
1853 silly placeDep ROOT asn1@0.2.6 OK for: node-rsa@1.1.1 want: ^0.2.4
1854 silly fetch manifest safer-buffer@~2.1.0
1855 silly packumentCache full:https://registry.npmjs.org/safer-buffer cache-miss
1856 http fetch GET 200 https://registry.npmjs.org/safer-buffer 27ms (cache revalidated)
1857 silly packumentCache full:https://registry.npmjs.org/safer-buffer set size:18521 disposed:false
1858 silly placeDep ROOT safer-buffer@2.1.2 OK for: asn1@0.2.6 want: ~2.1.0
1859 silly placeDep ROOT hosted-git-info@7.0.2 OK for: npm-package-arg@11.0.3 want: ^7.0.0
1860 silly placeDep ROOT proc-log@4.2.0 OK for: npm-package-arg@11.0.3 want: ^4.0.0
1861 silly placeDep ROOT validate-npm-package-name@5.0.1 OK for: npm-package-arg@11.0.3 want: ^5.0.0
1862 silly fetch manifest lru-cache@^10.0.1
1863 silly packumentCache full:https://registry.npmjs.org/lru-cache cache-hit
1864 silly placeDep ROOT lru-cache@10.4.3 OK for: hosted-git-info@7.0.2 want: ^10.0.1
1865 silly placeDep ROOT define-lazy-prop@2.0.0 OK for: open@8.4.2 want: ^2.0.0
1866 silly placeDep ROOT cli-cursor@3.1.0 OK for: ora@5.1.0 want: ^3.1.0
1867 silly placeDep ROOT cli-spinners@2.9.2 OK for: ora@5.1.0 want: ^2.4.0
1868 silly placeDep ROOT is-interactive@1.0.0 OK for: ora@5.1.0 want: ^1.0.0
1869 silly placeDep ROOT mute-stream@0.0.8 OK for: ora@5.1.0 want: 0.0.8
1870 silly placeDep ROOT wcwidth@1.0.1 OK for: ora@5.1.0 want: ^1.0.1
1871 silly fetch manifest restore-cursor@^3.1.0
1872 silly packumentCache full:https://registry.npmjs.org/restore-cursor cache-miss
1873 silly fetch manifest defaults@^1.0.3
1874 silly packumentCache full:https://registry.npmjs.org/defaults cache-miss
1875 http fetch GET 200 https://registry.npmjs.org/defaults 23ms (cache miss)
1876 silly packumentCache full:https://registry.npmjs.org/defaults set size:undefined disposed:false
1877 http fetch GET 200 https://registry.npmjs.org/restore-cursor 30ms (cache miss)
1878 silly packumentCache full:https://registry.npmjs.org/restore-cursor set size:undefined disposed:false
1879 silly placeDep ROOT restore-cursor@3.1.0 OK for: cli-cursor@3.1.0 want: ^3.1.0
1880 silly fetch manifest onetime@^5.1.0
1881 silly packumentCache full:https://registry.npmjs.org/onetime cache-miss
1882 http fetch GET 200 https://registry.npmjs.org/onetime 31ms (cache revalidated)
1883 silly packumentCache full:https://registry.npmjs.org/onetime set size:32314 disposed:false
1884 silly placeDep ROOT error-ex@1.3.4 OK for: parse-json@4.0.0 want: ^1.3.1
1885 silly placeDep ROOT json-parse-better-errors@1.0.2 OK for: parse-json@4.0.0 want: ^1.0.1
1886 silly fetch manifest is-arrayish@^0.2.1
1887 silly packumentCache full:https://registry.npmjs.org/is-arrayish cache-miss
1888 http fetch GET 200 https://registry.npmjs.org/is-arrayish 27ms (cache miss)
1889 silly packumentCache full:https://registry.npmjs.org/is-arrayish set size:undefined disposed:false
1890 silly placeDep ROOT is-arrayish@0.2.1 OK for: error-ex@1.3.4 want: ^0.2.1
1891 silly placeDep node_modules/parse-png pngjs@3.4.0 OK for: parse-png@2.1.0 want: ^3.3.0
1892 silly placeDep ROOT find-up@4.1.0 OK for: pkg-dir@4.2.0 want: ^4.0.0
1893 silly fetch manifest locate-path@^5.0.0
1894 silly packumentCache full:https://registry.npmjs.org/locate-path cache-miss
1895 silly fetch manifest path-exists@^4.0.0
1896 silly packumentCache full:https://registry.npmjs.org/path-exists cache-miss
1897 http fetch GET 200 https://registry.npmjs.org/path-exists 25ms (cache revalidated)
1898 silly packumentCache full:https://registry.npmjs.org/path-exists set size:13704 disposed:false
1899 http fetch GET 200 https://registry.npmjs.org/locate-path 34ms (cache revalidated)
1900 silly packumentCache full:https://registry.npmjs.org/locate-path set size:31329 disposed:false
1901 silly placeDep ROOT locate-path@5.0.0 OK for: find-up@4.1.0 want: ^5.0.0
1902 silly placeDep ROOT path-exists@4.0.0 OK for: find-up@4.1.0 want: ^4.0.0
1903 silly fetch manifest p-locate@^4.1.0
1904 silly packumentCache full:https://registry.npmjs.org/p-locate cache-miss
1905 http fetch GET 200 https://registry.npmjs.org/p-locate 40ms (cache revalidated)
1906 silly packumentCache full:https://registry.npmjs.org/p-locate set size:22488 disposed:false
1907 silly placeDep ROOT p-locate@4.1.0 OK for: locate-path@5.0.0 want: ^4.1.0
1908 silly fetch manifest p-limit@^2.2.0
1909 silly packumentCache full:https://registry.npmjs.org/p-limit cache-miss
1910 http fetch GET 200 https://registry.npmjs.org/p-limit 40ms (cache revalidated)
1911 silly packumentCache full:https://registry.npmjs.org/p-limit set size:61867 disposed:false
1912 silly placeDep ROOT p-limit@2.3.0 OK for: p-locate@4.1.0 want: ^2.2.0
1913 silly fetch manifest p-try@^2.0.0
1914 silly packumentCache full:https://registry.npmjs.org/p-try cache-miss
1915 http fetch GET 200 https://registry.npmjs.org/p-try 33ms (cache miss)
1916 silly packumentCache full:https://registry.npmjs.org/p-try set size:undefined disposed:false
1917 silly placeDep ROOT p-try@2.2.0 OK for: p-limit@2.3.0 want: ^2.0.0
1918 silly placeDep ROOT err-code@2.0.3 OK for: promise-retry@2.0.1 want: ^2.0.2
1919 silly placeDep ROOT retry@0.12.0 OK for: promise-retry@2.0.1 want: ^0.12.0
1920 silly placeDep ROOT kleur@3.0.3 OK for: prompts@2.4.2 want: ^3.0.3
1921 silly placeDep ROOT sisteransi@1.0.5 OK for: prompts@2.4.2 want: ^1.0.5
1922 silly placeDep ROOT onetime@5.1.2 OK for: restore-cursor@3.1.0 want: ^5.1.0
1923 silly placeDep node_modules/restore-cursor signal-exit@3.0.7 OK for: restore-cursor@3.1.0 want: ^3.0.2
1924 silly fetch manifest mimic-fn@^2.1.0
1925 silly packumentCache full:https://registry.npmjs.org/mimic-fn cache-miss
1926 http fetch GET 200 https://registry.npmjs.org/mimic-fn 34ms (cache revalidated)
1927 silly packumentCache full:https://registry.npmjs.org/mimic-fn set size:22257 disposed:false
1928 silly placeDep ROOT mimic-fn@2.1.0 OK for: onetime@5.1.2 want: ^2.1.0
1929 silly placeDep ROOT queue-microtask@1.2.3 OK for: run-parallel@1.2.0 want: ^1.2.2
1930 silly placeDep node_modules/semver lru-cache@6.0.0 OK for: semver@7.5.4 want: ^6.0.0
1931 silly fetch manifest yallist@^4.0.0
1932 silly packumentCache full:https://registry.npmjs.org/yallist cache-hit
1933 silly placeDep ROOT shebang-regex@3.0.0 OK for: shebang-command@2.0.0 want: ^3.0.0
1934 silly placeDep ROOT emoji-regex@8.0.0 OK for: string-width@4.2.3 want: ^8.0.0
1935 silly placeDep ROOT is-fullwidth-code-point@3.0.0 OK for: string-width@4.2.3 want: ^3.0.0
1936 silly placeDep ROOT ansi-regex@5.0.1 OK for: strip-ansi@6.0.1 want: ^5.0.1
1937 silly placeDep ROOT @jridgewell/gen-mapping@0.3.13 OK for: sucrase@3.35.0 want: ^0.3.2
1938 silly placeDep ROOT commander@4.1.1 OK for: sucrase@3.35.0 want: ^4.0.0
1939 silly placeDep ROOT lines-and-columns@1.2.4 OK for: sucrase@3.35.0 want: ^1.1.6
1940 silly placeDep ROOT mz@2.7.0 OK for: sucrase@3.35.0 want: ^2.7.0
1941 silly placeDep ROOT pirates@4.0.7 OK for: sucrase@3.35.0 want: ^4.0.1
1942 silly placeDep ROOT ts-interface-checker@0.1.13 OK for: sucrase@3.35.0 want: ^0.1.9
1943 silly fetch manifest @jridgewell/sourcemap-codec@^1.5.0
1944 silly packumentCache full:https://registry.npmjs.org/@jridgewell%2fsourcemap-codec cache-miss
1945 silly fetch manifest @jridgewell/trace-mapping@^0.3.24
1946 silly packumentCache full:https://registry.npmjs.org/@jridgewell%2ftrace-mapping cache-miss
1947 silly fetch manifest any-promise@^1.0.0
1948 silly packumentCache full:https://registry.npmjs.org/any-promise cache-miss
1949 silly fetch manifest object-assign@^4.0.1
1950 silly packumentCache full:https://registry.npmjs.org/object-assign cache-miss
1951 silly fetch manifest thenify-all@^1.0.0
1952 silly packumentCache full:https://registry.npmjs.org/thenify-all cache-miss
1953 http fetch GET 200 https://registry.npmjs.org/thenify-all 22ms (cache miss)
1954 silly packumentCache full:https://registry.npmjs.org/thenify-all set size:undefined disposed:false
1955 http fetch GET 200 https://registry.npmjs.org/any-promise 24ms (cache revalidated)
1956 silly packumentCache full:https://registry.npmjs.org/any-promise set size:20233 disposed:false
1957 http fetch GET 200 https://registry.npmjs.org/@jridgewell%2fsourcemap-codec 34ms (cache revalidated)
1958 silly packumentCache full:https://registry.npmjs.org/@jridgewell%2fsourcemap-codec set size:59275 disposed:false
1959 http fetch GET 200 https://registry.npmjs.org/object-assign 304ms (cache revalidated)
1960 silly packumentCache full:https://registry.npmjs.org/object-assign set size:28988 disposed:false
1961 http fetch GET 200 https://registry.npmjs.org/@jridgewell%2ftrace-mapping 853ms (cache revalidated)
1962 silly packumentCache full:https://registry.npmjs.org/@jridgewell%2ftrace-mapping set size:170909 disposed:false
1963 silly placeDep ROOT @jridgewell/sourcemap-codec@1.5.5 OK for: @jridgewell/gen-mapping@0.3.13 want: ^1.5.0
1964 silly placeDep ROOT @jridgewell/trace-mapping@0.3.31 OK for: @jridgewell/gen-mapping@0.3.13 want: ^0.3.24
1965 silly fetch manifest @jridgewell/resolve-uri@^3.1.0
1966 silly packumentCache full:https://registry.npmjs.org/@jridgewell%2fresolve-uri cache-miss
1967 http fetch GET 200 https://registry.npmjs.org/@jridgewell%2fresolve-uri 909ms (cache revalidated)
1968 silly packumentCache full:https://registry.npmjs.org/@jridgewell%2fresolve-uri set size:57361 disposed:false
1969 silly placeDep ROOT @jridgewell/resolve-uri@3.1.2 OK for: @jridgewell/trace-mapping@0.3.31 want: ^3.1.0
1970 silly placeDep ROOT any-promise@1.3.0 OK for: mz@2.7.0 want: ^1.0.0
1971 silly placeDep ROOT object-assign@4.1.1 OK for: mz@2.7.0 want: ^4.0.1
1972 silly placeDep ROOT thenify-all@1.6.0 OK for: mz@2.7.0 want: ^1.0.0
1973 silly fetch manifest thenify@>= 3.1.0 < 4
1974 silly packumentCache full:https://registry.npmjs.org/thenify cache-miss
1975 http fetch GET 200 https://registry.npmjs.org/thenify 25ms (cache miss)
1976 silly packumentCache full:https://registry.npmjs.org/thenify set size:undefined disposed:false
1977 silly placeDep ROOT has-flag@4.0.0 OK for: supports-color@8.1.1 want: ^4.0.0
1978 silly placeDep node_modules/supports-hyperlinks supports-color@7.2.0 OK for: supports-hyperlinks@2.3.0 want: ^7.0.0
1979 silly placeDep ROOT @isaacs/fs-minipass@4.0.1 OK for: tar@7.5.7 want: ^4.0.0
1980 silly placeDep ROOT chownr@3.0.0 OK for: tar@7.5.7 want: ^3.0.0
1981 silly placeDep node_modules/tar minizlib@3.1.0 OK for: tar@7.5.7 want: ^3.1.0
1982 silly placeDep ROOT yallist@5.0.0 OK for: tar@7.5.7 want: ^5.0.0
1983 silly fetch manifest react-native-b4a@*
1984 silly packumentCache full:https://registry.npmjs.org/react-native-b4a cache-miss
1985 http fetch GET 200 https://registry.npmjs.org/react-native-b4a 26ms (cache miss)
1986 silly packumentCache full:https://registry.npmjs.org/react-native-b4a set size:undefined disposed:false
1987 silly fetch manifest react@*
1988 silly packumentCache full:https://registry.npmjs.org/react cache-miss
1989 http fetch GET 200 https://registry.npmjs.org/react 165ms (cache updated)
1990 silly packumentCache full:https://registry.npmjs.org/react set size:undefined disposed:false
1991 silly fetch manifest react-native@*
1992 silly packumentCache full:https://registry.npmjs.org/react-native cache-miss
1993 http fetch GET 200 https://registry.npmjs.org/react-native 990ms (cache miss)
1994 silly packumentCache full:https://registry.npmjs.org/react-native set size:undefined disposed:false
1995 silly fetch manifest @types/react@^19.1.1
1996 silly packumentCache full:https://registry.npmjs.org/@types%2freact cache-miss
1997 http fetch GET 200 https://registry.npmjs.org/@types%2freact 34ms (cache revalidated)
1998 silly packumentCache full:https://registry.npmjs.org/@types%2freact set size:2588986 disposed:false
1999 silly placeDep ROOT b4a@1.8.0 OK for: tar-stream@3.1.7 want: ^1.6.4
2000 silly placeDep ROOT fast-fifo@1.3.2 OK for: tar-stream@3.1.7 want: ^1.2.0
2001 silly placeDep ROOT streamx@2.23.0 OK for: tar-stream@3.1.7 want: ^2.15.0
2002 silly fetch manifest events-universal@^1.0.0
2003 silly packumentCache full:https://registry.npmjs.org/events-universal cache-miss
2004 silly fetch manifest text-decoder@^1.1.0
2005 silly packumentCache full:https://registry.npmjs.org/text-decoder cache-miss
2006 http fetch GET 200 https://registry.npmjs.org/events-universal 23ms (cache miss)
2007 silly packumentCache full:https://registry.npmjs.org/events-universal set size:undefined disposed:false
2008 http fetch GET 200 https://registry.npmjs.org/text-decoder 34ms (cache miss)
2009 silly packumentCache full:https://registry.npmjs.org/text-decoder set size:undefined disposed:false
2010 silly placeDep ROOT events-universal@1.0.1 OK for: streamx@2.23.0 want: ^1.0.0
2011 silly placeDep ROOT text-decoder@1.2.7 OK for: streamx@2.23.0 want: ^1.1.0
2012 silly fetch manifest bare-events@^2.7.0
2013 silly packumentCache full:https://registry.npmjs.org/bare-events cache-miss
2014 http fetch GET 200 https://registry.npmjs.org/bare-events 55ms (cache miss)
2015 silly packumentCache full:https://registry.npmjs.org/bare-events set size:undefined disposed:false
2016 silly fetch manifest bare-abort-controller@*
2017 silly packumentCache full:https://registry.npmjs.org/bare-abort-controller cache-miss
2018 http fetch GET 200 https://registry.npmjs.org/bare-abort-controller 307ms (cache miss)
2019 silly packumentCache full:https://registry.npmjs.org/bare-abort-controller set size:undefined disposed:false
2020 silly placeDep ROOT bare-events@2.8.2 OK for: events-universal@1.0.1 want: ^2.7.0
2021 silly placeDep ROOT thenify@3.3.1 OK for: thenify-all@1.6.0 want: >= 3.1.0 < 4
2022 silly placeDep ROOT is-number@7.0.0 OK for: to-regex-range@5.0.1 want: ^7.0.0
2023 silly placeDep ROOT safe-buffer@5.2.1 OK for: tunnel-agent@0.6.0 want: ^5.0.1
2024 silly placeDep ROOT domino@2.1.6 OK for: turndown@7.1.2 want: ^2.1.6
2025 silly placeDep ROOT crypto-random-string@2.0.0 OK for: unique-string@2.0.0 want: ^2.0.0
2026 silly placeDep ROOT punycode@2.3.1 OK for: uri-js@4.4.1 want: ^2.1.0
2027 silly placeDep ROOT defaults@1.0.4 OK for: wcwidth@1.0.1 want: ^1.0.3
2028 silly fetch manifest clone@^1.0.2
2029 silly packumentCache full:https://registry.npmjs.org/clone cache-miss
2030 http fetch GET 200 https://registry.npmjs.org/clone 28ms (cache miss)
2031 silly packumentCache full:https://registry.npmjs.org/clone set size:undefined disposed:false
2032 silly placeDep ROOT clone@1.0.4 OK for: defaults@1.0.4 want: ^1.0.2
2033 silly placeDep ROOT tr46@0.0.3 OK for: whatwg-url@5.0.0 want: ~0.0.3
2034 silly placeDep ROOT webidl-conversions@3.0.1 OK for: whatwg-url@5.0.0 want: ^3.0.0
2035 silly placeDep ROOT isexe@2.0.0 OK for: which@2.0.2 want: ^2.0.0
2036 silly placeDep ROOT imurmurhash@0.1.4 OK for: write-file-atomic@2.4.3 want: ^0.1.4
2037 silly placeDep node_modules/write-file-atomic signal-exit@3.0.7 OK for: write-file-atomic@2.4.3 want: ^3.0.2
2038 silly placeDep ROOT simple-plist@1.3.1 OK for: xcode@3.0.1 want: ^1.1.0
2039 silly placeDep node_modules/xcode uuid@7.0.3 OK for: xcode@3.0.1 want: ^7.0.3
2040 silly fetch manifest bplist-creator@0.1.0
2041 silly packumentCache full:https://registry.npmjs.org/bplist-creator cache-miss
2042 silly fetch manifest bplist-parser@0.3.1
2043 silly packumentCache full:https://registry.npmjs.org/bplist-parser cache-miss
2044 silly fetch manifest plist@^3.0.5
2045 silly packumentCache full:https://registry.npmjs.org/plist cache-miss
2046 http cache https://registry.npmjs.org/bplist-parser 2ms (cache hit)
2047 silly packumentCache full:https://registry.npmjs.org/bplist-parser set size:21877 disposed:false
2048 http fetch GET 200 https://registry.npmjs.org/bplist-creator 27ms (cache miss)
2049 silly packumentCache full:https://registry.npmjs.org/bplist-creator set size:undefined disposed:false
2050 http fetch GET 200 https://registry.npmjs.org/plist 28ms (cache miss)
2051 silly packumentCache full:https://registry.npmjs.org/plist set size:undefined disposed:false
2052 silly placeDep ROOT bplist-creator@0.1.0 OK for: simple-plist@1.3.1 want: 0.1.0
2053 silly placeDep node_modules/simple-plist bplist-parser@0.3.1 OK for: simple-plist@1.3.1 want: 0.3.1
2054 silly placeDep ROOT plist@3.1.0 OK for: simple-plist@1.3.1 want: ^3.0.5
2055 silly fetch manifest stream-buffers@2.2.x
2056 silly packumentCache full:https://registry.npmjs.org/stream-buffers cache-miss
2057 silly fetch manifest @xmldom/xmldom@^0.8.8
2058 silly packumentCache full:https://registry.npmjs.org/@xmldom%2fxmldom cache-miss
2059 silly fetch manifest xmlbuilder@^15.1.1
2060 silly packumentCache full:https://registry.npmjs.org/xmlbuilder cache-hit
2061 http cache https://registry.npmjs.org/@xmldom%2fxmldom 2ms (cache hit)
2062 silly packumentCache full:https://registry.npmjs.org/@xmldom%2fxmldom set size:154096 disposed:false
2063 http fetch GET 200 https://registry.npmjs.org/stream-buffers 32ms (cache miss)
2064 silly packumentCache full:https://registry.npmjs.org/stream-buffers set size:undefined disposed:false
2065 silly placeDep ROOT stream-buffers@2.2.0 OK for: bplist-creator@0.1.0 want: 2.2.x
2066 silly placeDep node_modules/plist @xmldom/xmldom@0.8.11 OK for: plist@3.1.0 want: ^0.8.8
2067 silly placeDep node_modules/plist xmlbuilder@15.1.1 OK for: plist@3.1.0 want: ^15.1.1
2068 silly placeDep ROOT sax@1.4.4 OK for: xml2js@0.6.0 want: >=0.6.0
2069 silly placeDep node_modules/xml2js xmlbuilder@11.0.1 OK for: xml2js@0.6.0 want: ~11.0.0
2070 silly placeDep node_modules/@babel/highlight ansi-styles@3.2.1 OK for: chalk@2.4.2 want: ^3.2.1
2071 silly placeDep node_modules/@babel/highlight escape-string-regexp@1.0.5 OK for: chalk@2.4.2 want: ^1.0.5
2072 silly placeDep node_modules/@babel/highlight supports-color@5.5.0 OK for: chalk@2.4.2 want: ^5.3.0
2073 silly fetch manifest color-convert@^1.9.0
2074 silly packumentCache full:https://registry.npmjs.org/color-convert cache-hit
2075 silly fetch manifest has-flag@^3.0.0
2076 silly packumentCache full:https://registry.npmjs.org/has-flag cache-hit
2077 silly placeDep node_modules/@babel/highlight color-convert@1.9.3 OK for: ansi-styles@3.2.1 want: ^1.9.0
2078 silly fetch manifest color-name@1.1.3
2079 silly packumentCache full:https://registry.npmjs.org/color-name cache-hit
2080 silly placeDep node_modules/@babel/highlight color-name@1.1.3 OK for: color-convert@1.9.3 want: 1.1.3
2081 silly placeDep node_modules/@babel/highlight has-flag@3.0.0 OK for: supports-color@5.5.0 want: ^3.0.0
2082 silly placeDep node_modules/@expo/eas-json/node_modules/@babel/code-frame chalk@2.4.2 OK for: @babel/code-frame@7.23.5 want: ^2.4.2
2083 silly placeDep node_modules/@expo/eas-json lru-cache@6.0.0 OK for: semver@7.5.2 want: ^6.0.0
2084 silly placeDep node_modules/@expo/eas-json yallist@4.0.0 OK for: lru-cache@6.0.0 want: ^4.0.0
2085 silly placeDep ROOT at-least-node@1.0.0 OK for: fs-extra@9.0.0 want: ^1.0.0
2086 silly placeDep node_modules/@expo/image-utils universalify@1.0.0 OK for: fs-extra@9.0.0 want: ^1.0.0
2087 silly placeDep node_modules/@expo/package-manager @babel/code-frame@7.29.0 OK for: @expo/json-file@10.0.12 want: ^7.20.0
2088 silly placeDep node_modules/@expo/package-manager/node_modules/ora chalk@2.4.2 OK for: ora@3.4.0 want: ^2.4.2
2089 silly placeDep node_modules/@expo/package-manager cli-cursor@2.1.0 OK for: ora@3.4.0 want: ^2.1.0
2090 silly placeDep node_modules/@expo/package-manager log-symbols@2.2.0 OK for: ora@3.4.0 want: ^2.2.0
2091 silly placeDep node_modules/@expo/package-manager strip-ansi@5.2.0 OK for: ora@3.4.0 want: ^5.2.0
2092 silly fetch manifest restore-cursor@^2.0.0
2093 silly packumentCache full:https://registry.npmjs.org/restore-cursor cache-miss
2094 silly fetch manifest chalk@^2.0.1
2095 silly packumentCache full:https://registry.npmjs.org/chalk cache-hit
2096 silly fetch manifest ansi-regex@^4.1.0
2097 silly packumentCache full:https://registry.npmjs.org/ansi-regex cache-hit
2098 http cache https://registry.npmjs.org/restore-cursor 2ms (cache hit)
2099 silly packumentCache full:https://registry.npmjs.org/restore-cursor set size:17895 disposed:false
2100 silly placeDep node_modules/@expo/package-manager restore-cursor@2.0.0 OK for: cli-cursor@2.1.0 want: ^2.0.0
2101 silly fetch manifest onetime@^2.0.0
2102 silly packumentCache full:https://registry.npmjs.org/onetime cache-hit
2103 silly placeDep node_modules/@expo/package-manager/node_modules/log-symbols chalk@2.4.2 OK for: log-symbols@2.2.0 want: ^2.0.1
2104 silly placeDep node_modules/@expo/package-manager onetime@2.0.1 OK for: restore-cursor@2.0.0 want: ^2.0.0
2105 silly placeDep node_modules/@expo/package-manager signal-exit@3.0.7 OK for: restore-cursor@2.0.0 want: ^3.0.2
2106 silly fetch manifest mimic-fn@^1.0.0
2107 silly packumentCache full:https://registry.npmjs.org/mimic-fn cache-hit
2108 silly placeDep node_modules/@expo/package-manager mimic-fn@1.2.0 OK for: onetime@2.0.1 want: ^1.0.0
2109 silly placeDep node_modules/@expo/package-manager ansi-regex@4.1.1 OK for: strip-ansi@5.2.0 want: ^4.1.0
2110 silly fetch manifest @swc/core@>=1.2.50
2111 silly packumentCache full:https://registry.npmjs.org/@swc%2fcore cache-miss
2112 http fetch GET 200 https://registry.npmjs.org/@swc%2fcore 132ms (cache miss)
2113 silly packumentCache full:https://registry.npmjs.org/@swc%2fcore set size:undefined disposed:false
2114 silly fetch manifest @swc/helpers@>=0.5.17
2115 silly packumentCache full:https://registry.npmjs.org/@swc%2fhelpers cache-miss
2116 http fetch GET 200 https://registry.npmjs.org/@swc%2fhelpers 486ms (cache updated)
2117 silly packumentCache full:https://registry.npmjs.org/@swc%2fhelpers set size:undefined disposed:false
2118 silly fetch manifest @swc/wasm@>=1.2.50
2119 silly packumentCache full:https://registry.npmjs.org/@swc%2fwasm cache-miss
2120 http fetch GET 200 https://registry.npmjs.org/@swc%2fwasm 298ms (cache miss)
2121 silly packumentCache full:https://registry.npmjs.org/@swc%2fwasm set size:undefined disposed:false
2122 silly fetch manifest typescript@>=2.7
2123 silly packumentCache full:https://registry.npmjs.org/typescript cache-miss
2124 http fetch GET 200 https://registry.npmjs.org/typescript 267ms (cache updated)
2125 silly packumentCache full:https://registry.npmjs.org/typescript set size:undefined disposed:false
2126 silly placeDep ROOT @types/cli-progress@3.11.6 OK for: @oclif/core@2.16.0 want: ^3.11.0
2127 silly placeDep ROOT slice-ansi@4.0.0 OK for: @oclif/core@2.16.0 want: ^4.0.0
2128 silly placeDep ROOT ts-node@10.9.2 OK for: @oclif/core@2.16.0 want: ^10.9.1
2129 silly placeDep ROOT typescript@5.9.3 OK for: ts-node@10.9.2 want: >=2.7
2130 silly placeDep ROOT wordwrap@1.0.0 OK for: @oclif/core@2.16.0 want: ^1.0.0
2131 silly fetch manifest astral-regex@^2.0.0
2132 silly packumentCache full:https://registry.npmjs.org/astral-regex cache-miss
2133 silly fetch manifest yn@3.1.1
2134 silly packumentCache full:https://registry.npmjs.org/yn cache-miss
2135 silly fetch manifest arg@^4.1.0
2136 silly packumentCache full:https://registry.npmjs.org/arg cache-miss
2137 silly fetch manifest diff@^4.0.1
2138 silly packumentCache full:https://registry.npmjs.org/diff cache-miss
2139 silly fetch manifest acorn@^8.4.1
2140 silly packumentCache full:https://registry.npmjs.org/acorn cache-miss
2141 silly fetch manifest acorn-walk@^8.1.1
2142 silly packumentCache full:https://registry.npmjs.org/acorn-walk cache-miss
2143 silly fetch manifest make-error@^1.1.1
2144 silly packumentCache full:https://registry.npmjs.org/make-error cache-miss
2145 http cache https://registry.npmjs.org/arg 5ms (cache hit)
2146 silly packumentCache full:https://registry.npmjs.org/arg set size:67036 disposed:false
2147 silly fetch manifest create-require@^1.1.0
2148 silly packumentCache full:https://registry.npmjs.org/create-require cache-miss
2149 http cache https://registry.npmjs.org/diff 5ms (cache hit)
2150 silly packumentCache full:https://registry.npmjs.org/diff set size:146701 disposed:false
2151 silly fetch manifest @tsconfig/node10@^1.0.7
2152 silly packumentCache full:https://registry.npmjs.org/@tsconfig%2fnode10 cache-miss
2153 http fetch GET 200 https://registry.npmjs.org/yn 26ms (cache miss)
2154 silly packumentCache full:https://registry.npmjs.org/yn set size:undefined disposed:false
2155 silly fetch manifest @tsconfig/node12@^1.0.7
2156 silly packumentCache full:https://registry.npmjs.org/@tsconfig%2fnode12 cache-miss
2157 http fetch GET 200 https://registry.npmjs.org/astral-regex 29ms (cache miss)
2158 silly packumentCache full:https://registry.npmjs.org/astral-regex set size:undefined disposed:false
2159 silly fetch manifest @tsconfig/node14@^1.0.0
2160 silly packumentCache full:https://registry.npmjs.org/@tsconfig%2fnode14 cache-miss
2161 http fetch GET 200 https://registry.npmjs.org/acorn-walk 29ms (cache miss)
2162 silly packumentCache full:https://registry.npmjs.org/acorn-walk set size:undefined disposed:false
2163 silly fetch manifest @tsconfig/node16@^1.0.2
2164 silly packumentCache full:https://registry.npmjs.org/@tsconfig%2fnode16 cache-miss
2165 http fetch GET 200 https://registry.npmjs.org/create-require 27ms (cache miss)
2166 silly packumentCache full:https://registry.npmjs.org/create-require set size:undefined disposed:false
2167 silly fetch manifest v8-compile-cache-lib@^3.0.1
2168 silly packumentCache full:https://registry.npmjs.org/v8-compile-cache-lib cache-miss
2169 http fetch GET 200 https://registry.npmjs.org/make-error 32ms (cache miss)
2170 silly packumentCache full:https://registry.npmjs.org/make-error set size:undefined disposed:false
2171 silly fetch manifest @cspotcode/source-map-support@^0.8.0
2172 silly packumentCache full:https://registry.npmjs.org/@cspotcode%2fsource-map-support cache-miss
2173 http fetch GET 200 https://registry.npmjs.org/acorn 33ms (cache revalidated)
2174 silly packumentCache full:https://registry.npmjs.org/acorn set size:379626 disposed:false
2175 http fetch GET 200 https://registry.npmjs.org/@tsconfig%2fnode10 31ms (cache miss)
2176 silly packumentCache full:https://registry.npmjs.org/@tsconfig%2fnode10 set size:undefined disposed:false
2177 http fetch GET 200 https://registry.npmjs.org/v8-compile-cache-lib 28ms (cache miss)
2178 silly packumentCache full:https://registry.npmjs.org/v8-compile-cache-lib set size:undefined disposed:false
2179 http fetch GET 200 https://registry.npmjs.org/@tsconfig%2fnode12 36ms (cache miss)
2180 silly packumentCache full:https://registry.npmjs.org/@tsconfig%2fnode12 set size:undefined disposed:false
2181 http fetch GET 200 https://registry.npmjs.org/@tsconfig%2fnode16 37ms (cache miss)
2182 silly packumentCache full:https://registry.npmjs.org/@tsconfig%2fnode16 set size:undefined disposed:false
2183 http fetch GET 200 https://registry.npmjs.org/@tsconfig%2fnode14 40ms (cache miss)
2184 silly packumentCache full:https://registry.npmjs.org/@tsconfig%2fnode14 set size:undefined disposed:false
2185 http fetch GET 200 https://registry.npmjs.org/@cspotcode%2fsource-map-support 36ms (cache miss)
2186 silly packumentCache full:https://registry.npmjs.org/@cspotcode%2fsource-map-support set size:undefined disposed:false
2187 silly placeDep ROOT astral-regex@2.0.0 OK for: slice-ansi@4.0.0 want: ^2.0.0
2188 silly placeDep ROOT @cspotcode/source-map-support@0.8.1 OK for: ts-node@10.9.2 want: ^0.8.0
2189 silly placeDep ROOT @tsconfig/node10@1.0.12 OK for: ts-node@10.9.2 want: ^1.0.7
2190 silly placeDep ROOT @tsconfig/node12@1.0.11 OK for: ts-node@10.9.2 want: ^1.0.7
2191 silly placeDep ROOT @tsconfig/node14@1.0.3 OK for: ts-node@10.9.2 want: ^1.0.0
2192 silly placeDep ROOT @tsconfig/node16@1.0.4 OK for: ts-node@10.9.2 want: ^1.0.2
2193 silly placeDep ROOT acorn@8.16.0 OK for: ts-node@10.9.2 want: ^8.4.1
2194 silly placeDep ROOT acorn-walk@8.3.5 OK for: ts-node@10.9.2 want: ^8.1.1
2195 silly placeDep node_modules/ts-node arg@4.1.3 OK for: ts-node@10.9.2 want: ^4.1.0
2196 silly placeDep ROOT create-require@1.1.1 OK for: ts-node@10.9.2 want: ^1.1.0
2197 silly placeDep node_modules/ts-node diff@4.0.4 OK for: ts-node@10.9.2 want: ^4.0.1
2198 silly placeDep ROOT make-error@1.3.6 OK for: ts-node@10.9.2 want: ^1.1.1
2199 silly placeDep ROOT v8-compile-cache-lib@3.0.1 OK for: ts-node@10.9.2 want: ^3.0.1
2200 silly placeDep ROOT yn@3.1.1 OK for: ts-node@10.9.2 want: 3.1.1
2201 silly fetch manifest @jridgewell/trace-mapping@0.3.9
2202 silly packumentCache full:https://registry.npmjs.org/@jridgewell%2ftrace-mapping cache-hit
2203 silly placeDep node_modules/@cspotcode/source-map-support @jridgewell/trace-mapping@0.3.9 OK for: @cspotcode/source-map-support@0.8.1 want: 0.3.9
2204 silly placeDep ROOT eastasianwidth@0.2.0 OK for: string-width@5.1.2 want: ^0.2.0
2205 silly placeDep node_modules/@isaacs/cliui emoji-regex@9.2.2 OK for: string-width@5.1.2 want: ^9.2.2
2206 silly placeDep node_modules/@isaacs/cliui ansi-regex@6.2.2 OK for: strip-ansi@7.1.2 want: ^6.0.1
2207 silly placeDep node_modules/@isaacs/cliui ansi-styles@6.2.3 OK for: wrap-ansi@8.1.0 want: ^6.1.0
2208 silly placeDep node_modules/glob brace-expansion@5.0.3 OK for: minimatch@9.0.8 want: ^5.0.2
2209 silly fetch manifest balanced-match@^4.0.2
2210 silly packumentCache full:https://registry.npmjs.org/balanced-match cache-miss
2211 http cache https://registry.npmjs.org/balanced-match 1ms (cache hit)
2212 silly packumentCache full:https://registry.npmjs.org/balanced-match set size:39082 disposed:false
2213 silly placeDep node_modules/glob balanced-match@4.0.4 OK for: brace-expansion@5.0.3 want: ^4.0.2
2214 silly placeDep node_modules/mv glob@6.0.4 OK for: rimraf@2.4.5 want: ^6.0.1
2215 silly fetch manifest once@^1.3.0
2216 silly packumentCache full:https://registry.npmjs.org/once cache-miss
2217 silly fetch manifest inflight@^1.0.4
2218 silly packumentCache full:https://registry.npmjs.org/inflight cache-miss
2219 silly fetch manifest inherits@2
2220 silly packumentCache full:https://registry.npmjs.org/inherits cache-miss
2221 silly fetch manifest minimatch@2 || 3
2222 silly packumentCache full:https://registry.npmjs.org/minimatch cache-hit
2223 silly fetch manifest path-is-absolute@^1.0.0
2224 silly packumentCache full:https://registry.npmjs.org/path-is-absolute cache-miss
2225 http fetch GET 200 https://registry.npmjs.org/once 25ms (cache revalidated)
2226 silly packumentCache full:https://registry.npmjs.org/once set size:11768 disposed:false
2227 http fetch GET 200 https://registry.npmjs.org/inflight 27ms (cache miss)
2228 silly packumentCache full:https://registry.npmjs.org/inflight set size:undefined disposed:false
2229 http fetch GET 200 https://registry.npmjs.org/inherits 30ms (cache revalidated)
2230 silly packumentCache full:https://registry.npmjs.org/inherits set size:12925 disposed:false
2231 http fetch GET 200 https://registry.npmjs.org/path-is-absolute 380ms (cache miss)
2232 silly packumentCache full:https://registry.npmjs.org/path-is-absolute set size:undefined disposed:false
2233 silly placeDep ROOT inflight@1.0.6 OK for: glob@6.0.4 want: ^1.0.4
2234 silly placeDep ROOT inherits@2.0.4 OK for: glob@6.0.4 want: 2
2235 silly placeDep node_modules/mv minimatch@3.1.5 OK for: glob@6.0.4 want: 2 || 3
2236 silly placeDep ROOT once@1.4.0 OK for: glob@6.0.4 want: ^1.3.0
2237 silly placeDep ROOT path-is-absolute@1.0.1 OK for: glob@6.0.4 want: ^1.0.0
2238 silly fetch manifest wrappy@1
2239 silly packumentCache full:https://registry.npmjs.org/wrappy cache-miss
2240 silly fetch manifest brace-expansion@^1.1.7
2241 silly packumentCache full:https://registry.npmjs.org/brace-expansion cache-hit
2242 silly fetch manifest wrappy@1
2243 silly packumentCache full:https://registry.npmjs.org/wrappy cache-miss
2244 http fetch GET 200 https://registry.npmjs.org/wrappy 28ms (cache revalidated)
2245 silly packumentCache full:https://registry.npmjs.org/wrappy set size:7682 disposed:false
2246 http fetch GET 200 https://registry.npmjs.org/wrappy 28ms (cache revalidated)
2247 silly packumentCache full:https://registry.npmjs.org/wrappy set size:7682 disposed:false
2248 silly packumentCache full:https://registry.npmjs.org/wrappy dispose
2249 silly placeDep ROOT wrappy@1.0.2 OK for: inflight@1.0.6 want: 1
2250 silly placeDep node_modules/mv brace-expansion@1.1.12 OK for: minimatch@3.1.5 want: ^1.1.7
2251 silly fetch manifest concat-map@0.0.1
2252 silly packumentCache full:https://registry.npmjs.org/concat-map cache-miss
2253 http fetch GET 200 https://registry.npmjs.org/concat-map 31ms (cache revalidated)
2254 silly packumentCache full:https://registry.npmjs.org/concat-map set size:9290 disposed:false
2255 silly placeDep ROOT concat-map@0.0.1 OK for: brace-expansion@1.1.12 want: 0.0.1
2256 silly placeDep node_modules/semver yallist@4.0.0 OK for: lru-cache@6.0.0 want: ^4.0.0
2257 silly placeDep node_modules/@expo/eas-json ansi-styles@3.2.1 OK for: chalk@2.4.2 want: ^3.2.1
2258 silly placeDep node_modules/@expo/eas-json escape-string-regexp@1.0.5 OK for: chalk@2.4.2 want: ^1.0.5
2259 silly placeDep node_modules/@expo/eas-json supports-color@5.5.0 OK for: chalk@2.4.2 want: ^5.3.0
2260 silly placeDep node_modules/@expo/eas-json color-convert@1.9.3 OK for: ansi-styles@3.2.1 want: ^1.9.0
2261 silly placeDep node_modules/@expo/eas-json color-name@1.1.3 OK for: color-convert@1.9.3 want: 1.1.3
2262 silly placeDep node_modules/@expo/eas-json has-flag@3.0.0 OK for: supports-color@5.5.0 want: ^3.0.0
2263 silly placeDep node_modules/@expo/package-manager ansi-styles@3.2.1 OK for: chalk@2.4.2 want: ^3.2.1
2264 silly placeDep node_modules/@expo/package-manager escape-string-regexp@1.0.5 OK for: chalk@2.4.2 want: ^1.0.5
2265 silly placeDep node_modules/@expo/package-manager supports-color@5.5.0 OK for: chalk@2.4.2 want: ^5.3.0
2266 silly placeDep node_modules/@expo/package-manager color-convert@1.9.3 OK for: ansi-styles@3.2.1 want: ^1.9.0
2267 silly placeDep node_modules/@expo/package-manager color-name@1.1.3 OK for: color-convert@1.9.3 want: 1.1.3
2268 silly placeDep node_modules/@expo/package-manager has-flag@3.0.0 OK for: supports-color@5.5.0 want: ^3.0.0
2269 silly reify moves {}
2270 silly audit bulk request {
2270 silly audit   'eas-cli': [ '18.0.5' ],
2270 silly audit   '@expo/apple-utils': [ '2.1.13' ],
2270 silly audit   '@expo/code-signing-certificates': [ '0.0.5' ],
2270 silly audit   '@expo/config': [ '10.0.6' ],
2270 silly audit   '@expo/config-plugins': [ '9.0.12' ],
2270 silly audit   '@expo/eas-build-job': [ '18.0.2' ],
2270 silly audit   '@expo/eas-json': [ '18.0.2' ],
2270 silly audit   '@expo/env': [ '1.0.7' ],
2270 silly audit   '@expo/json-file': [ '8.3.3', '9.1.5', '9.0.2', '10.0.12' ],
2270 silly audit   '@expo/logger': [ '18.0.1' ],
2270 silly audit   '@expo/multipart-body-parser': [ '2.0.0' ],
2270 silly audit   '@expo/osascript': [ '2.1.4' ],
2270 silly audit   '@expo/package-manager': [ '1.9.10' ],
2270 silly audit   '@expo/pkcs12': [ '0.1.3' ],
2270 silly audit   '@expo/plist': [ '0.2.0' ],
2270 silly audit   '@expo/plugin-help': [ '5.1.23' ],
2270 silly audit   '@expo/plugin-warn-if-update-available': [ '2.5.1' ],
2270 silly audit   '@expo/prebuild-config': [ '8.0.17' ],
2270 silly audit   '@expo/results': [ '1.0.0' ],
2270 silly audit   '@expo/rudder-sdk-node': [ '1.1.1' ],
2270 silly audit   '@expo/spawn-async': [ '1.7.2' ],
2270 silly audit   '@expo/steps': [ '18.0.2' ],
2270 silly audit   '@expo/timeago.js': [ '1.0.0' ],
2270 silly audit   '@oclif/core': [ '1.26.2', '2.16.0' ],
2270 silly audit   '@oclif/plugin-autocomplete': [ '2.3.10' ],
2270 silly audit   '@segment/ajv-human-errors': [ '2.16.0' ],
2270 silly audit   ajv: [ '8.11.0' ],
2270 silly audit   '@urql/core': [ '4.0.11' ],
2270 silly audit   '@urql/exchange-retry': [ '1.2.0' ],
2270 silly audit   'ajv-formats': [ '2.1.1' ],
2270 silly audit   'better-opn': [ '3.0.2' ],
2270 silly audit   'bplist-parser': [ '0.3.2', '0.3.1' ],
2270 silly audit   chalk: [ '4.1.2', '2.4.2' ],
2270 silly audit   'cli-progress': [ '3.12.0' ],
2270 silly audit   dateformat: [ '4.6.3' ],
2270 silly audit   diff: [ '7.0.0', '4.0.4' ],
2270 silly audit   dotenv: [ '16.3.1', '16.4.7', '16.6.1' ],
2270 silly audit   'env-paths': [ '2.2.0' ],
2270 silly audit   envinfo: [ '7.11.0' ],
2270 silly audit   'fast-deep-equal': [ '3.1.3' ],
2270 silly audit   'fast-glob': [ '3.3.2' ],
2270 silly audit   figures: [ '3.2.0' ],
2270 silly audit   'form-data': [ '4.0.5' ],
2270 silly audit   'fs-extra': [ '11.2.0', '10.1.0', '9.1.0', '9.0.0' ],
2270 silly audit   getenv: [ '1.0.0', '2.0.0' ],
2270 silly audit   'gradle-to-js': [ '2.0.1' ],
2270 silly audit   graphql: [ '16.8.1' ],
2270 silly audit   'graphql-tag': [ '2.12.6' ],
2270 silly audit   'https-proxy-agent': [ '5.0.1' ],
2270 silly audit   ignore: [ '5.3.0' ],
2270 silly audit   'indent-string': [ '4.0.0' ],
2270 silly audit   invariant: [ '2.2.4' ],
2270 silly audit   'jks-js': [ '1.1.0' ],
2270 silly audit   joi: [ '17.11.0', '17.13.3' ],
2270 silly audit   keychain: [ '1.5.0' ],
2270 silly audit   'log-symbols': [ '4.1.0', '2.2.0' ],
2270 silly audit   mime: [ '3.0.0' ],
2270 silly audit   minimatch: [ '5.1.2', '9.0.8', '3.1.5' ],
2270 silly audit   minizlib: [ '3.0.1', '3.1.0' ],
2270 silly audit   nanoid: [ '3.3.8' ],
2270 silly audit   'node-fetch': [ '2.6.7' ],
2270 silly audit   'node-forge': [ '1.3.1' ],
2270 silly audit   'node-stream-zip': [ '1.15.0' ],
2270 silly audit   nullthrows: [ '1.1.1' ],
2270 silly audit   ora: [ '5.1.0', '3.4.0' ],
2270 silly audit   'pkg-dir': [ '4.2.0' ],
2270 silly audit   pngjs: [ '7.0.0', '3.4.0' ],
2270 silly audit   'promise-limit': [ '2.7.0' ],
2270 silly audit   'promise-retry': [ '2.0.1' ],
2270 silly audit   prompts: [ '2.4.2' ],
2270 silly audit   'qrcode-terminal': [ '0.12.0' ],
2270 silly audit   'resolve-from': [ '5.0.0' ],
2270 silly audit   semver: [ '7.5.4', '7.7.4', '7.5.2' ],
2270 silly audit   'set-interval-async': [ '3.0.3' ],
2270 silly audit   slash: [ '3.0.0' ],
2270 silly audit   tar: [ '7.5.7' ],
2270 silly audit   'tar-stream': [ '3.1.7' ],
2270 silly audit   'terminal-link': [ '2.1.1' ],
2270 silly audit   'ts-deepmerge': [ '6.2.0' ],
2270 silly audit   tslib: [ '2.6.2', '2.4.1' ],
2270 silly audit   turndown: [ '7.1.2' ],
2270 silly audit   untildify: [ '4.0.0' ],
2270 silly audit   uuid: [ '9.0.1', '8.3.2', '7.0.3' ],
2270 silly audit   'wrap-ansi': [ '7.0.0', '8.1.0' ],
2270 silly audit   yaml: [ '2.6.0' ],
2270 silly audit   zod: [ '4.3.6' ],
2270 silly audit   '@babel/code-frame': [ '7.10.4', '7.23.5', '7.29.0' ],
2270 silly audit   '@expo/config-types': [ '52.0.5' ],
2270 silly audit   deepmerge: [ '4.3.1' ],
2270 silly audit   glob: [ '10.5.0', '6.0.4' ],
2270 silly audit   'require-from-string': [ '2.0.2' ],
2270 silly audit   'resolve-workspace-root': [ '2.0.1' ],
2270 silly audit   slugify: [ '1.6.6' ],
2270 silly audit   sucrase: [ '3.35.0' ],
2270 silly audit   '@babel/highlight': [ '7.25.9' ],
2270 silly audit   '@babel/helper-validator-identifier': [ '7.28.5' ],
2270 silly audit   'js-tokens': [ '4.0.0' ],
2270 silly audit   picocolors: [ '1.1.1' ],
2270 silly audit   '@expo/sdk-runtime-versions': [ '1.0.0' ],
2270 silly audit   debug: [ '4.4.3' ],
2270 silly audit   xcode: [ '3.0.1' ],
2270 silly audit   xml2js: [ '0.6.0' ],
2270 silly audit   'env-string': [ '1.0.1' ],
2270 silly audit   'golden-fleece': [ '1.0.9' ],
2270 silly audit   'dotenv-expand': [ '11.0.7' ],
2270 silly audit   json5: [ '2.2.3' ],
2270 silly audit   'write-file-atomic': [ '2.4.3' ],
2270 silly audit   '@types/bunyan': [ '1.8.11' ],
2270 silly audit   bunyan: [ '1.8.15' ],
2270 silly audit   multipasta: [ '0.2.7' ],
2270 silly audit   'exec-async': [ '2.2.0' ],
2270 silly audit   'npm-package-arg': [ '11.0.3' ],
2270 silly audit   '@xmldom/xmldom': [ '0.7.13', '0.8.11' ],
2270 silly audit   'base64-js': [ '1.5.1' ],
2270 silly audit   xmlbuilder: [ '14.0.0', '15.1.1', '11.0.1' ],
2270 silly audit   ejs: [ '3.1.10' ],
2270 silly audit   'http-call': [ '5.3.0' ],
2270 silly audit   '@expo/image-utils': [ '0.6.5' ],
2270 silly audit   '@react-native/normalize-colors': [ '0.76.2' ],
2270 silly audit   'jimp-compact': [ '0.16.1' ],
2270 silly audit   'parse-png': [ '2.1.0' ],
2270 silly audit   'temp-dir': [ '2.0.0' ],
2270 silly audit   'unique-string': [ '2.0.0' ],
2270 silly audit   '@expo/bunyan': [ '4.0.1' ],
2270 silly audit   '@segment/loosely-validate-event': [ '2.0.0' ],
2270 silly audit   'fetch-retry': [ '4.1.1' ],
2270 silly audit   md5: [ '2.3.0' ],
2270 silly audit   'remove-trailing-slash': [ '0.1.1' ],
2270 silly audit   'cross-spawn': [ '7.0.6' ],
2270 silly audit   arg: [ '5.0.2', '4.1.3' ],
2270 silly audit   jsep: [ '1.4.0' ],
2270 silly audit   'lodash.clonedeep': [ '4.5.0' ],
2270 silly audit   'lodash.get': [ '4.4.2' ],
2270 silly audit   '@oclif/linewrap': [ '1.0.0' ],
2270 silly audit   '@oclif/screen': [ '3.0.8' ],
2270 silly audit   'ansi-escapes': [ '4.3.2' ],
2270 silly audit   'ansi-styles': [ '4.3.0', '3.2.1', '6.2.3' ],
2270 silly audit   cardinal: [ '2.1.1' ],
2270 silly audit   'clean-stack': [ '3.0.1' ],
2270 silly audit   'get-package-type': [ '0.1.0' ],
2270 silly audit   globby: [ '11.1.0' ],
2270 silly audit   hyperlinker: [ '1.0.0' ],
2270 silly audit   'is-wsl': [ '2.2.0' ],
2270 silly audit   'js-yaml': [ '3.14.2' ],
2270 silly audit   'natural-orderby': [ '2.0.3' ],
2270 silly audit   'object-treeify': [ '1.1.33' ],
2270 silly audit   'password-prompt': [ '1.1.3' ],
2270 silly audit   'string-width': [ '4.2.3', '5.1.2' ],
2270 silly audit   'strip-ansi': [ '6.0.1', '7.1.2', '5.2.0' ],
2270 silly audit   'supports-color': [ '8.1.1', '7.2.0', '5.5.0' ],
2270 silly audit   'supports-hyperlinks': [ '2.3.0' ],
2270 silly audit   'widest-line': [ '3.1.0' ],
2270 silly audit   'component-type': [ '1.2.2' ],
2270 silly audit   'join-component': [ '1.1.0' ],
2270 silly audit   '@types/node': [ '25.3.1' ],
2270 silly audit   'undici-types': [ '7.18.2' ],
2270 silly audit   '@0no-co/graphql.web': [ '1.2.0' ],
2270 silly audit   wonka: [ '6.3.5' ],
2270 silly audit   'json-schema-traverse': [ '1.0.0' ],
2270 silly audit   'uri-js': [ '4.4.1' ],
2270 silly audit   'type-fest': [ '0.21.3' ],
2270 silly audit   'color-convert': [ '2.0.1', '1.9.3' ],
2270 silly audit   open: [ '8.4.2' ],
2270 silly audit   'big-integer': [ '1.6.52' ],
2270 silly audit   'dtrace-provider': [ '0.8.8' ],
2270 silly audit   moment: [ '2.30.1' ],
2270 silly audit   mv: [ '2.1.1' ],
2270 silly audit   'safe-json-stringify': [ '1.2.0' ],
2270 silly audit   ansicolors: [ '0.3.2' ],
2270 silly audit   redeyed: [ '2.1.1' ],
2270 silly audit   'escape-string-regexp': [ '4.0.0', '1.0.5' ],
2270 silly audit   'color-name': [ '1.1.4', '1.1.3' ],
2270 silly audit   'path-key': [ '3.1.1' ],
2270 silly audit   'shebang-command': [ '2.0.0' ],
2270 silly audit   which: [ '2.0.2' ],
2270 silly audit   ms: [ '2.1.3' ],
2270 silly audit   nan: [ '2.25.0' ],
2270 silly audit   jake: [ '10.9.4' ],
2270 silly audit   '@nodelib/fs.stat': [ '2.0.5' ],
2270 silly audit   '@nodelib/fs.walk': [ '1.2.8' ],
2270 silly audit   'glob-parent': [ '5.1.2' ],
2270 silly audit   merge2: [ '1.4.1' ],
2270 silly audit   micromatch: [ '4.0.8' ],
2270 silly audit   '@nodelib/fs.scandir': [ '2.1.5' ],
2270 silly audit   fastq: [ '1.20.1' ],
2270 silly audit   'run-parallel': [ '1.2.0' ],
2270 silly audit   reusify: [ '1.1.0' ],
2270 silly audit   asynckit: [ '0.4.0' ],
2270 silly audit   'combined-stream': [ '1.0.8' ],
2270 silly audit   'es-set-tostringtag': [ '2.1.0' ],
2270 silly audit   hasown: [ '2.0.2' ],
2270 silly audit   'mime-types': [ '2.1.35' ],
2270 silly audit   'delayed-stream': [ '1.0.0' ],
2270 silly audit   'es-errors': [ '1.3.0' ],
2270 silly audit   'get-intrinsic': [ '1.3.0' ],
2270 silly audit   'has-tostringtag': [ '1.0.2' ],
2270 silly audit   'graceful-fs': [ '4.2.11' ],
2270 silly audit   jsonfile: [ '6.2.0' ],
2270 silly audit   universalify: [ '2.0.1', '1.0.0' ],
2270 silly audit   'call-bind-apply-helpers': [ '1.0.2' ],
2270 silly audit   'es-define-property': [ '1.0.1' ],
2270 silly audit   'es-object-atoms': [ '1.1.1' ],
2270 silly audit   'function-bind': [ '1.1.2' ],
2270 silly audit   'get-proto': [ '1.0.1' ],
2270 silly audit   gopd: [ '1.2.0' ],
2270 silly audit   'has-symbols': [ '1.1.0' ],
2270 silly audit   'math-intrinsics': [ '1.1.0' ],
2270 silly audit   'dunder-proto': [ '1.0.1' ],
2270 silly audit   'foreground-child': [ '3.3.1' ],
2270 silly audit   jackspeak: [ '3.4.3' ],
2270 silly audit   minipass: [ '7.1.3' ],
2270 silly audit   'package-json-from-dist': [ '1.0.1' ],
2270 silly audit   'path-scurry': [ '1.11.1' ],
2270 silly audit   'signal-exit': [ '4.1.0', '3.0.7' ],
2270 silly audit   'is-glob': [ '4.0.3' ],
2270 silly audit   'array-union': [ '2.1.0' ],
2270 silly audit   'dir-glob': [ '3.0.1' ],
2270 silly audit   'path-type': [ '4.0.0' ],
2270 silly audit   'lodash.merge': [ '4.6.2' ],
2270 silly audit   'content-type': [ '1.0.5' ],
2270 silly audit   'is-retry-allowed': [ '1.2.0' ],
2270 silly audit   'is-stream': [ '2.0.1' ],
2270 silly audit   'parse-json': [ '4.0.0' ],
2270 silly audit   'tunnel-agent': [ '0.6.0' ],
2270 silly audit   'agent-base': [ '6.0.2' ],
2270 silly audit   'loose-envify': [ '1.4.0' ],
2270 silly audit   'is-extglob': [ '2.1.1' ],
2270 silly audit   'is-docker': [ '2.2.1' ],
2270 silly audit   '@isaacs/cliui': [ '8.0.2' ],
2270 silly audit   '@pkgjs/parseargs': [ '0.11.0' ],
2270 silly audit   async: [ '3.2.6' ],
2270 silly audit   filelist: [ '1.0.6' ],
2270 silly audit   'node-int64': [ '0.4.0' ],
2270 silly audit   'node-rsa': [ '1.1.1' ],
2270 silly audit   '@hapi/hoek': [ '9.3.0' ],
2270 silly audit   '@hapi/topo': [ '5.1.0' ],
2270 silly audit   '@sideway/address': [ '4.1.5' ],
2270 silly audit   '@sideway/formula': [ '3.0.1' ],
2270 silly audit   '@sideway/pinpoint': [ '2.0.0' ],
2270 silly audit   argparse: [ '1.0.10' ],
2270 silly audit   esprima: [ '4.0.1' ],
2270 silly audit   'sprintf-js': [ '1.0.3' ],
2270 silly audit   'is-unicode-supported': [ '0.1.0' ],
2270 silly audit   charenc: [ '0.0.2' ],
2270 silly audit   crypt: [ '0.0.2' ],
2270 silly audit   'is-buffer': [ '1.1.6' ],
2270 silly audit   braces: [ '3.0.3' ],
2270 silly audit   picomatch: [ '2.3.1' ],
2270 silly audit   'fill-range': [ '7.1.1' ],
2270 silly audit   'to-regex-range': [ '5.0.1' ],
2270 silly audit   'mime-db': [ '1.52.0' ],
2270 silly audit   'brace-expansion': [ '2.0.2', '5.0.3', '1.1.12' ],
2270 silly audit   'balanced-match': [ '1.0.2', '4.0.4' ],
2270 silly audit   rimraf: [ '5.0.10', '2.4.5' ],
2270 silly audit   mkdirp: [ '0.5.6' ],
2270 silly audit   ncp: [ '2.0.0' ],
2270 silly audit   minimist: [ '1.2.8' ],
2270 silly audit   'whatwg-url': [ '5.0.0' ],
2270 silly audit   asn1: [ '0.2.6' ],
2270 silly audit   'safer-buffer': [ '2.1.2' ],
2270 silly audit   'hosted-git-info': [ '7.0.2' ],
2270 silly audit   'proc-log': [ '4.2.0' ],
2270 silly audit   'validate-npm-package-name': [ '5.0.1' ],
2270 silly audit   'lru-cache': [ '10.4.3', '6.0.0' ],
2270 silly audit   'define-lazy-prop': [ '2.0.0' ],
2270 silly audit   'cli-cursor': [ '3.1.0', '2.1.0' ],
2270 silly audit   'cli-spinners': [ '2.9.2' ],
2270 silly audit   'is-interactive': [ '1.0.0' ],
2270 silly audit   'mute-stream': [ '0.0.8' ],
2270 silly audit   wcwidth: [ '1.0.1' ],
2270 silly audit   'restore-cursor': [ '3.1.0', '2.0.0' ],
2270 silly audit   'error-ex': [ '1.3.4' ],
2270 silly audit   'json-parse-better-errors': [ '1.0.2' ],
2270 silly audit   'is-arrayish': [ '0.2.1' ],
2270 silly audit   'find-up': [ '4.1.0' ],
2270 silly audit   'locate-path': [ '5.0.0' ],
2270 silly audit   'path-exists': [ '4.0.0' ],
2270 silly audit   'p-locate': [ '4.1.0' ],
2270 silly audit   'p-limit': [ '2.3.0' ],
2270 silly audit   'p-try': [ '2.2.0' ],
2270 silly audit   'err-code': [ '2.0.3' ],
2270 silly audit   retry: [ '0.12.0' ],
2270 silly audit   kleur: [ '3.0.3' ],
2270 silly audit   sisteransi: [ '1.0.5' ],
2270 silly audit   onetime: [ '5.1.2', '2.0.1' ],
2270 silly audit   'mimic-fn': [ '2.1.0', '1.2.0' ],
2270 silly audit   'queue-microtask': [ '1.2.3' ],
2270 silly audit   'shebang-regex': [ '3.0.0' ],
2270 silly audit   'emoji-regex': [ '8.0.0', '9.2.2' ],
2270 silly audit   'is-fullwidth-code-point': [ '3.0.0' ],
2270 silly audit   'ansi-regex': [ '5.0.1', '4.1.1', '6.2.2' ],
2270 silly audit   '@jridgewell/gen-mapping': [ '0.3.13' ],
2270 silly audit   commander: [ '4.1.1' ],
2270 silly audit   'lines-and-columns': [ '1.2.4' ],
2270 silly audit   mz: [ '2.7.0' ],
2270 silly audit   pirates: [ '4.0.7' ],
2270 silly audit   'ts-interface-checker': [ '0.1.13' ],
2270 silly audit   '@jridgewell/sourcemap-codec': [ '1.5.5' ],
2270 silly audit   '@jridgewell/trace-mapping': [ '0.3.31', '0.3.9' ],
2270 silly audit   '@jridgewell/resolve-uri': [ '3.1.2' ],
2270 silly audit   'any-promise': [ '1.3.0' ],
2270 silly audit   'object-assign': [ '4.1.1' ],
2270 silly audit   'thenify-all': [ '1.6.0' ],
2270 silly audit   'has-flag': [ '4.0.0', '3.0.0' ],
2270 silly audit   '@isaacs/fs-minipass': [ '4.0.1' ],
2270 silly audit   chownr: [ '3.0.0' ],
2270 silly audit   yallist: [ '5.0.0', '4.0.0' ],
2270 silly audit   b4a: [ '1.8.0' ],
2270 silly audit   'fast-fifo': [ '1.3.2' ],
2270 silly audit   streamx: [ '2.23.0' ],
2270 silly audit   'events-universal': [ '1.0.1' ],
2270 silly audit   'text-decoder': [ '1.2.7' ],
2270 silly audit   'bare-events': [ '2.8.2' ],
2270 silly audit   thenify: [ '3.3.1' ],
2270 silly audit   'is-number': [ '7.0.0' ],
2270 silly audit   'safe-buffer': [ '5.2.1' ],
2270 silly audit   domino: [ '2.1.6' ],
2270 silly audit   'crypto-random-string': [ '2.0.0' ],
2270 silly audit   punycode: [ '2.3.1' ],
2270 silly audit   defaults: [ '1.0.4' ],
2270 silly audit   clone: [ '1.0.4' ],
2270 silly audit   tr46: [ '0.0.3' ],
2270 silly audit   'webidl-conversions': [ '3.0.1' ],
2270 silly audit   isexe: [ '2.0.0' ],
2270 silly audit   imurmurhash: [ '0.1.4' ],
2270 silly audit   'simple-plist': [ '1.3.1' ],
2270 silly audit   'bplist-creator': [ '0.1.0' ],
2270 silly audit   plist: [ '3.1.0' ],
2270 silly audit   'stream-buffers': [ '2.2.0' ],
2270 silly audit   sax: [ '1.4.4' ],
2270 silly audit   'at-least-node': [ '1.0.0' ],
2270 silly audit   '@types/cli-progress': [ '3.11.6' ],
2270 silly audit   'slice-ansi': [ '4.0.0' ],
2270 silly audit   'ts-node': [ '10.9.2' ],
2270 silly audit   typescript: [ '5.9.3' ],
2270 silly audit   wordwrap: [ '1.0.0' ],
2270 silly audit   'astral-regex': [ '2.0.0' ],
2270 silly audit   '@cspotcode/source-map-support': [ '0.8.1' ],
2270 silly audit   '@tsconfig/node10': [ '1.0.12' ],
2270 silly audit   '@tsconfig/node12': [ '1.0.11' ],
2270 silly audit   '@tsconfig/node14': [ '1.0.3' ],
2270 silly audit   '@tsconfig/node16': [ '1.0.4' ],
2270 silly audit   acorn: [ '8.16.0' ],
2270 silly audit   'acorn-walk': [ '8.3.5' ],
2270 silly audit   'create-require': [ '1.1.1' ],
2270 silly audit   'make-error': [ '1.3.6' ],
2270 silly audit   'v8-compile-cache-lib': [ '3.0.1' ],
2270 silly audit   yn: [ '3.1.1' ],
2270 silly audit   eastasianwidth: [ '0.2.0' ],
2270 silly audit   inflight: [ '1.0.6' ],
2270 silly audit   inherits: [ '2.0.4' ],
2270 silly audit   once: [ '1.4.0' ],
2270 silly audit   'path-is-absolute': [ '1.0.1' ],
2270 silly audit   wrappy: [ '1.0.2' ],
2270 silly audit   'concat-map': [ '0.0.1' ]
2270 silly audit }
2271 http cache concat-map@https://registry.npmjs.org/concat-map/-/concat-map-0.0.1.tgz 0ms (cache hit)
2272 http cache wrappy@https://registry.npmjs.org/wrappy/-/wrappy-1.0.2.tgz 0ms (cache hit)
2273 http cache path-is-absolute@https://registry.npmjs.org/path-is-absolute/-/path-is-absolute-1.0.1.tgz 0ms (cache hit)
2274 http cache once@https://registry.npmjs.org/once/-/once-1.4.0.tgz 0ms (cache hit)
2275 http cache inherits@https://registry.npmjs.org/inherits/-/inherits-2.0.4.tgz 0ms (cache hit)
2276 http cache inflight@https://registry.npmjs.org/inflight/-/inflight-1.0.6.tgz 0ms (cache hit)
2277 http cache eastasianwidth@https://registry.npmjs.org/eastasianwidth/-/eastasianwidth-0.2.0.tgz 0ms (cache hit)
2278 http cache yn@https://registry.npmjs.org/yn/-/yn-3.1.1.tgz 0ms (cache hit)
2279 http cache v8-compile-cache-lib@https://registry.npmjs.org/v8-compile-cache-lib/-/v8-compile-cache-lib-3.0.1.tgz 0ms (cache hit)
2280 http cache make-error@https://registry.npmjs.org/make-error/-/make-error-1.3.6.tgz 0ms (cache hit)
2281 http cache acorn-walk@https://registry.npmjs.org/acorn-walk/-/acorn-walk-8.3.5.tgz 0ms (cache hit)
2282 http cache acorn@https://registry.npmjs.org/acorn/-/acorn-8.16.0.tgz 0ms (cache hit)
2283 http cache @tsconfig/node16@https://registry.npmjs.org/@tsconfig/node16/-/node16-1.0.4.tgz 0ms (cache hit)
2284 http cache create-require@https://registry.npmjs.org/create-require/-/create-require-1.1.1.tgz 0ms (cache hit)
2285 http cache @tsconfig/node14@https://registry.npmjs.org/@tsconfig/node14/-/node14-1.0.3.tgz 0ms (cache hit)
2286 http cache @tsconfig/node12@https://registry.npmjs.org/@tsconfig/node12/-/node12-1.0.11.tgz 0ms (cache hit)
2287 http cache astral-regex@https://registry.npmjs.org/astral-regex/-/astral-regex-2.0.0.tgz 0ms (cache hit)
2288 http cache @tsconfig/node10@https://registry.npmjs.org/@tsconfig/node10/-/node10-1.0.12.tgz 0ms (cache hit)
2289 http cache wordwrap@https://registry.npmjs.org/wordwrap/-/wordwrap-1.0.0.tgz 0ms (cache hit)
2290 http cache typescript@https://registry.npmjs.org/typescript/-/typescript-5.9.3.tgz 0ms (cache hit)
2291 http cache @cspotcode/source-map-support@https://registry.npmjs.org/@cspotcode/source-map-support/-/source-map-support-0.8.1.tgz 0ms (cache hit)
2292 http cache ts-node@https://registry.npmjs.org/ts-node/-/ts-node-10.9.2.tgz 0ms (cache hit)
2293 http cache slice-ansi@https://registry.npmjs.org/slice-ansi/-/slice-ansi-4.0.0.tgz 0ms (cache hit)
2294 http cache @types/cli-progress@https://registry.npmjs.org/@types/cli-progress/-/cli-progress-3.11.6.tgz 0ms (cache hit)
2295 http cache sax@https://registry.npmjs.org/sax/-/sax-1.4.4.tgz 0ms (cache hit)
2296 http cache stream-buffers@https://registry.npmjs.org/stream-buffers/-/stream-buffers-2.2.0.tgz 0ms (cache hit)
2297 http cache at-least-node@https://registry.npmjs.org/at-least-node/-/at-least-node-1.0.0.tgz 0ms (cache hit)
2298 http cache simple-plist@https://registry.npmjs.org/simple-plist/-/simple-plist-1.3.1.tgz 0ms (cache hit)
2299 http cache bplist-creator@https://registry.npmjs.org/bplist-creator/-/bplist-creator-0.1.0.tgz 0ms (cache hit)
2300 http cache imurmurhash@https://registry.npmjs.org/imurmurhash/-/imurmurhash-0.1.4.tgz 0ms (cache hit)
2301 http cache plist@https://registry.npmjs.org/plist/-/plist-3.1.0.tgz 0ms (cache hit)
2302 http cache webidl-conversions@https://registry.npmjs.org/webidl-conversions/-/webidl-conversions-3.0.1.tgz 0ms (cache hit)
2303 http cache tr46@https://registry.npmjs.org/tr46/-/tr46-0.0.3.tgz 0ms (cache hit)
2304 http cache clone@https://registry.npmjs.org/clone/-/clone-1.0.4.tgz 0ms (cache hit)
2305 http cache isexe@https://registry.npmjs.org/isexe/-/isexe-2.0.0.tgz 0ms (cache hit)
2306 http cache defaults@https://registry.npmjs.org/defaults/-/defaults-1.0.4.tgz 0ms (cache hit)
2307 http cache punycode@https://registry.npmjs.org/punycode/-/punycode-2.3.1.tgz 0ms (cache hit)
2308 http cache crypto-random-string@https://registry.npmjs.org/crypto-random-string/-/crypto-random-string-2.0.0.tgz 0ms (cache hit)
2309 http cache domino@https://registry.npmjs.org/domino/-/domino-2.1.6.tgz 0ms (cache hit)
2310 http cache safe-buffer@https://registry.npmjs.org/safe-buffer/-/safe-buffer-5.2.1.tgz 0ms (cache hit)
2311 http cache is-number@https://registry.npmjs.org/is-number/-/is-number-7.0.0.tgz 0ms (cache hit)
2312 http cache thenify@https://registry.npmjs.org/thenify/-/thenify-3.3.1.tgz 0ms (cache hit)
2313 http cache bare-events@https://registry.npmjs.org/bare-events/-/bare-events-2.8.2.tgz 0ms (cache hit)
2314 http cache text-decoder@https://registry.npmjs.org/text-decoder/-/text-decoder-1.2.7.tgz 0ms (cache hit)
2315 http cache events-universal@https://registry.npmjs.org/events-universal/-/events-universal-1.0.1.tgz 0ms (cache hit)
2316 http cache streamx@https://registry.npmjs.org/streamx/-/streamx-2.23.0.tgz 0ms (cache hit)
2317 http cache fast-fifo@https://registry.npmjs.org/fast-fifo/-/fast-fifo-1.3.2.tgz 0ms (cache hit)
2318 http cache b4a@https://registry.npmjs.org/b4a/-/b4a-1.8.0.tgz 0ms (cache hit)
2319 http cache yallist@https://registry.npmjs.org/yallist/-/yallist-5.0.0.tgz 0ms (cache hit)
2320 http cache chownr@https://registry.npmjs.org/chownr/-/chownr-3.0.0.tgz 0ms (cache hit)
2321 http cache @isaacs/fs-minipass@https://registry.npmjs.org/@isaacs/fs-minipass/-/fs-minipass-4.0.1.tgz 0ms (cache hit)
2322 http cache has-flag@https://registry.npmjs.org/has-flag/-/has-flag-4.0.0.tgz 0ms (cache hit)
2323 http cache thenify-all@https://registry.npmjs.org/thenify-all/-/thenify-all-1.6.0.tgz 0ms (cache hit)
2324 http cache object-assign@https://registry.npmjs.org/object-assign/-/object-assign-4.1.1.tgz 0ms (cache hit)
2325 http cache any-promise@https://registry.npmjs.org/any-promise/-/any-promise-1.3.0.tgz 0ms (cache hit)
2326 http cache @jridgewell/resolve-uri@https://registry.npmjs.org/@jridgewell/resolve-uri/-/resolve-uri-3.1.2.tgz 0ms (cache hit)
2327 http cache @jridgewell/trace-mapping@https://registry.npmjs.org/@jridgewell/trace-mapping/-/trace-mapping-0.3.31.tgz 0ms (cache hit)
2328 http cache @jridgewell/sourcemap-codec@https://registry.npmjs.org/@jridgewell/sourcemap-codec/-/sourcemap-codec-1.5.5.tgz 0ms (cache hit)
2329 http cache ts-interface-checker@https://registry.npmjs.org/ts-interface-checker/-/ts-interface-checker-0.1.13.tgz 0ms (cache hit)
2330 http cache pirates@https://registry.npmjs.org/pirates/-/pirates-4.0.7.tgz 0ms (cache hit)
2331 http cache mz@https://registry.npmjs.org/mz/-/mz-2.7.0.tgz 0ms (cache hit)
2332 http cache lines-and-columns@https://registry.npmjs.org/lines-and-columns/-/lines-and-columns-1.2.4.tgz 0ms (cache hit)
2333 http cache commander@https://registry.npmjs.org/commander/-/commander-4.1.1.tgz 0ms (cache hit)
2334 http cache @jridgewell/gen-mapping@https://registry.npmjs.org/@jridgewell/gen-mapping/-/gen-mapping-0.3.13.tgz 0ms (cache hit)
2335 http cache ansi-regex@https://registry.npmjs.org/ansi-regex/-/ansi-regex-5.0.1.tgz 0ms (cache hit)
2336 http cache is-fullwidth-code-point@https://registry.npmjs.org/is-fullwidth-code-point/-/is-fullwidth-code-point-3.0.0.tgz 0ms (cache hit)
2337 http cache emoji-regex@https://registry.npmjs.org/emoji-regex/-/emoji-regex-8.0.0.tgz 0ms (cache hit)
2338 http cache shebang-regex@https://registry.npmjs.org/shebang-regex/-/shebang-regex-3.0.0.tgz 0ms (cache hit)
2339 http cache queue-microtask@https://registry.npmjs.org/queue-microtask/-/queue-microtask-1.2.3.tgz 0ms (cache hit)
2340 http cache mimic-fn@https://registry.npmjs.org/mimic-fn/-/mimic-fn-2.1.0.tgz 0ms (cache hit)
2341 http cache onetime@https://registry.npmjs.org/onetime/-/onetime-5.1.2.tgz 0ms (cache hit)
2342 http cache sisteransi@https://registry.npmjs.org/sisteransi/-/sisteransi-1.0.5.tgz 0ms (cache hit)
2343 http cache kleur@https://registry.npmjs.org/kleur/-/kleur-3.0.3.tgz 0ms (cache hit)
2344 http cache retry@https://registry.npmjs.org/retry/-/retry-0.12.0.tgz 0ms (cache hit)
2345 http cache err-code@https://registry.npmjs.org/err-code/-/err-code-2.0.3.tgz 0ms (cache hit)
2346 http cache p-try@https://registry.npmjs.org/p-try/-/p-try-2.2.0.tgz 0ms (cache hit)
2347 http cache p-limit@https://registry.npmjs.org/p-limit/-/p-limit-2.3.0.tgz 0ms (cache hit)
2348 http cache p-locate@https://registry.npmjs.org/p-locate/-/p-locate-4.1.0.tgz 0ms (cache hit)
2349 http cache path-exists@https://registry.npmjs.org/path-exists/-/path-exists-4.0.0.tgz 0ms (cache hit)
2350 http cache locate-path@https://registry.npmjs.org/locate-path/-/locate-path-5.0.0.tgz 0ms (cache hit)
2351 http cache find-up@https://registry.npmjs.org/find-up/-/find-up-4.1.0.tgz 0ms (cache hit)
2352 http cache is-arrayish@https://registry.npmjs.org/is-arrayish/-/is-arrayish-0.2.1.tgz 0ms (cache hit)
2353 http cache json-parse-better-errors@https://registry.npmjs.org/json-parse-better-errors/-/json-parse-better-errors-1.0.2.tgz 0ms (cache hit)
2354 http cache error-ex@https://registry.npmjs.org/error-ex/-/error-ex-1.3.4.tgz 0ms (cache hit)
2355 http cache restore-cursor@https://registry.npmjs.org/restore-cursor/-/restore-cursor-3.1.0.tgz 0ms (cache hit)
2356 http cache wcwidth@https://registry.npmjs.org/wcwidth/-/wcwidth-1.0.1.tgz 0ms (cache hit)
2357 http cache mute-stream@https://registry.npmjs.org/mute-stream/-/mute-stream-0.0.8.tgz 0ms (cache hit)
2358 http cache is-interactive@https://registry.npmjs.org/is-interactive/-/is-interactive-1.0.0.tgz 0ms (cache hit)
2359 http cache cli-spinners@https://registry.npmjs.org/cli-spinners/-/cli-spinners-2.9.2.tgz 0ms (cache hit)
2360 http cache define-lazy-prop@https://registry.npmjs.org/define-lazy-prop/-/define-lazy-prop-2.0.0.tgz 0ms (cache hit)
2361 http cache cli-cursor@https://registry.npmjs.org/cli-cursor/-/cli-cursor-3.1.0.tgz 0ms (cache hit)
2362 http cache validate-npm-package-name@https://registry.npmjs.org/validate-npm-package-name/-/validate-npm-package-name-5.0.1.tgz 0ms (cache hit)
2363 http cache proc-log@https://registry.npmjs.org/proc-log/-/proc-log-4.2.0.tgz 0ms (cache hit)
2364 http cache hosted-git-info@https://registry.npmjs.org/hosted-git-info/-/hosted-git-info-7.0.2.tgz 0ms (cache hit)
2365 http cache safer-buffer@https://registry.npmjs.org/safer-buffer/-/safer-buffer-2.1.2.tgz 0ms (cache hit)
2366 http cache asn1@https://registry.npmjs.org/asn1/-/asn1-0.2.6.tgz 0ms (cache hit)
2367 http cache whatwg-url@https://registry.npmjs.org/whatwg-url/-/whatwg-url-5.0.0.tgz 0ms (cache hit)
2368 http cache ncp@https://registry.npmjs.org/ncp/-/ncp-2.0.0.tgz 0ms (cache hit)
2369 http cache minimist@https://registry.npmjs.org/minimist/-/minimist-1.2.8.tgz 0ms (cache hit)
2370 http cache mkdirp@https://registry.npmjs.org/mkdirp/-/mkdirp-0.5.6.tgz 0ms (cache hit)
2371 http cache rimraf@https://registry.npmjs.org/rimraf/-/rimraf-5.0.10.tgz 0ms (cache hit)
2372 http cache mime-db@https://registry.npmjs.org/mime-db/-/mime-db-1.52.0.tgz 0ms (cache hit)
2373 http cache to-regex-range@https://registry.npmjs.org/to-regex-range/-/to-regex-range-5.0.1.tgz 0ms (cache hit)
2374 http cache fill-range@https://registry.npmjs.org/fill-range/-/fill-range-7.1.1.tgz 0ms (cache hit)
2375 http cache picomatch@https://registry.npmjs.org/picomatch/-/picomatch-2.3.1.tgz 0ms (cache hit)
2376 http cache balanced-match@https://registry.npmjs.org/balanced-match/-/balanced-match-1.0.2.tgz 0ms (cache hit)
2377 http cache is-buffer@https://registry.npmjs.org/is-buffer/-/is-buffer-1.1.6.tgz 0ms (cache hit)
2378 http cache crypt@https://registry.npmjs.org/crypt/-/crypt-0.0.2.tgz 0ms (cache hit)
2379 http cache brace-expansion@https://registry.npmjs.org/brace-expansion/-/brace-expansion-2.0.2.tgz 0ms (cache hit)
2380 http cache charenc@https://registry.npmjs.org/charenc/-/charenc-0.0.2.tgz 0ms (cache hit)
2381 http cache braces@https://registry.npmjs.org/braces/-/braces-3.0.3.tgz 0ms (cache hit)
2382 http cache sprintf-js@https://registry.npmjs.org/sprintf-js/-/sprintf-js-1.0.3.tgz 0ms (cache hit)
2383 http cache esprima@https://registry.npmjs.org/esprima/-/esprima-4.0.1.tgz 0ms (cache hit)
2384 http cache is-unicode-supported@https://registry.npmjs.org/is-unicode-supported/-/is-unicode-supported-0.1.0.tgz 0ms (cache hit)
2385 http cache argparse@https://registry.npmjs.org/argparse/-/argparse-1.0.10.tgz 0ms (cache hit)
2386 http cache @sideway/pinpoint@https://registry.npmjs.org/@sideway/pinpoint/-/pinpoint-2.0.0.tgz 0ms (cache hit)
2387 http cache lru-cache@https://registry.npmjs.org/lru-cache/-/lru-cache-10.4.3.tgz 0ms (cache hit)
2388 http cache @sideway/formula@https://registry.npmjs.org/@sideway/formula/-/formula-3.0.1.tgz 0ms (cache hit)
2389 http cache @sideway/address@https://registry.npmjs.org/@sideway/address/-/address-4.1.5.tgz 0ms (cache hit)
2390 http cache @hapi/hoek@https://registry.npmjs.org/@hapi/hoek/-/hoek-9.3.0.tgz 0ms (cache hit)
2391 http cache node-rsa@https://registry.npmjs.org/node-rsa/-/node-rsa-1.1.1.tgz 0ms (cache hit)
2392 http cache filelist@https://registry.npmjs.org/filelist/-/filelist-1.0.6.tgz 0ms (cache hit)
2393 http cache async@https://registry.npmjs.org/async/-/async-3.2.6.tgz 0ms (cache hit)
2394 http cache node-int64@https://registry.npmjs.org/node-int64/-/node-int64-0.4.0.tgz 0ms (cache hit)
2395 http cache strip-ansi-cjs@https://registry.npmjs.org/strip-ansi/-/strip-ansi-6.0.1.tgz 0ms (cache hit)
2396 http cache @hapi/topo@https://registry.npmjs.org/@hapi/topo/-/topo-5.1.0.tgz 0ms (cache hit)
2397 http cache @pkgjs/parseargs@https://registry.npmjs.org/@pkgjs/parseargs/-/parseargs-0.11.0.tgz 0ms (cache hit)
2398 http cache string-width-cjs@https://registry.npmjs.org/string-width/-/string-width-4.2.3.tgz 0ms (cache hit)
2399 http cache @isaacs/cliui@https://registry.npmjs.org/@isaacs/cliui/-/cliui-8.0.2.tgz 0ms (cache hit)
2400 http cache wrap-ansi-cjs@https://registry.npmjs.org/wrap-ansi/-/wrap-ansi-7.0.0.tgz 0ms (cache hit)
2401 http cache is-extglob@https://registry.npmjs.org/is-extglob/-/is-extglob-2.1.1.tgz 0ms (cache hit)
2402 http cache agent-base@https://registry.npmjs.org/agent-base/-/agent-base-6.0.2.tgz 0ms (cache hit)
2403 http cache loose-envify@https://registry.npmjs.org/loose-envify/-/loose-envify-1.4.0.tgz 0ms (cache hit)
2404 http cache tunnel-agent@https://registry.npmjs.org/tunnel-agent/-/tunnel-agent-0.6.0.tgz 0ms (cache hit)
2405 http cache parse-json@https://registry.npmjs.org/parse-json/-/parse-json-4.0.0.tgz 0ms (cache hit)
2406 http cache is-stream@https://registry.npmjs.org/is-stream/-/is-stream-2.0.1.tgz 0ms (cache hit)
2407 http cache is-docker@https://registry.npmjs.org/is-docker/-/is-docker-2.2.1.tgz 0ms (cache hit)
2408 http cache content-type@https://registry.npmjs.org/content-type/-/content-type-1.0.5.tgz 0ms (cache hit)
2409 http cache lodash.merge@https://registry.npmjs.org/lodash.merge/-/lodash.merge-4.6.2.tgz 0ms (cache hit)
2410 http cache is-retry-allowed@https://registry.npmjs.org/is-retry-allowed/-/is-retry-allowed-1.2.0.tgz 0ms (cache hit)
2411 http cache dir-glob@https://registry.npmjs.org/dir-glob/-/dir-glob-3.0.1.tgz 0ms (cache hit)
2412 http cache is-glob@https://registry.npmjs.org/is-glob/-/is-glob-4.0.3.tgz 0ms (cache hit)
2413 http cache array-union@https://registry.npmjs.org/array-union/-/array-union-2.1.0.tgz 0ms (cache hit)
2414 http cache signal-exit@https://registry.npmjs.org/signal-exit/-/signal-exit-4.1.0.tgz 0ms (cache hit)
2415 http cache path-scurry@https://registry.npmjs.org/path-scurry/-/path-scurry-1.11.1.tgz 0ms (cache hit)
2416 http cache jackspeak@https://registry.npmjs.org/jackspeak/-/jackspeak-3.4.3.tgz 0ms (cache hit)
2417 http cache foreground-child@https://registry.npmjs.org/foreground-child/-/foreground-child-3.3.1.tgz 0ms (cache hit)
2418 http cache dunder-proto@https://registry.npmjs.org/dunder-proto/-/dunder-proto-1.0.1.tgz 0ms (cache hit)
2419 http cache has-symbols@https://registry.npmjs.org/has-symbols/-/has-symbols-1.1.0.tgz 0ms (cache hit)
2420 http cache math-intrinsics@https://registry.npmjs.org/math-intrinsics/-/math-intrinsics-1.1.0.tgz 0ms (cache hit)
2421 http cache path-type@https://registry.npmjs.org/path-type/-/path-type-4.0.0.tgz 0ms (cache hit)
2422 http cache gopd@https://registry.npmjs.org/gopd/-/gopd-1.2.0.tgz 0ms (cache hit)
2423 http cache minipass@https://registry.npmjs.org/minipass/-/minipass-7.1.3.tgz 0ms (cache hit)
2424 http cache package-json-from-dist@https://registry.npmjs.org/package-json-from-dist/-/package-json-from-dist-1.0.1.tgz 0ms (cache hit)
2425 http cache get-proto@https://registry.npmjs.org/get-proto/-/get-proto-1.0.1.tgz 0ms (cache hit)
2426 http cache function-bind@https://registry.npmjs.org/function-bind/-/function-bind-1.1.2.tgz 0ms (cache hit)
2427 http cache call-bind-apply-helpers@https://registry.npmjs.org/call-bind-apply-helpers/-/call-bind-apply-helpers-1.0.2.tgz 0ms (cache hit)
2428 http cache es-define-property@https://registry.npmjs.org/es-define-property/-/es-define-property-1.0.1.tgz 0ms (cache hit)
2429 http cache universalify@https://registry.npmjs.org/universalify/-/universalify-2.0.1.tgz 0ms (cache hit)
2430 http cache graceful-fs@https://registry.npmjs.org/graceful-fs/-/graceful-fs-4.2.11.tgz 0ms (cache hit)
2431 http cache es-object-atoms@https://registry.npmjs.org/es-object-atoms/-/es-object-atoms-1.1.1.tgz 0ms (cache hit)
2432 http cache jsonfile@https://registry.npmjs.org/jsonfile/-/jsonfile-6.2.0.tgz 0ms (cache hit)
2433 http cache has-tostringtag@https://registry.npmjs.org/has-tostringtag/-/has-tostringtag-1.0.2.tgz 0ms (cache hit)
2434 http cache es-errors@https://registry.npmjs.org/es-errors/-/es-errors-1.3.0.tgz 0ms (cache hit)
2435 http cache delayed-stream@https://registry.npmjs.org/delayed-stream/-/delayed-stream-1.0.0.tgz 0ms (cache hit)
2436 http cache mime-types@https://registry.npmjs.org/mime-types/-/mime-types-2.1.35.tgz 0ms (cache hit)
2437 http cache hasown@https://registry.npmjs.org/hasown/-/hasown-2.0.2.tgz 0ms (cache hit)
2438 http cache es-set-tostringtag@https://registry.npmjs.org/es-set-tostringtag/-/es-set-tostringtag-2.1.0.tgz 0ms (cache hit)
2439 http cache combined-stream@https://registry.npmjs.org/combined-stream/-/combined-stream-1.0.8.tgz 0ms (cache hit)
2440 http cache reusify@https://registry.npmjs.org/reusify/-/reusify-1.1.0.tgz 0ms (cache hit)
2441 http cache run-parallel@https://registry.npmjs.org/run-parallel/-/run-parallel-1.2.0.tgz 0ms (cache hit)
2442 http cache asynckit@https://registry.npmjs.org/asynckit/-/asynckit-0.4.0.tgz 0ms (cache hit)
2443 http cache get-intrinsic@https://registry.npmjs.org/get-intrinsic/-/get-intrinsic-1.3.0.tgz 0ms (cache hit)
2444 http cache fastq@https://registry.npmjs.org/fastq/-/fastq-1.20.1.tgz 0ms (cache hit)
2445 http cache @nodelib/fs.scandir@https://registry.npmjs.org/@nodelib/fs.scandir/-/fs.scandir-2.1.5.tgz 0ms (cache hit)
2446 http cache merge2@https://registry.npmjs.org/merge2/-/merge2-1.4.1.tgz 0ms (cache hit)
2447 http cache micromatch@https://registry.npmjs.org/micromatch/-/micromatch-4.0.8.tgz 0ms (cache hit)
2448 http cache @nodelib/fs.walk@https://registry.npmjs.org/@nodelib/fs.walk/-/fs.walk-1.2.8.tgz 0ms (cache hit)
2449 http cache @nodelib/fs.stat@https://registry.npmjs.org/@nodelib/fs.stat/-/fs.stat-2.0.5.tgz 0ms (cache hit)
2450 http cache nan@https://registry.npmjs.org/nan/-/nan-2.25.0.tgz 0ms (cache hit)
2451 http cache shebang-command@https://registry.npmjs.org/shebang-command/-/shebang-command-2.0.0.tgz 0ms (cache hit)
2452 http cache jake@https://registry.npmjs.org/jake/-/jake-10.9.4.tgz 0ms (cache hit)
2453 http cache which@https://registry.npmjs.org/which/-/which-2.0.2.tgz 0ms (cache hit)
2454 http cache ms@https://registry.npmjs.org/ms/-/ms-2.1.3.tgz 0ms (cache hit)
2455 http cache glob-parent@https://registry.npmjs.org/glob-parent/-/glob-parent-5.1.2.tgz 0ms (cache hit)
2456 http cache color-name@https://registry.npmjs.org/color-name/-/color-name-1.1.4.tgz 0ms (cache hit)
2457 http cache redeyed@https://registry.npmjs.org/redeyed/-/redeyed-2.1.1.tgz 0ms (cache hit)
2458 http cache path-key@https://registry.npmjs.org/path-key/-/path-key-3.1.1.tgz 0ms (cache hit)
2459 http cache ansicolors@https://registry.npmjs.org/ansicolors/-/ansicolors-0.3.2.tgz 0ms (cache hit)
2460 http cache mv@https://registry.npmjs.org/mv/-/mv-2.1.1.tgz 0ms (cache hit)
2461 http cache moment@https://registry.npmjs.org/moment/-/moment-2.30.1.tgz 0ms (cache hit)
2462 http cache escape-string-regexp@https://registry.npmjs.org/escape-string-regexp/-/escape-string-regexp-4.0.0.tgz 0ms (cache hit)
2463 http cache safe-json-stringify@https://registry.npmjs.org/safe-json-stringify/-/safe-json-stringify-1.2.0.tgz 0ms (cache hit)
2464 http cache color-convert@https://registry.npmjs.org/color-convert/-/color-convert-2.0.1.tgz 0ms (cache hit)
2465 http cache dtrace-provider@https://registry.npmjs.org/dtrace-provider/-/dtrace-provider-0.8.8.tgz 0ms (cache hit)
2466 http cache open@https://registry.npmjs.org/open/-/open-8.4.2.tgz 0ms (cache hit)
2467 http cache type-fest@https://registry.npmjs.org/type-fest/-/type-fest-0.21.3.tgz 0ms (cache hit)
2468 http cache uri-js@https://registry.npmjs.org/uri-js/-/uri-js-4.4.1.tgz 0ms (cache hit)
2469 http cache wonka@https://registry.npmjs.org/wonka/-/wonka-6.3.5.tgz 0ms (cache hit)
2470 http cache @0no-co/graphql.web@https://registry.npmjs.org/@0no-co/graphql.web/-/graphql.web-1.2.0.tgz 0ms (cache hit)
2471 http cache json-schema-traverse@https://registry.npmjs.org/json-schema-traverse/-/json-schema-traverse-1.0.0.tgz 0ms (cache hit)
2472 http cache undici-types@https://registry.npmjs.org/undici-types/-/undici-types-7.18.2.tgz 0ms (cache hit)
2473 http cache @types/node@https://registry.npmjs.org/@types/node/-/node-25.3.1.tgz 0ms (cache hit)
2474 http cache big-integer@https://registry.npmjs.org/big-integer/-/big-integer-1.6.52.tgz 0ms (cache hit)
2475 http cache component-type@https://registry.npmjs.org/component-type/-/component-type-1.2.2.tgz 0ms (cache hit)
2476 http cache widest-line@https://registry.npmjs.org/widest-line/-/widest-line-3.1.0.tgz 0ms (cache hit)
2477 http cache supports-hyperlinks@https://registry.npmjs.org/supports-hyperlinks/-/supports-hyperlinks-2.3.0.tgz 0ms (cache hit)
2478 http cache join-component@https://registry.npmjs.org/join-component/-/join-component-1.1.0.tgz 0ms (cache hit)
2479 http cache supports-color@https://registry.npmjs.org/supports-color/-/supports-color-8.1.1.tgz 0ms (cache hit)
2480 http cache strip-ansi@https://registry.npmjs.org/strip-ansi/-/strip-ansi-6.0.1.tgz 0ms (cache hit)
2481 http cache password-prompt@https://registry.npmjs.org/password-prompt/-/password-prompt-1.1.3.tgz 0ms (cache hit)
2482 http cache object-treeify@https://registry.npmjs.org/object-treeify/-/object-treeify-1.1.33.tgz 0ms (cache hit)
2483 http cache natural-orderby@https://registry.npmjs.org/natural-orderby/-/natural-orderby-2.0.3.tgz 0ms (cache hit)
2484 http cache js-yaml@https://registry.npmjs.org/js-yaml/-/js-yaml-3.14.2.tgz 0ms (cache hit)
2485 http cache is-wsl@https://registry.npmjs.org/is-wsl/-/is-wsl-2.2.0.tgz 0ms (cache hit)
2486 http cache hyperlinker@https://registry.npmjs.org/hyperlinker/-/hyperlinker-1.0.0.tgz 0ms (cache hit)
2487 http cache globby@https://registry.npmjs.org/globby/-/globby-11.1.0.tgz 0ms (cache hit)
2488 http cache get-package-type@https://registry.npmjs.org/get-package-type/-/get-package-type-0.1.0.tgz 0ms (cache hit)
2489 http cache string-width@https://registry.npmjs.org/string-width/-/string-width-4.2.3.tgz 0ms (cache hit)
2490 http cache clean-stack@https://registry.npmjs.org/clean-stack/-/clean-stack-3.0.1.tgz 0ms (cache hit)
2491 http cache ansi-escapes@https://registry.npmjs.org/ansi-escapes/-/ansi-escapes-4.3.2.tgz 0ms (cache hit)
2492 http cache @oclif/screen@https://registry.npmjs.org/@oclif/screen/-/screen-3.0.8.tgz 0ms (cache hit)
2493 http cache ansi-styles@https://registry.npmjs.org/ansi-styles/-/ansi-styles-4.3.0.tgz 0ms (cache hit)
2494 http cache @oclif/linewrap@https://registry.npmjs.org/@oclif/linewrap/-/linewrap-1.0.0.tgz 0ms (cache hit)
2495 http cache lodash.clonedeep@https://registry.npmjs.org/lodash.clonedeep/-/lodash.clonedeep-4.5.0.tgz 0ms (cache hit)
2496 http cache jsep@https://registry.npmjs.org/jsep/-/jsep-1.4.0.tgz 0ms (cache hit)
2497 http cache arg@https://registry.npmjs.org/arg/-/arg-5.0.2.tgz 0ms (cache hit)
2498 http cache cross-spawn@https://registry.npmjs.org/cross-spawn/-/cross-spawn-7.0.6.tgz 0ms (cache hit)
2499 http cache lodash.get@https://registry.npmjs.org/lodash.get/-/lodash.get-4.4.2.tgz 0ms (cache hit)
2500 http cache remove-trailing-slash@https://registry.npmjs.org/remove-trailing-slash/-/remove-trailing-slash-0.1.1.tgz 0ms (cache hit)
2501 http cache cardinal@https://registry.npmjs.org/cardinal/-/cardinal-2.1.1.tgz 0ms (cache hit)
2502 http cache fetch-retry@https://registry.npmjs.org/fetch-retry/-/fetch-retry-4.1.1.tgz 0ms (cache hit)
2503 http cache @segment/loosely-validate-event@https://registry.npmjs.org/@segment/loosely-validate-event/-/loosely-validate-event-2.0.0.tgz 0ms (cache hit)
2504 http cache unique-string@https://registry.npmjs.org/unique-string/-/unique-string-2.0.0.tgz 0ms (cache hit)
2505 http cache temp-dir@https://registry.npmjs.org/temp-dir/-/temp-dir-2.0.0.tgz 0ms (cache hit)
2506 http cache parse-png@https://registry.npmjs.org/parse-png/-/parse-png-2.1.0.tgz 0ms (cache hit)
2507 http cache @expo/bunyan@https://registry.npmjs.org/@expo/bunyan/-/bunyan-4.0.1.tgz 0ms (cache hit)
2508 http cache jimp-compact@https://registry.npmjs.org/jimp-compact/-/jimp-compact-0.16.1.tgz 0ms (cache hit)
2509 http cache @react-native/normalize-colors@https://registry.npmjs.org/@react-native/normalize-colors/-/normalize-colors-0.76.2.tgz 0ms (cache hit)
2510 http cache http-call@https://registry.npmjs.org/http-call/-/http-call-5.3.0.tgz 0ms (cache hit)
2511 http cache @expo/image-utils@https://registry.npmjs.org/@expo/image-utils/-/image-utils-0.6.5.tgz 0ms (cache hit)
2512 http cache ejs@https://registry.npmjs.org/ejs/-/ejs-3.1.10.tgz 0ms (cache hit)
2513 http cache xmlbuilder@https://registry.npmjs.org/xmlbuilder/-/xmlbuilder-14.0.0.tgz 0ms (cache hit)
2514 http cache npm-package-arg@https://registry.npmjs.org/npm-package-arg/-/npm-package-arg-11.0.3.tgz 0ms (cache hit)
2515 http cache @xmldom/xmldom@https://registry.npmjs.org/@xmldom/xmldom/-/xmldom-0.7.13.tgz 0ms (cache hit)
2516 http cache md5@https://registry.npmjs.org/md5/-/md5-2.3.0.tgz 0ms (cache hit)
2517 http cache exec-async@https://registry.npmjs.org/exec-async/-/exec-async-2.2.0.tgz 0ms (cache hit)
2518 http cache multipasta@https://registry.npmjs.org/multipasta/-/multipasta-0.2.7.tgz 0ms (cache hit)
2519 http cache base64-js@https://registry.npmjs.org/base64-js/-/base64-js-1.5.1.tgz 0ms (cache hit)
2520 http cache write-file-atomic@https://registry.npmjs.org/write-file-atomic/-/write-file-atomic-2.4.3.tgz 0ms (cache hit)
2521 http cache bunyan@https://registry.npmjs.org/bunyan/-/bunyan-1.8.15.tgz 0ms (cache hit)
2522 http cache golden-fleece@https://registry.npmjs.org/golden-fleece/-/golden-fleece-1.0.9.tgz 0ms (cache hit)
2523 http cache @types/bunyan@https://registry.npmjs.org/@types/bunyan/-/bunyan-1.8.11.tgz 0ms (cache hit)
2524 http cache env-string@https://registry.npmjs.org/env-string/-/env-string-1.0.1.tgz 0ms (cache hit)
2525 http cache dotenv-expand@https://registry.npmjs.org/dotenv-expand/-/dotenv-expand-11.0.7.tgz 0ms (cache hit)
2526 http cache xml2js@https://registry.npmjs.org/xml2js/-/xml2js-0.6.0.tgz 0ms (cache hit)
2527 http cache json5@https://registry.npmjs.org/json5/-/json5-2.2.3.tgz 0ms (cache hit)
2528 http cache picocolors@https://registry.npmjs.org/picocolors/-/picocolors-1.1.1.tgz 0ms (cache hit)
2529 http cache debug@https://registry.npmjs.org/debug/-/debug-4.4.3.tgz 0ms (cache hit)
2530 http cache xcode@https://registry.npmjs.org/xcode/-/xcode-3.0.1.tgz 0ms (cache hit)
2531 http cache js-tokens@https://registry.npmjs.org/js-tokens/-/js-tokens-4.0.0.tgz 0ms (cache hit)
2532 http cache sucrase@https://registry.npmjs.org/sucrase/-/sucrase-3.35.0.tgz 0ms (cache hit)
2533 http cache slugify@https://registry.npmjs.org/slugify/-/slugify-1.6.6.tgz 0ms (cache hit)
2534 http cache @babel/highlight@https://registry.npmjs.org/@babel/highlight/-/highlight-7.25.9.tgz 0ms (cache hit)
2535 http cache @babel/helper-validator-identifier@https://registry.npmjs.org/@babel/helper-validator-identifier/-/helper-validator-identifier-7.28.5.tgz 0ms (cache hit)
2536 http cache resolve-workspace-root@https://registry.npmjs.org/resolve-workspace-root/-/resolve-workspace-root-2.0.1.tgz 0ms (cache hit)
2537 http cache glob@https://registry.npmjs.org/glob/-/glob-10.5.0.tgz 0ms (cache hit)
2538 http cache deepmerge@https://registry.npmjs.org/deepmerge/-/deepmerge-4.3.1.tgz 0ms (cache hit)
2539 http cache @expo/config-types@https://registry.npmjs.org/@expo/config-types/-/config-types-52.0.5.tgz 0ms (cache hit)
2540 http cache @babel/code-frame@https://registry.npmjs.org/@babel/code-frame/-/code-frame-7.10.4.tgz 0ms (cache hit)
2541 http cache zod@https://registry.npmjs.org/zod/-/zod-4.3.6.tgz 0ms (cache hit)
2542 http cache yaml@https://registry.npmjs.org/yaml/-/yaml-2.6.0.tgz 0ms (cache hit)
2543 http cache @expo/sdk-runtime-versions@https://registry.npmjs.org/@expo/sdk-runtime-versions/-/sdk-runtime-versions-1.0.0.tgz 0ms (cache hit)
2544 http cache require-from-string@https://registry.npmjs.org/require-from-string/-/require-from-string-2.0.2.tgz 0ms (cache hit)
2545 http cache uuid@https://registry.npmjs.org/uuid/-/uuid-9.0.1.tgz 0ms (cache hit)
2546 http cache wrap-ansi@https://registry.npmjs.org/wrap-ansi/-/wrap-ansi-7.0.0.tgz 0ms (cache hit)
2547 http cache tslib@https://registry.npmjs.org/tslib/-/tslib-2.6.2.tgz 0ms (cache hit)
2548 http cache ts-deepmerge@https://registry.npmjs.org/ts-deepmerge/-/ts-deepmerge-6.2.0.tgz 0ms (cache hit)
2549 http cache turndown@https://registry.npmjs.org/turndown/-/turndown-7.1.2.tgz 0ms (cache hit)
2550 http cache untildify@https://registry.npmjs.org/untildify/-/untildify-4.0.0.tgz 0ms (cache hit)
2551 http cache terminal-link@https://registry.npmjs.org/terminal-link/-/terminal-link-2.1.1.tgz 0ms (cache hit)
2552 http cache tar-stream@https://registry.npmjs.org/tar-stream/-/tar-stream-3.1.7.tgz 0ms (cache hit)
2553 http cache semver@https://registry.npmjs.org/semver/-/semver-7.5.4.tgz 0ms (cache hit)
2554 http cache set-interval-async@https://registry.npmjs.org/set-interval-async/-/set-interval-async-3.0.3.tgz 0ms (cache hit)
2555 http cache prompts@https://registry.npmjs.org/prompts/-/prompts-2.4.2.tgz 0ms (cache hit)
2556 http cache resolve-from@https://registry.npmjs.org/resolve-from/-/resolve-from-5.0.0.tgz 0ms (cache hit)
2557 http cache tar@https://registry.npmjs.org/tar/-/tar-7.5.7.tgz 0ms (cache hit)
2558 http cache qrcode-terminal@https://registry.npmjs.org/qrcode-terminal/-/qrcode-terminal-0.12.0.tgz 0ms (cache hit)
2559 http cache promise-retry@https://registry.npmjs.org/promise-retry/-/promise-retry-2.0.1.tgz 0ms (cache hit)
2560 http cache promise-limit@https://registry.npmjs.org/promise-limit/-/promise-limit-2.7.0.tgz 0ms (cache hit)
2561 http cache pkg-dir@https://registry.npmjs.org/pkg-dir/-/pkg-dir-4.2.0.tgz 0ms (cache hit)
2562 http cache ora@https://registry.npmjs.org/ora/-/ora-5.1.0.tgz 0ms (cache hit)
2563 http cache slash@https://registry.npmjs.org/slash/-/slash-3.0.0.tgz 0ms (cache hit)
2564 http cache node-stream-zip@https://registry.npmjs.org/node-stream-zip/-/node-stream-zip-1.15.0.tgz 0ms (cache hit)
2565 http cache node-forge@https://registry.npmjs.org/node-forge/-/node-forge-1.3.1.tgz 0ms (cache hit)
2566 http cache node-fetch@https://registry.npmjs.org/node-fetch/-/node-fetch-2.6.7.tgz 0ms (cache hit)
2567 http cache nanoid@https://registry.npmjs.org/nanoid/-/nanoid-3.3.8.tgz 0ms (cache hit)
2568 http cache minizlib@https://registry.npmjs.org/minizlib/-/minizlib-3.0.1.tgz 0ms (cache hit)
2569 http cache minimatch@https://registry.npmjs.org/minimatch/-/minimatch-5.1.2.tgz 0ms (cache hit)
2570 http cache pngjs@https://registry.npmjs.org/pngjs/-/pngjs-7.0.0.tgz 0ms (cache hit)
2571 http cache mime@https://registry.npmjs.org/mime/-/mime-3.0.0.tgz 0ms (cache hit)
2572 http cache log-symbols@https://registry.npmjs.org/log-symbols/-/log-symbols-4.1.0.tgz 0ms (cache hit)
2573 http cache joi@https://registry.npmjs.org/joi/-/joi-17.11.0.tgz 0ms (cache hit)
2574 http cache invariant@https://registry.npmjs.org/invariant/-/invariant-2.2.4.tgz 0ms (cache hit)
2575 http cache indent-string@https://registry.npmjs.org/indent-string/-/indent-string-4.0.0.tgz 0ms (cache hit)
2576 http cache jks-js@https://registry.npmjs.org/jks-js/-/jks-js-1.1.0.tgz 0ms (cache hit)
2577 http cache keychain@https://registry.npmjs.org/keychain/-/keychain-1.5.0.tgz 0ms (cache hit)
2578 http cache https-proxy-agent@https://registry.npmjs.org/https-proxy-agent/-/https-proxy-agent-5.0.1.tgz 0ms (cache hit)
2579 http cache ignore@https://registry.npmjs.org/ignore/-/ignore-5.3.0.tgz 0ms (cache hit)
2580 http cache graphql@https://registry.npmjs.org/graphql/-/graphql-16.8.1.tgz 0ms (cache hit)
2581 http cache gradle-to-js@https://registry.npmjs.org/gradle-to-js/-/gradle-to-js-2.0.1.tgz 0ms (cache hit)
2582 http cache graphql-tag@https://registry.npmjs.org/graphql-tag/-/graphql-tag-2.12.6.tgz 0ms (cache hit)
2583 http cache getenv@https://registry.npmjs.org/getenv/-/getenv-1.0.0.tgz 0ms (cache hit)
2584 http cache fs-extra@https://registry.npmjs.org/fs-extra/-/fs-extra-11.2.0.tgz 0ms (cache hit)
2585 http cache fast-glob@https://registry.npmjs.org/fast-glob/-/fast-glob-3.3.2.tgz 0ms (cache hit)
2586 http cache figures@https://registry.npmjs.org/figures/-/figures-3.2.0.tgz 0ms (cache hit)
2587 http cache form-data@https://registry.npmjs.org/form-data/-/form-data-4.0.5.tgz 0ms (cache hit)
2588 http cache fast-deep-equal@https://registry.npmjs.org/fast-deep-equal/-/fast-deep-equal-3.1.3.tgz 0ms (cache hit)
2589 http cache envinfo@https://registry.npmjs.org/envinfo/-/envinfo-7.11.0.tgz 0ms (cache hit)
2590 http cache dotenv@https://registry.npmjs.org/dotenv/-/dotenv-16.3.1.tgz 0ms (cache hit)
2591 http cache diff@https://registry.npmjs.org/diff/-/diff-7.0.0.tgz 0ms (cache hit)
2592 http cache env-paths@https://registry.npmjs.org/env-paths/-/env-paths-2.2.0.tgz 0ms (cache hit)
2593 http cache dateformat@https://registry.npmjs.org/dateformat/-/dateformat-4.6.3.tgz 0ms (cache hit)
2594 http cache nullthrows@https://registry.npmjs.org/nullthrows/-/nullthrows-1.1.1.tgz 0ms (cache hit)
2595 http cache better-opn@https://registry.npmjs.org/better-opn/-/better-opn-3.0.2.tgz 0ms (cache hit)
2596 http cache ajv-formats@https://registry.npmjs.org/ajv-formats/-/ajv-formats-2.1.1.tgz 0ms (cache hit)
2597 http cache bplist-parser@https://registry.npmjs.org/bplist-parser/-/bplist-parser-0.3.2.tgz 0ms (cache hit)
2598 http cache chalk@https://registry.npmjs.org/chalk/-/chalk-4.1.2.tgz 0ms (cache hit)
2599 http cache @urql/exchange-retry@https://registry.npmjs.org/@urql/exchange-retry/-/exchange-retry-1.2.0.tgz 0ms (cache hit)
2600 http cache @segment/ajv-human-errors@https://registry.npmjs.org/@segment/ajv-human-errors/-/ajv-human-errors-2.16.0.tgz 0ms (cache hit)
2601 http cache ajv@https://registry.npmjs.org/ajv/-/ajv-8.11.0.tgz 0ms (cache hit)
2602 http cache @urql/core@https://registry.npmjs.org/@urql/core/-/core-4.0.11.tgz 0ms (cache hit)
2603 http cache @oclif/core@https://registry.npmjs.org/@oclif/core/-/core-1.26.2.tgz 0ms (cache hit)
2604 http cache @oclif/plugin-autocomplete@https://registry.npmjs.org/@oclif/plugin-autocomplete/-/plugin-autocomplete-2.3.10.tgz 0ms (cache hit)
2605 http cache @expo/steps@https://registry.npmjs.org/@expo/steps/-/steps-18.0.2.tgz 0ms (cache hit)
2606 http cache @expo/spawn-async@https://registry.npmjs.org/@expo/spawn-async/-/spawn-async-1.7.2.tgz 0ms (cache hit)
2607 http cache @expo/timeago.js@https://registry.npmjs.org/@expo/timeago.js/-/timeago.js-1.0.0.tgz 0ms (cache hit)
2608 http cache @expo/results@https://registry.npmjs.org/@expo/results/-/results-1.0.0.tgz 0ms (cache hit)
2609 http cache cli-progress@https://registry.npmjs.org/cli-progress/-/cli-progress-3.12.0.tgz 0ms (cache hit)
2610 http cache @expo/plugin-warn-if-update-available@https://registry.npmjs.org/@expo/plugin-warn-if-update-available/-/plugin-warn-if-update-available-2.5.1.tgz 0ms (cache hit)
2611 http cache @expo/plugin-help@https://registry.npmjs.org/@expo/plugin-help/-/plugin-help-5.1.23.tgz 0ms (cache hit)
2612 http cache @expo/plist@https://registry.npmjs.org/@expo/plist/-/plist-0.2.0.tgz 0ms (cache hit)
2613 http cache @expo/pkcs12@https://registry.npmjs.org/@expo/pkcs12/-/pkcs12-0.1.3.tgz 0ms (cache hit)
2614 http cache @expo/package-manager@https://registry.npmjs.org/@expo/package-manager/-/package-manager-1.9.10.tgz 0ms (cache hit)
2615 http cache @expo/osascript@https://registry.npmjs.org/@expo/osascript/-/osascript-2.1.4.tgz 0ms (cache hit)
2616 http cache @expo/multipart-body-parser@https://registry.npmjs.org/@expo/multipart-body-parser/-/multipart-body-parser-2.0.0.tgz 0ms (cache hit)
2617 http cache @expo/logger@https://registry.npmjs.org/@expo/logger/-/logger-18.0.1.tgz 0ms (cache hit)
2618 http cache @expo/json-file@https://registry.npmjs.org/@expo/json-file/-/json-file-8.3.3.tgz 0ms (cache hit)
2619 http cache @expo/env@https://registry.npmjs.org/@expo/env/-/env-1.0.7.tgz 0ms (cache hit)
2620 http cache @expo/eas-json@https://registry.npmjs.org/@expo/eas-json/-/eas-json-18.0.2.tgz 0ms (cache hit)
2621 http cache @expo/eas-build-job@https://registry.npmjs.org/@expo/eas-build-job/-/eas-build-job-18.0.2.tgz 0ms (cache hit)
2622 http cache @expo/config-plugins@https://registry.npmjs.org/@expo/config-plugins/-/config-plugins-9.0.12.tgz 0ms (cache hit)
2623 http cache @expo/prebuild-config@https://registry.npmjs.org/@expo/prebuild-config/-/prebuild-config-8.0.17.tgz 0ms (cache hit)
2624 http cache @expo/config@https://registry.npmjs.org/@expo/config/-/config-10.0.6.tgz 0ms (cache hit)
2625 http cache @expo/code-signing-certificates@https://registry.npmjs.org/@expo/code-signing-certificates/-/code-signing-certificates-0.0.5.tgz 0ms (cache hit)
2626 http cache eas-cli@https://registry.npmjs.org/eas-cli/-/eas-cli-18.0.5.tgz 0ms (cache hit)
2627 http cache @jridgewell/trace-mapping@https://registry.npmjs.org/@jridgewell/trace-mapping/-/trace-mapping-0.3.9.tgz 0ms (cache hit)
2628 http cache diff@https://registry.npmjs.org/diff/-/diff-4.0.4.tgz 0ms (cache hit)
2629 http cache @expo/rudder-sdk-node@https://registry.npmjs.org/@expo/rudder-sdk-node/-/rudder-sdk-node-1.1.1.tgz 0ms (cache hit)
2630 http cache arg@https://registry.npmjs.org/arg/-/arg-4.1.3.tgz 0ms (cache hit)
2631 http cache @expo/apple-utils@https://registry.npmjs.org/@expo/apple-utils/-/apple-utils-2.1.13.tgz 0ms (cache hit)
2632 http cache @xmldom/xmldom@https://registry.npmjs.org/@xmldom/xmldom/-/xmldom-0.8.11.tgz 0ms (cache hit)
2633 http cache signal-exit@https://registry.npmjs.org/signal-exit/-/signal-exit-3.0.7.tgz 0ms (cache hit)
2634 http cache ansi-styles@https://registry.npmjs.org/ansi-styles/-/ansi-styles-6.2.3.tgz 0ms (cache hit)
2635 http cache wrap-ansi@https://registry.npmjs.org/wrap-ansi/-/wrap-ansi-8.1.0.tgz 0ms (cache hit)
2636 http cache bplist-parser@https://registry.npmjs.org/bplist-parser/-/bplist-parser-0.3.1.tgz 0ms (cache hit)
2637 http cache string-width@https://registry.npmjs.org/string-width/-/string-width-5.1.2.tgz 0ms (cache hit)
2638 http cache emoji-regex@https://registry.npmjs.org/emoji-regex/-/emoji-regex-9.2.2.tgz 0ms (cache hit)
2639 http cache brace-expansion@https://registry.npmjs.org/brace-expansion/-/brace-expansion-1.1.12.tgz 0ms (cache hit)
2640 http cache minimatch@https://registry.npmjs.org/minimatch/-/minimatch-3.1.5.tgz 0ms (cache hit)
2641 http cache strip-ansi@https://registry.npmjs.org/strip-ansi/-/strip-ansi-7.1.2.tgz 0ms (cache hit)
2642 http cache glob@https://registry.npmjs.org/glob/-/glob-6.0.4.tgz 0ms (cache hit)
2643 http cache supports-color@https://registry.npmjs.org/supports-color/-/supports-color-7.2.0.tgz 0ms (cache hit)
2644 http cache ansi-regex@https://registry.npmjs.org/ansi-regex/-/ansi-regex-6.2.2.tgz 0ms (cache hit)
2645 http cache pngjs@https://registry.npmjs.org/pngjs/-/pngjs-3.4.0.tgz 0ms (cache hit)
2646 http cache xmlbuilder@https://registry.npmjs.org/xmlbuilder/-/xmlbuilder-15.1.1.tgz 0ms (cache hit)
2647 http cache universalify@https://registry.npmjs.org/universalify/-/universalify-1.0.0.tgz 0ms (cache hit)
2648 http cache rimraf@https://registry.npmjs.org/rimraf/-/rimraf-2.4.5.tgz 0ms (cache hit)
2649 http cache fs-extra@https://registry.npmjs.org/fs-extra/-/fs-extra-9.0.0.tgz 0ms (cache hit)
2650 http cache signal-exit@https://registry.npmjs.org/signal-exit/-/signal-exit-3.0.7.tgz 0ms (cache hit)
2651 http cache dotenv@https://registry.npmjs.org/dotenv/-/dotenv-16.6.1.tgz 0ms (cache hit)
2652 http cache uuid@https://registry.npmjs.org/uuid/-/uuid-8.3.2.tgz 0ms (cache hit)
2653 http cache xmlbuilder@https://registry.npmjs.org/xmlbuilder/-/xmlbuilder-11.0.1.tgz 0ms (cache hit)
2654 http cache uuid@https://registry.npmjs.org/uuid/-/uuid-7.0.3.tgz 0ms (cache hit)
2655 http cache has-flag@https://registry.npmjs.org/has-flag/-/has-flag-3.0.0.tgz 0ms (cache hit)
2656 http cache color-name@https://registry.npmjs.org/color-name/-/color-name-1.1.3.tgz 0ms (cache hit)
2657 http cache color-convert@https://registry.npmjs.org/color-convert/-/color-convert-1.9.3.tgz 0ms (cache hit)
2658 http cache semver@https://registry.npmjs.org/semver/-/semver-7.7.4.tgz 0ms (cache hit)
2659 http cache supports-color@https://registry.npmjs.org/supports-color/-/supports-color-5.5.0.tgz 0ms (cache hit)
2660 http cache ansi-styles@https://registry.npmjs.org/ansi-styles/-/ansi-styles-3.2.1.tgz 0ms (cache hit)
2661 http cache balanced-match@https://registry.npmjs.org/balanced-match/-/balanced-match-4.0.4.tgz 0ms (cache hit)
2662 http cache brace-expansion@https://registry.npmjs.org/brace-expansion/-/brace-expansion-5.0.3.tgz 0ms (cache hit)
2663 http cache chalk@https://registry.npmjs.org/chalk/-/chalk-2.4.2.tgz 0ms (cache hit)
2664 http cache minimatch@https://registry.npmjs.org/minimatch/-/minimatch-9.0.8.tgz 0ms (cache hit)
2665 http cache minizlib@https://registry.npmjs.org/minizlib/-/minizlib-3.1.0.tgz 0ms (cache hit)
2666 http cache lru-cache@https://registry.npmjs.org/lru-cache/-/lru-cache-6.0.0.tgz 0ms (cache hit)
2667 http cache escape-string-regexp@https://registry.npmjs.org/escape-string-regexp/-/escape-string-regexp-1.0.5.tgz 0ms (cache hit)
2668 http cache supports-color@https://registry.npmjs.org/supports-color/-/supports-color-7.2.0.tgz 0ms (cache hit)
2669 http cache @oclif/core@https://registry.npmjs.org/@oclif/core/-/core-2.16.0.tgz 0ms (cache hit)
2670 http cache fs-extra@https://registry.npmjs.org/fs-extra/-/fs-extra-9.1.0.tgz 0ms (cache hit)
2671 http cache yallist@https://registry.npmjs.org/yallist/-/yallist-4.0.0.tgz 0ms (cache hit)
2672 http cache semver@https://registry.npmjs.org/semver/-/semver-7.7.4.tgz 0ms (cache hit)
2673 http cache fs-extra@https://registry.npmjs.org/fs-extra/-/fs-extra-9.1.0.tgz 0ms (cache hit)
2674 http cache escape-string-regexp@https://registry.npmjs.org/escape-string-regexp/-/escape-string-regexp-1.0.5.tgz 0ms (cache hit)
2675 http cache joi@https://registry.npmjs.org/joi/-/joi-17.13.3.tgz 0ms (cache hit)
2676 http cache fs-extra@https://registry.npmjs.org/fs-extra/-/fs-extra-10.1.0.tgz 0ms (cache hit)
2677 http cache @oclif/core@https://registry.npmjs.org/@oclif/core/-/core-2.16.0.tgz 0ms (cache hit)
2678 http cache @oclif/core@https://registry.npmjs.org/@oclif/core/-/core-2.16.0.tgz 0ms (cache hit)
2679 http cache uuid@https://registry.npmjs.org/uuid/-/uuid-8.3.2.tgz 0ms (cache hit)
2680 http cache has-flag@https://registry.npmjs.org/has-flag/-/has-flag-3.0.0.tgz 0ms (cache hit)
2681 http cache color-name@https://registry.npmjs.org/color-name/-/color-name-1.1.3.tgz 0ms (cache hit)
2682 http cache color-convert@https://registry.npmjs.org/color-convert/-/color-convert-1.9.3.tgz 1ms (cache hit)
2683 http cache supports-color@https://registry.npmjs.org/supports-color/-/supports-color-5.5.0.tgz 0ms (cache hit)
2684 http cache escape-string-regexp@https://registry.npmjs.org/escape-string-regexp/-/escape-string-regexp-1.0.5.tgz 0ms (cache hit)
2685 http cache ansi-styles@https://registry.npmjs.org/ansi-styles/-/ansi-styles-3.2.1.tgz 0ms (cache hit)
2686 http cache @expo/json-file@https://registry.npmjs.org/@expo/json-file/-/json-file-9.1.5.tgz 0ms (cache hit)
2687 http cache ansi-regex@https://registry.npmjs.org/ansi-regex/-/ansi-regex-4.1.1.tgz 0ms (cache hit)
2688 http cache mimic-fn@https://registry.npmjs.org/mimic-fn/-/mimic-fn-1.2.0.tgz 0ms (cache hit)
2689 http cache onetime@https://registry.npmjs.org/onetime/-/onetime-2.0.1.tgz 0ms (cache hit)
2690 http cache restore-cursor@https://registry.npmjs.org/restore-cursor/-/restore-cursor-2.0.0.tgz 0ms (cache hit)
2691 http cache strip-ansi@https://registry.npmjs.org/strip-ansi/-/strip-ansi-5.2.0.tgz 0ms (cache hit)
2692 http cache log-symbols@https://registry.npmjs.org/log-symbols/-/log-symbols-2.2.0.tgz 0ms (cache hit)
2693 http cache signal-exit@https://registry.npmjs.org/signal-exit/-/signal-exit-3.0.7.tgz 0ms (cache hit)
2694 http cache cli-cursor@https://registry.npmjs.org/cli-cursor/-/cli-cursor-2.1.0.tgz 0ms (cache hit)
2695 http cache @babel/code-frame@https://registry.npmjs.org/@babel/code-frame/-/code-frame-7.29.0.tgz 0ms (cache hit)
2696 http cache chalk@https://registry.npmjs.org/chalk/-/chalk-2.4.2.tgz 0ms (cache hit)
2697 http cache ora@https://registry.npmjs.org/ora/-/ora-3.4.0.tgz 0ms (cache hit)
2698 http cache chalk@https://registry.npmjs.org/chalk/-/chalk-2.4.2.tgz 0ms (cache hit)
2699 http cache dotenv@https://registry.npmjs.org/dotenv/-/dotenv-16.4.7.tgz 0ms (cache hit)
2700 http cache has-flag@https://registry.npmjs.org/has-flag/-/has-flag-3.0.0.tgz 0ms (cache hit)
2701 http cache color-name@https://registry.npmjs.org/color-name/-/color-name-1.1.3.tgz 0ms (cache hit)
2702 http cache color-convert@https://registry.npmjs.org/color-convert/-/color-convert-1.9.3.tgz 0ms (cache hit)
2703 http cache @expo/json-file@https://registry.npmjs.org/@expo/json-file/-/json-file-10.0.12.tgz 0ms (cache hit)
2704 http cache supports-color@https://registry.npmjs.org/supports-color/-/supports-color-5.5.0.tgz 0ms (cache hit)
2705 http cache getenv@https://registry.npmjs.org/getenv/-/getenv-2.0.0.tgz 0ms (cache hit)
2706 http cache ansi-styles@https://registry.npmjs.org/ansi-styles/-/ansi-styles-3.2.1.tgz 0ms (cache hit)
2707 http cache escape-string-regexp@https://registry.npmjs.org/escape-string-regexp/-/escape-string-regexp-1.0.5.tgz 0ms (cache hit)
2708 http cache tslib@https://registry.npmjs.org/tslib/-/tslib-2.4.1.tgz 0ms (cache hit)
2709 http cache yallist@https://registry.npmjs.org/yallist/-/yallist-4.0.0.tgz 0ms (cache hit)
2710 http cache lru-cache@https://registry.npmjs.org/lru-cache/-/lru-cache-6.0.0.tgz 0ms (cache hit)
2711 http cache chalk@https://registry.npmjs.org/chalk/-/chalk-2.4.2.tgz 0ms (cache hit)
2712 http cache semver@https://registry.npmjs.org/semver/-/semver-7.7.4.tgz 0ms (cache hit)
2713 http cache joi@https://registry.npmjs.org/joi/-/joi-17.13.3.tgz 0ms (cache hit)
2714 http cache @expo/json-file@https://registry.npmjs.org/@expo/json-file/-/json-file-9.0.2.tgz 0ms (cache hit)
2715 http cache @babel/code-frame@https://registry.npmjs.org/@babel/code-frame/-/code-frame-7.23.5.tgz 0ms (cache hit)
2716 http cache semver@https://registry.npmjs.org/semver/-/semver-7.5.2.tgz 0ms (cache hit)
2717 http cache @expo/json-file@https://registry.npmjs.org/@expo/json-file/-/json-file-9.1.5.tgz 0ms (cache hit)
2718 http cache semver@https://registry.npmjs.org/semver/-/semver-7.7.4.tgz 0ms (cache hit)
2719 silly tarball no local data for path-is-absolute@https://registry.npmjs.org/path-is-absolute/-/path-is-absolute-1.0.1.tgz. Extracting by manifest.
2720 silly tarball no local data for inflight@https://registry.npmjs.org/inflight/-/inflight-1.0.6.tgz. Extracting by manifest.
2721 silly tarball no local data for yn@https://registry.npmjs.org/yn/-/yn-3.1.1.tgz. Extracting by manifest.
2722 silly tarball no local data for acorn-walk@https://registry.npmjs.org/acorn-walk/-/acorn-walk-8.3.5.tgz. Extracting by manifest.
2723 silly tarball no local data for v8-compile-cache-lib@https://registry.npmjs.org/v8-compile-cache-lib/-/v8-compile-cache-lib-3.0.1.tgz. Extracting by manifest.
2724 silly tarball no local data for make-error@https://registry.npmjs.org/make-error/-/make-error-1.3.6.tgz. Extracting by manifest.
2725 silly tarball no local data for @tsconfig/node16@https://registry.npmjs.org/@tsconfig/node16/-/node16-1.0.4.tgz. Extracting by manifest.
2726 silly tarball no local data for create-require@https://registry.npmjs.org/create-require/-/create-require-1.1.1.tgz. Extracting by manifest.
2727 silly tarball no local data for @tsconfig/node12@https://registry.npmjs.org/@tsconfig/node12/-/node12-1.0.11.tgz. Extracting by manifest.
2728 silly tarball no local data for @tsconfig/node14@https://registry.npmjs.org/@tsconfig/node14/-/node14-1.0.3.tgz. Extracting by manifest.
2729 silly tarball no local data for astral-regex@https://registry.npmjs.org/astral-regex/-/astral-regex-2.0.0.tgz. Extracting by manifest.
2730 silly tarball no local data for @tsconfig/node10@https://registry.npmjs.org/@tsconfig/node10/-/node10-1.0.12.tgz. Extracting by manifest.
2731 silly tarball no local data for wordwrap@https://registry.npmjs.org/wordwrap/-/wordwrap-1.0.0.tgz. Extracting by manifest.
2732 silly tarball no local data for @cspotcode/source-map-support@https://registry.npmjs.org/@cspotcode/source-map-support/-/source-map-support-0.8.1.tgz. Extracting by manifest.
2733 silly tarball no local data for ts-node@https://registry.npmjs.org/ts-node/-/ts-node-10.9.2.tgz. Extracting by manifest.
2734 silly tarball no local data for slice-ansi@https://registry.npmjs.org/slice-ansi/-/slice-ansi-4.0.0.tgz. Extracting by manifest.
2735 silly tarball no local data for sax@https://registry.npmjs.org/sax/-/sax-1.4.4.tgz. Extracting by manifest.
2736 silly tarball no local data for @types/cli-progress@https://registry.npmjs.org/@types/cli-progress/-/cli-progress-3.11.6.tgz. Extracting by manifest.
2737 silly tarball no local data for stream-buffers@https://registry.npmjs.org/stream-buffers/-/stream-buffers-2.2.0.tgz. Extracting by manifest.
2738 silly tarball no local data for at-least-node@https://registry.npmjs.org/at-least-node/-/at-least-node-1.0.0.tgz. Extracting by manifest.
2739 silly tarball no local data for simple-plist@https://registry.npmjs.org/simple-plist/-/simple-plist-1.3.1.tgz. Extracting by manifest.
2740 silly tarball no local data for bplist-creator@https://registry.npmjs.org/bplist-creator/-/bplist-creator-0.1.0.tgz. Extracting by manifest.
2741 silly tarball no local data for plist@https://registry.npmjs.org/plist/-/plist-3.1.0.tgz. Extracting by manifest.
2742 silly tarball no local data for defaults@https://registry.npmjs.org/defaults/-/defaults-1.0.4.tgz. Extracting by manifest.
2743 silly tarball no local data for clone@https://registry.npmjs.org/clone/-/clone-1.0.4.tgz. Extracting by manifest.
2744 silly tarball no local data for crypto-random-string@https://registry.npmjs.org/crypto-random-string/-/crypto-random-string-2.0.0.tgz. Extracting by manifest.
2745 silly tarball no local data for domino@https://registry.npmjs.org/domino/-/domino-2.1.6.tgz. Extracting by manifest.
2746 silly tarball no local data for thenify@https://registry.npmjs.org/thenify/-/thenify-3.3.1.tgz. Extracting by manifest.
2747 silly tarball no local data for bare-events@https://registry.npmjs.org/bare-events/-/bare-events-2.8.2.tgz. Extracting by manifest.
2748 silly tarball no local data for events-universal@https://registry.npmjs.org/events-universal/-/events-universal-1.0.1.tgz. Extracting by manifest.
2749 silly tarball no local data for streamx@https://registry.npmjs.org/streamx/-/streamx-2.23.0.tgz. Extracting by manifest.
2750 silly tarball no local data for text-decoder@https://registry.npmjs.org/text-decoder/-/text-decoder-1.2.7.tgz. Extracting by manifest.
2751 silly tarball no local data for fast-fifo@https://registry.npmjs.org/fast-fifo/-/fast-fifo-1.3.2.tgz. Extracting by manifest.
2752 silly tarball no local data for b4a@https://registry.npmjs.org/b4a/-/b4a-1.8.0.tgz. Extracting by manifest.
2753 silly tarball no local data for thenify-all@https://registry.npmjs.org/thenify-all/-/thenify-all-1.6.0.tgz. Extracting by manifest.
2754 silly tarball no local data for ts-interface-checker@https://registry.npmjs.org/ts-interface-checker/-/ts-interface-checker-0.1.13.tgz. Extracting by manifest.
2755 silly tarball no local data for pirates@https://registry.npmjs.org/pirates/-/pirates-4.0.7.tgz. Extracting by manifest.
2756 silly tarball no local data for lines-and-columns@https://registry.npmjs.org/lines-and-columns/-/lines-and-columns-1.2.4.tgz. Extracting by manifest.
2757 silly tarball no local data for commander@https://registry.npmjs.org/commander/-/commander-4.1.1.tgz. Extracting by manifest.
2758 silly tarball no local data for mz@https://registry.npmjs.org/mz/-/mz-2.7.0.tgz. Extracting by manifest.
2759 silly tarball no local data for kleur@https://registry.npmjs.org/kleur/-/kleur-3.0.3.tgz. Extracting by manifest.
2760 silly tarball no local data for sisteransi@https://registry.npmjs.org/sisteransi/-/sisteransi-1.0.5.tgz. Extracting by manifest.
2761 silly tarball no local data for err-code@https://registry.npmjs.org/err-code/-/err-code-2.0.3.tgz. Extracting by manifest.
2762 silly tarball no local data for p-try@https://registry.npmjs.org/p-try/-/p-try-2.2.0.tgz. Extracting by manifest.
2763 silly tarball no local data for retry@https://registry.npmjs.org/retry/-/retry-0.12.0.tgz. Extracting by manifest.
2764 silly tarball no local data for p-limit@https://registry.npmjs.org/p-limit/-/p-limit-2.3.0.tgz. Extracting by manifest.
2765 silly tarball no local data for p-locate@https://registry.npmjs.org/p-locate/-/p-locate-4.1.0.tgz. Extracting by manifest.
2766 silly tarball no local data for locate-path@https://registry.npmjs.org/locate-path/-/locate-path-5.0.0.tgz. Extracting by manifest.
2767 silly tarball no local data for is-arrayish@https://registry.npmjs.org/is-arrayish/-/is-arrayish-0.2.1.tgz. Extracting by manifest.
2768 silly tarball no local data for json-parse-better-errors@https://registry.npmjs.org/json-parse-better-errors/-/json-parse-better-errors-1.0.2.tgz. Extracting by manifest.
2769 silly tarball no local data for find-up@https://registry.npmjs.org/find-up/-/find-up-4.1.0.tgz. Extracting by manifest.
2770 silly tarball no local data for error-ex@https://registry.npmjs.org/error-ex/-/error-ex-1.3.4.tgz. Extracting by manifest.
2771 silly tarball no local data for restore-cursor@https://registry.npmjs.org/restore-cursor/-/restore-cursor-3.1.0.tgz. Extracting by manifest.
2772 silly tarball no local data for wcwidth@https://registry.npmjs.org/wcwidth/-/wcwidth-1.0.1.tgz. Extracting by manifest.
2773 silly tarball no local data for mute-stream@https://registry.npmjs.org/mute-stream/-/mute-stream-0.0.8.tgz. Extracting by manifest.
2774 silly tarball no local data for is-interactive@https://registry.npmjs.org/is-interactive/-/is-interactive-1.0.0.tgz. Extracting by manifest.
2775 silly tarball no local data for cli-spinners@https://registry.npmjs.org/cli-spinners/-/cli-spinners-2.9.2.tgz. Extracting by manifest.
2776 silly tarball no local data for define-lazy-prop@https://registry.npmjs.org/define-lazy-prop/-/define-lazy-prop-2.0.0.tgz. Extracting by manifest.
2777 silly tarball no local data for cli-cursor@https://registry.npmjs.org/cli-cursor/-/cli-cursor-3.1.0.tgz. Extracting by manifest.
2778 silly tarball no local data for validate-npm-package-name@https://registry.npmjs.org/validate-npm-package-name/-/validate-npm-package-name-5.0.1.tgz. Extracting by manifest.
2779 silly tarball no local data for proc-log@https://registry.npmjs.org/proc-log/-/proc-log-4.2.0.tgz. Extracting by manifest.
2780 silly tarball no local data for hosted-git-info@https://registry.npmjs.org/hosted-git-info/-/hosted-git-info-7.0.2.tgz. Extracting by manifest.
2781 silly tarball no local data for asn1@https://registry.npmjs.org/asn1/-/asn1-0.2.6.tgz. Extracting by manifest.
2782 silly tarball no local data for ncp@https://registry.npmjs.org/ncp/-/ncp-2.0.0.tgz. Extracting by manifest.
2783 silly tarball no local data for rimraf@https://registry.npmjs.org/rimraf/-/rimraf-5.0.10.tgz. Extracting by manifest.
2784 silly tarball no local data for mkdirp@https://registry.npmjs.org/mkdirp/-/mkdirp-0.5.6.tgz. Extracting by manifest.
2785 silly tarball no local data for is-buffer@https://registry.npmjs.org/is-buffer/-/is-buffer-1.1.6.tgz. Extracting by manifest.
2786 silly tarball no local data for crypt@https://registry.npmjs.org/crypt/-/crypt-0.0.2.tgz. Extracting by manifest.
2787 silly tarball no local data for charenc@https://registry.npmjs.org/charenc/-/charenc-0.0.2.tgz. Extracting by manifest.
2788 silly tarball no local data for is-unicode-supported@https://registry.npmjs.org/is-unicode-supported/-/is-unicode-supported-0.1.0.tgz. Extracting by manifest.
2789 silly tarball no local data for sprintf-js@https://registry.npmjs.org/sprintf-js/-/sprintf-js-1.0.3.tgz. Extracting by manifest.
2790 silly tarball no local data for argparse@https://registry.npmjs.org/argparse/-/argparse-1.0.10.tgz. Extracting by manifest.
2791 silly tarball no local data for @sideway/pinpoint@https://registry.npmjs.org/@sideway/pinpoint/-/pinpoint-2.0.0.tgz. Extracting by manifest.
2792 silly tarball no local data for lru-cache@https://registry.npmjs.org/lru-cache/-/lru-cache-10.4.3.tgz. Extracting by manifest.
2793 silly tarball no local data for @sideway/formula@https://registry.npmjs.org/@sideway/formula/-/formula-3.0.1.tgz. Extracting by manifest.
2794 silly tarball no local data for @sideway/address@https://registry.npmjs.org/@sideway/address/-/address-4.1.5.tgz. Extracting by manifest.
2795 silly tarball no local data for @hapi/hoek@https://registry.npmjs.org/@hapi/hoek/-/hoek-9.3.0.tgz. Extracting by manifest.
2796 silly tarball no local data for node-rsa@https://registry.npmjs.org/node-rsa/-/node-rsa-1.1.1.tgz. Extracting by manifest.
2797 silly tarball no local data for filelist@https://registry.npmjs.org/filelist/-/filelist-1.0.6.tgz. Extracting by manifest.
2798 silly tarball no local data for async@https://registry.npmjs.org/async/-/async-3.2.6.tgz. Extracting by manifest.
2799 silly tarball no local data for node-int64@https://registry.npmjs.org/node-int64/-/node-int64-0.4.0.tgz. Extracting by manifest.
2800 silly tarball no local data for @hapi/topo@https://registry.npmjs.org/@hapi/topo/-/topo-5.1.0.tgz. Extracting by manifest.
2801 silly tarball no local data for @pkgjs/parseargs@https://registry.npmjs.org/@pkgjs/parseargs/-/parseargs-0.11.0.tgz. Extracting by manifest.
2802 silly tarball no local data for @isaacs/cliui@https://registry.npmjs.org/@isaacs/cliui/-/cliui-8.0.2.tgz. Extracting by manifest.
2803 silly tarball no local data for wrap-ansi-cjs@https://registry.npmjs.org/wrap-ansi/-/wrap-ansi-7.0.0.tgz. Extracting by manifest.
2804 silly tarball no local data for agent-base@https://registry.npmjs.org/agent-base/-/agent-base-6.0.2.tgz. Extracting by manifest.
2805 silly tarball no local data for parse-json@https://registry.npmjs.org/parse-json/-/parse-json-4.0.0.tgz. Extracting by manifest.
2806 silly tarball no local data for tunnel-agent@https://registry.npmjs.org/tunnel-agent/-/tunnel-agent-0.6.0.tgz. Extracting by manifest.
2807 silly tarball no local data for is-retry-allowed@https://registry.npmjs.org/is-retry-allowed/-/is-retry-allowed-1.2.0.tgz. Extracting by manifest.
2808 silly tarball no local data for content-type@https://registry.npmjs.org/content-type/-/content-type-1.0.5.tgz. Extracting by manifest.
2809 silly tarball no local data for dir-glob@https://registry.npmjs.org/dir-glob/-/dir-glob-3.0.1.tgz. Extracting by manifest.
2810 silly tarball no local data for array-union@https://registry.npmjs.org/array-union/-/array-union-2.1.0.tgz. Extracting by manifest.
2811 silly tarball no local data for path-scurry@https://registry.npmjs.org/path-scurry/-/path-scurry-1.11.1.tgz. Extracting by manifest.
2812 silly tarball no local data for jackspeak@https://registry.npmjs.org/jackspeak/-/jackspeak-3.4.3.tgz. Extracting by manifest.
2813 silly tarball no local data for foreground-child@https://registry.npmjs.org/foreground-child/-/foreground-child-3.3.1.tgz. Extracting by manifest.
2814 silly tarball no local data for path-type@https://registry.npmjs.org/path-type/-/path-type-4.0.0.tgz. Extracting by manifest.
2815 silly tarball no local data for package-json-from-dist@https://registry.npmjs.org/package-json-from-dist/-/package-json-from-dist-1.0.1.tgz. Extracting by manifest.
2816 silly tarball no local data for nan@https://registry.npmjs.org/nan/-/nan-2.25.0.tgz. Extracting by manifest.
2817 silly tarball no local data for jake@https://registry.npmjs.org/jake/-/jake-10.9.4.tgz. Extracting by manifest.
2818 silly tarball no local data for redeyed@https://registry.npmjs.org/redeyed/-/redeyed-2.1.1.tgz. Extracting by manifest.
2819 silly tarball no local data for ansicolors@https://registry.npmjs.org/ansicolors/-/ansicolors-0.3.2.tgz. Extracting by manifest.
2820 silly tarball no local data for moment@https://registry.npmjs.org/moment/-/moment-2.30.1.tgz. Extracting by manifest.
2821 silly tarball no local data for mv@https://registry.npmjs.org/mv/-/mv-2.1.1.tgz. Extracting by manifest.
2822 silly tarball no local data for safe-json-stringify@https://registry.npmjs.org/safe-json-stringify/-/safe-json-stringify-1.2.0.tgz. Extracting by manifest.
2823 silly tarball no local data for open@https://registry.npmjs.org/open/-/open-8.4.2.tgz. Extracting by manifest.
2824 silly tarball no local data for type-fest@https://registry.npmjs.org/type-fest/-/type-fest-0.21.3.tgz. Extracting by manifest.
2825 silly tarball no local data for dtrace-provider@https://registry.npmjs.org/dtrace-provider/-/dtrace-provider-0.8.8.tgz. Extracting by manifest.
2826 silly tarball no local data for wonka@https://registry.npmjs.org/wonka/-/wonka-6.3.5.tgz. Extracting by manifest.
2827 silly tarball no local data for @0no-co/graphql.web@https://registry.npmjs.org/@0no-co/graphql.web/-/graphql.web-1.2.0.tgz. Extracting by manifest.
2828 silly tarball no local data for @types/node@https://registry.npmjs.org/@types/node/-/node-25.3.1.tgz. Extracting by manifest.
2829 silly tarball no local data for big-integer@https://registry.npmjs.org/big-integer/-/big-integer-1.6.52.tgz. Extracting by manifest.
2830 silly tarball no local data for undici-types@https://registry.npmjs.org/undici-types/-/undici-types-7.18.2.tgz. Extracting by manifest.
2831 silly tarball no local data for component-type@https://registry.npmjs.org/component-type/-/component-type-1.2.2.tgz. Extracting by manifest.
2832 silly tarball no local data for widest-line@https://registry.npmjs.org/widest-line/-/widest-line-3.1.0.tgz. Extracting by manifest.
2833 silly tarball no local data for supports-hyperlinks@https://registry.npmjs.org/supports-hyperlinks/-/supports-hyperlinks-2.3.0.tgz. Extracting by manifest.
2834 silly tarball no local data for join-component@https://registry.npmjs.org/join-component/-/join-component-1.1.0.tgz. Extracting by manifest.
2835 silly tarball no local data for supports-color@https://registry.npmjs.org/supports-color/-/supports-color-8.1.1.tgz. Extracting by manifest.
2836 silly tarball no local data for password-prompt@https://registry.npmjs.org/password-prompt/-/password-prompt-1.1.3.tgz. Extracting by manifest.
2837 silly tarball no local data for object-treeify@https://registry.npmjs.org/object-treeify/-/object-treeify-1.1.33.tgz. Extracting by manifest.
2838 silly tarball no local data for natural-orderby@https://registry.npmjs.org/natural-orderby/-/natural-orderby-2.0.3.tgz. Extracting by manifest.
2839 silly tarball no local data for js-yaml@https://registry.npmjs.org/js-yaml/-/js-yaml-3.14.2.tgz. Extracting by manifest.
2840 silly tarball no local data for hyperlinker@https://registry.npmjs.org/hyperlinker/-/hyperlinker-1.0.0.tgz. Extracting by manifest.
2841 silly tarball no local data for globby@https://registry.npmjs.org/globby/-/globby-11.1.0.tgz. Extracting by manifest.
2842 silly tarball no local data for clean-stack@https://registry.npmjs.org/clean-stack/-/clean-stack-3.0.1.tgz. Extracting by manifest.
2843 silly tarball no local data for get-package-type@https://registry.npmjs.org/get-package-type/-/get-package-type-0.1.0.tgz. Extracting by manifest.
2844 silly tarball no local data for ansi-escapes@https://registry.npmjs.org/ansi-escapes/-/ansi-escapes-4.3.2.tgz. Extracting by manifest.
2845 silly tarball no local data for @oclif/screen@https://registry.npmjs.org/@oclif/screen/-/screen-3.0.8.tgz. Extracting by manifest.
2846 silly tarball no local data for @oclif/linewrap@https://registry.npmjs.org/@oclif/linewrap/-/linewrap-1.0.0.tgz. Extracting by manifest.
2847 silly tarball no local data for jsep@https://registry.npmjs.org/jsep/-/jsep-1.4.0.tgz. Extracting by manifest.
2848 silly tarball no local data for lodash.clonedeep@https://registry.npmjs.org/lodash.clonedeep/-/lodash.clonedeep-4.5.0.tgz. Extracting by manifest.
2849 silly tarball no local data for lodash.get@https://registry.npmjs.org/lodash.get/-/lodash.get-4.4.2.tgz. Extracting by manifest.
2850 silly tarball no local data for remove-trailing-slash@https://registry.npmjs.org/remove-trailing-slash/-/remove-trailing-slash-0.1.1.tgz. Extracting by manifest.
2851 silly tarball no local data for cardinal@https://registry.npmjs.org/cardinal/-/cardinal-2.1.1.tgz. Extracting by manifest.
2852 silly tarball no local data for fetch-retry@https://registry.npmjs.org/fetch-retry/-/fetch-retry-4.1.1.tgz. Extracting by manifest.
2853 silly tarball no local data for @segment/loosely-validate-event@https://registry.npmjs.org/@segment/loosely-validate-event/-/loosely-validate-event-2.0.0.tgz. Extracting by manifest.
2854 silly tarball no local data for unique-string@https://registry.npmjs.org/unique-string/-/unique-string-2.0.0.tgz. Extracting by manifest.
2855 silly tarball no local data for temp-dir@https://registry.npmjs.org/temp-dir/-/temp-dir-2.0.0.tgz. Extracting by manifest.
2856 silly tarball no local data for parse-png@https://registry.npmjs.org/parse-png/-/parse-png-2.1.0.tgz. Extracting by manifest.
2857 silly tarball no local data for @expo/bunyan@https://registry.npmjs.org/@expo/bunyan/-/bunyan-4.0.1.tgz. Extracting by manifest.
2858 silly tarball no local data for jimp-compact@https://registry.npmjs.org/jimp-compact/-/jimp-compact-0.16.1.tgz. Extracting by manifest.
2859 silly tarball no local data for @react-native/normalize-colors@https://registry.npmjs.org/@react-native/normalize-colors/-/normalize-colors-0.76.2.tgz. Extracting by manifest.
2860 silly tarball no local data for http-call@https://registry.npmjs.org/http-call/-/http-call-5.3.0.tgz. Extracting by manifest.
2861 silly tarball no local data for @expo/image-utils@https://registry.npmjs.org/@expo/image-utils/-/image-utils-0.6.5.tgz. Extracting by manifest.
2862 silly tarball no local data for ejs@https://registry.npmjs.org/ejs/-/ejs-3.1.10.tgz. Extracting by manifest.
2863 silly tarball no local data for xmlbuilder@https://registry.npmjs.org/xmlbuilder/-/xmlbuilder-14.0.0.tgz. Extracting by manifest.
2864 silly tarball no local data for npm-package-arg@https://registry.npmjs.org/npm-package-arg/-/npm-package-arg-11.0.3.tgz. Extracting by manifest.
2865 silly tarball no local data for @xmldom/xmldom@https://registry.npmjs.org/@xmldom/xmldom/-/xmldom-0.7.13.tgz. Extracting by manifest.
2866 silly tarball no local data for md5@https://registry.npmjs.org/md5/-/md5-2.3.0.tgz. Extracting by manifest.
2867 silly tarball no local data for exec-async@https://registry.npmjs.org/exec-async/-/exec-async-2.2.0.tgz. Extracting by manifest.
2868 silly tarball no local data for multipasta@https://registry.npmjs.org/multipasta/-/multipasta-0.2.7.tgz. Extracting by manifest.
2869 silly tarball no local data for base64-js@https://registry.npmjs.org/base64-js/-/base64-js-1.5.1.tgz. Extracting by manifest.
2870 silly tarball no local data for golden-fleece@https://registry.npmjs.org/golden-fleece/-/golden-fleece-1.0.9.tgz. Extracting by manifest.
2871 silly tarball no local data for write-file-atomic@https://registry.npmjs.org/write-file-atomic/-/write-file-atomic-2.4.3.tgz. Extracting by manifest.
2872 silly tarball no local data for @types/bunyan@https://registry.npmjs.org/@types/bunyan/-/bunyan-1.8.11.tgz. Extracting by manifest.
2873 silly tarball no local data for bunyan@https://registry.npmjs.org/bunyan/-/bunyan-1.8.15.tgz. Extracting by manifest.
2874 silly tarball no local data for dotenv-expand@https://registry.npmjs.org/dotenv-expand/-/dotenv-expand-11.0.7.tgz. Extracting by manifest.
2875 silly tarball no local data for xml2js@https://registry.npmjs.org/xml2js/-/xml2js-0.6.0.tgz. Extracting by manifest.
2876 silly tarball no local data for env-string@https://registry.npmjs.org/env-string/-/env-string-1.0.1.tgz. Extracting by manifest.
2877 silly tarball no local data for xcode@https://registry.npmjs.org/xcode/-/xcode-3.0.1.tgz. Extracting by manifest.
2878 silly tarball no local data for sucrase@https://registry.npmjs.org/sucrase/-/sucrase-3.35.0.tgz. Extracting by manifest.
2879 silly tarball no local data for slugify@https://registry.npmjs.org/slugify/-/slugify-1.6.6.tgz. Extracting by manifest.
2880 silly tarball no local data for @babel/highlight@https://registry.npmjs.org/@babel/highlight/-/highlight-7.25.9.tgz. Extracting by manifest.
2881 silly tarball no local data for resolve-workspace-root@https://registry.npmjs.org/resolve-workspace-root/-/resolve-workspace-root-2.0.1.tgz. Extracting by manifest.
2882 silly tarball no local data for glob@https://registry.npmjs.org/glob/-/glob-10.5.0.tgz. Extracting by manifest.
2883 silly tarball no local data for deepmerge@https://registry.npmjs.org/deepmerge/-/deepmerge-4.3.1.tgz. Extracting by manifest.
2884 silly tarball no local data for @expo/config-types@https://registry.npmjs.org/@expo/config-types/-/config-types-52.0.5.tgz. Extracting by manifest.
2885 silly tarball no local data for @babel/code-frame@https://registry.npmjs.org/@babel/code-frame/-/code-frame-7.10.4.tgz. Extracting by manifest.
2886 silly tarball no local data for @expo/sdk-runtime-versions@https://registry.npmjs.org/@expo/sdk-runtime-versions/-/sdk-runtime-versions-1.0.0.tgz. Extracting by manifest.
2887 silly tarball no local data for yaml@https://registry.npmjs.org/yaml/-/yaml-2.6.0.tgz. Extracting by manifest.
2888 silly tarball no local data for uuid@https://registry.npmjs.org/uuid/-/uuid-9.0.1.tgz. Extracting by manifest.
2889 silly tarball no local data for wrap-ansi@https://registry.npmjs.org/wrap-ansi/-/wrap-ansi-7.0.0.tgz. Extracting by manifest.
2890 silly tarball no local data for tslib@https://registry.npmjs.org/tslib/-/tslib-2.6.2.tgz. Extracting by manifest.
2891 silly tarball no local data for ts-deepmerge@https://registry.npmjs.org/ts-deepmerge/-/ts-deepmerge-6.2.0.tgz. Extracting by manifest.
2892 silly tarball no local data for turndown@https://registry.npmjs.org/turndown/-/turndown-7.1.2.tgz. Extracting by manifest.
2893 silly tarball no local data for untildify@https://registry.npmjs.org/untildify/-/untildify-4.0.0.tgz. Extracting by manifest.
2894 silly tarball no local data for terminal-link@https://registry.npmjs.org/terminal-link/-/terminal-link-2.1.1.tgz. Extracting by manifest.
2895 silly tarball no local data for tar-stream@https://registry.npmjs.org/tar-stream/-/tar-stream-3.1.7.tgz. Extracting by manifest.
2896 silly tarball no local data for set-interval-async@https://registry.npmjs.org/set-interval-async/-/set-interval-async-3.0.3.tgz. Extracting by manifest.
2897 silly tarball no local data for prompts@https://registry.npmjs.org/prompts/-/prompts-2.4.2.tgz. Extracting by manifest.
2898 silly tarball no local data for qrcode-terminal@https://registry.npmjs.org/qrcode-terminal/-/qrcode-terminal-0.12.0.tgz. Extracting by manifest.
2899 silly tarball no local data for promise-retry@https://registry.npmjs.org/promise-retry/-/promise-retry-2.0.1.tgz. Extracting by manifest.
2900 silly tarball no local data for promise-limit@https://registry.npmjs.org/promise-limit/-/promise-limit-2.7.0.tgz. Extracting by manifest.
2901 silly tarball no local data for pkg-dir@https://registry.npmjs.org/pkg-dir/-/pkg-dir-4.2.0.tgz. Extracting by manifest.
2902 silly tarball no local data for ora@https://registry.npmjs.org/ora/-/ora-5.1.0.tgz. Extracting by manifest.
2903 silly tarball no local data for slash@https://registry.npmjs.org/slash/-/slash-3.0.0.tgz. Extracting by manifest.
2904 silly tarball no local data for node-stream-zip@https://registry.npmjs.org/node-stream-zip/-/node-stream-zip-1.15.0.tgz. Extracting by manifest.
2905 silly tarball no local data for node-forge@https://registry.npmjs.org/node-forge/-/node-forge-1.3.1.tgz. Extracting by manifest.
2906 silly tarball no local data for nanoid@https://registry.npmjs.org/nanoid/-/nanoid-3.3.8.tgz. Extracting by manifest.
2907 silly tarball no local data for minizlib@https://registry.npmjs.org/minizlib/-/minizlib-3.0.1.tgz. Extracting by manifest.
2908 silly tarball no local data for minimatch@https://registry.npmjs.org/minimatch/-/minimatch-5.1.2.tgz. Extracting by manifest.
2909 silly tarball no local data for pngjs@https://registry.npmjs.org/pngjs/-/pngjs-7.0.0.tgz. Extracting by manifest.
2910 silly tarball no local data for mime@https://registry.npmjs.org/mime/-/mime-3.0.0.tgz. Extracting by manifest.
2911 silly tarball no local data for log-symbols@https://registry.npmjs.org/log-symbols/-/log-symbols-4.1.0.tgz. Extracting by manifest.
2912 silly tarball no local data for joi@https://registry.npmjs.org/joi/-/joi-17.11.0.tgz. Extracting by manifest.
2913 silly tarball no local data for invariant@https://registry.npmjs.org/invariant/-/invariant-2.2.4.tgz. Extracting by manifest.
2914 silly tarball no local data for indent-string@https://registry.npmjs.org/indent-string/-/indent-string-4.0.0.tgz. Extracting by manifest.
2915 silly tarball no local data for jks-js@https://registry.npmjs.org/jks-js/-/jks-js-1.1.0.tgz. Extracting by manifest.
2916 silly tarball no local data for keychain@https://registry.npmjs.org/keychain/-/keychain-1.5.0.tgz. Extracting by manifest.
2917 silly tarball no local data for https-proxy-agent@https://registry.npmjs.org/https-proxy-agent/-/https-proxy-agent-5.0.1.tgz. Extracting by manifest.
2918 silly tarball no local data for ignore@https://registry.npmjs.org/ignore/-/ignore-5.3.0.tgz. Extracting by manifest.
2919 silly tarball no local data for gradle-to-js@https://registry.npmjs.org/gradle-to-js/-/gradle-to-js-2.0.1.tgz. Extracting by manifest.
2920 silly tarball no local data for getenv@https://registry.npmjs.org/getenv/-/getenv-1.0.0.tgz. Extracting by manifest.
2921 silly tarball no local data for graphql@https://registry.npmjs.org/graphql/-/graphql-16.8.1.tgz. Extracting by manifest.
2922 silly tarball no local data for fs-extra@https://registry.npmjs.org/fs-extra/-/fs-extra-11.2.0.tgz. Extracting by manifest.
2923 silly tarball no local data for graphql-tag@https://registry.npmjs.org/graphql-tag/-/graphql-tag-2.12.6.tgz. Extracting by manifest.
2924 silly tarball no local data for fast-glob@https://registry.npmjs.org/fast-glob/-/fast-glob-3.3.2.tgz. Extracting by manifest.
2925 silly tarball no local data for figures@https://registry.npmjs.org/figures/-/figures-3.2.0.tgz. Extracting by manifest.
2926 silly tarball no local data for envinfo@https://registry.npmjs.org/envinfo/-/envinfo-7.11.0.tgz. Extracting by manifest.
2927 silly tarball no local data for dotenv@https://registry.npmjs.org/dotenv/-/dotenv-16.3.1.tgz. Extracting by manifest.
2928 silly tarball no local data for diff@https://registry.npmjs.org/diff/-/diff-7.0.0.tgz. Extracting by manifest.
2929 silly tarball no local data for env-paths@https://registry.npmjs.org/env-paths/-/env-paths-2.2.0.tgz. Extracting by manifest.
2930 silly tarball no local data for dateformat@https://registry.npmjs.org/dateformat/-/dateformat-4.6.3.tgz. Extracting by manifest.
2931 silly tarball no local data for nullthrows@https://registry.npmjs.org/nullthrows/-/nullthrows-1.1.1.tgz. Extracting by manifest.
2932 silly tarball no local data for better-opn@https://registry.npmjs.org/better-opn/-/better-opn-3.0.2.tgz. Extracting by manifest.
2933 silly tarball no local data for ajv-formats@https://registry.npmjs.org/ajv-formats/-/ajv-formats-2.1.1.tgz. Extracting by manifest.
2934 silly tarball no local data for bplist-parser@https://registry.npmjs.org/bplist-parser/-/bplist-parser-0.3.2.tgz. Extracting by manifest.
2935 silly tarball no local data for @segment/ajv-human-errors@https://registry.npmjs.org/@segment/ajv-human-errors/-/ajv-human-errors-2.16.0.tgz. Extracting by manifest.
2936 silly tarball no local data for @urql/exchange-retry@https://registry.npmjs.org/@urql/exchange-retry/-/exchange-retry-1.2.0.tgz. Extracting by manifest.
2937 silly tarball no local data for @urql/core@https://registry.npmjs.org/@urql/core/-/core-4.0.11.tgz. Extracting by manifest.
2938 silly tarball no local data for ajv@https://registry.npmjs.org/ajv/-/ajv-8.11.0.tgz. Extracting by manifest.
2939 silly tarball no local data for @oclif/core@https://registry.npmjs.org/@oclif/core/-/core-1.26.2.tgz. Extracting by manifest.
2940 silly tarball no local data for @oclif/plugin-autocomplete@https://registry.npmjs.org/@oclif/plugin-autocomplete/-/plugin-autocomplete-2.3.10.tgz. Extracting by manifest.
2941 silly tarball no local data for @expo/steps@https://registry.npmjs.org/@expo/steps/-/steps-18.0.2.tgz. Extracting by manifest.
2942 silly tarball no local data for @expo/spawn-async@https://registry.npmjs.org/@expo/spawn-async/-/spawn-async-1.7.2.tgz. Extracting by manifest.
2943 silly tarball no local data for @expo/timeago.js@https://registry.npmjs.org/@expo/timeago.js/-/timeago.js-1.0.0.tgz. Extracting by manifest.
2944 silly tarball no local data for @expo/results@https://registry.npmjs.org/@expo/results/-/results-1.0.0.tgz. Extracting by manifest.
2945 silly tarball no local data for cli-progress@https://registry.npmjs.org/cli-progress/-/cli-progress-3.12.0.tgz. Extracting by manifest.
2946 silly tarball no local data for @expo/plugin-warn-if-update-available@https://registry.npmjs.org/@expo/plugin-warn-if-update-available/-/plugin-warn-if-update-available-2.5.1.tgz. Extracting by manifest.
2947 silly tarball no local data for @expo/plugin-help@https://registry.npmjs.org/@expo/plugin-help/-/plugin-help-5.1.23.tgz. Extracting by manifest.
2948 silly tarball no local data for @expo/plist@https://registry.npmjs.org/@expo/plist/-/plist-0.2.0.tgz. Extracting by manifest.
2949 silly tarball no local data for @expo/pkcs12@https://registry.npmjs.org/@expo/pkcs12/-/pkcs12-0.1.3.tgz. Extracting by manifest.
2950 silly tarball no local data for @expo/package-manager@https://registry.npmjs.org/@expo/package-manager/-/package-manager-1.9.10.tgz. Extracting by manifest.
2951 silly tarball no local data for @expo/osascript@https://registry.npmjs.org/@expo/osascript/-/osascript-2.1.4.tgz. Extracting by manifest.
2952 silly tarball no local data for @expo/multipart-body-parser@https://registry.npmjs.org/@expo/multipart-body-parser/-/multipart-body-parser-2.0.0.tgz. Extracting by manifest.
2953 silly tarball no local data for @expo/logger@https://registry.npmjs.org/@expo/logger/-/logger-18.0.1.tgz. Extracting by manifest.
2954 silly tarball no local data for @expo/json-file@https://registry.npmjs.org/@expo/json-file/-/json-file-8.3.3.tgz. Extracting by manifest.
2955 silly tarball no local data for @expo/env@https://registry.npmjs.org/@expo/env/-/env-1.0.7.tgz. Extracting by manifest.
2956 silly tarball no local data for @expo/eas-build-job@https://registry.npmjs.org/@expo/eas-build-job/-/eas-build-job-18.0.2.tgz. Extracting by manifest.
2957 silly tarball no local data for @expo/config-plugins@https://registry.npmjs.org/@expo/config-plugins/-/config-plugins-9.0.12.tgz. Extracting by manifest.
2958 silly tarball no local data for @expo/eas-json@https://registry.npmjs.org/@expo/eas-json/-/eas-json-18.0.2.tgz. Extracting by manifest.
2959 silly tarball no local data for @expo/prebuild-config@https://registry.npmjs.org/@expo/prebuild-config/-/prebuild-config-8.0.17.tgz. Extracting by manifest.
2960 silly tarball no local data for @expo/config@https://registry.npmjs.org/@expo/config/-/config-10.0.6.tgz. Extracting by manifest.
2961 silly tarball no local data for @expo/code-signing-certificates@https://registry.npmjs.org/@expo/code-signing-certificates/-/code-signing-certificates-0.0.5.tgz. Extracting by manifest.
2962 silly tarball no local data for eas-cli@https://registry.npmjs.org/eas-cli/-/eas-cli-18.0.5.tgz. Extracting by manifest.
2963 silly tarball no local data for @jridgewell/trace-mapping@https://registry.npmjs.org/@jridgewell/trace-mapping/-/trace-mapping-0.3.9.tgz. Extracting by manifest.
2964 silly tarball no local data for @expo/rudder-sdk-node@https://registry.npmjs.org/@expo/rudder-sdk-node/-/rudder-sdk-node-1.1.1.tgz. Extracting by manifest.
2965 silly tarball no local data for arg@https://registry.npmjs.org/arg/-/arg-4.1.3.tgz. Extracting by manifest.
2966 silly tarball no local data for diff@https://registry.npmjs.org/diff/-/diff-4.0.4.tgz. Extracting by manifest.
2967 silly tarball no local data for @expo/apple-utils@https://registry.npmjs.org/@expo/apple-utils/-/apple-utils-2.1.13.tgz. Extracting by manifest.
2968 silly tarball no local data for @xmldom/xmldom@https://registry.npmjs.org/@xmldom/xmldom/-/xmldom-0.8.11.tgz. Extracting by manifest.
2969 silly tarball no local data for bplist-parser@https://registry.npmjs.org/bplist-parser/-/bplist-parser-0.3.1.tgz. Extracting by manifest.
2970 silly tarball no local data for minimatch@https://registry.npmjs.org/minimatch/-/minimatch-3.1.5.tgz. Extracting by manifest.
2971 silly tarball no local data for glob@https://registry.npmjs.org/glob/-/glob-6.0.4.tgz. Extracting by manifest.
2972 silly tarball no local data for pngjs@https://registry.npmjs.org/pngjs/-/pngjs-3.4.0.tgz. Extracting by manifest.
2973 silly tarball no local data for rimraf@https://registry.npmjs.org/rimraf/-/rimraf-2.4.5.tgz. Extracting by manifest.
2974 silly tarball no local data for xmlbuilder@https://registry.npmjs.org/xmlbuilder/-/xmlbuilder-15.1.1.tgz. Extracting by manifest.
2975 silly tarball no local data for fs-extra@https://registry.npmjs.org/fs-extra/-/fs-extra-9.0.0.tgz. Extracting by manifest.
2976 silly tarball no local data for universalify@https://registry.npmjs.org/universalify/-/universalify-1.0.0.tgz. Extracting by manifest.
2977 silly tarball no local data for dotenv@https://registry.npmjs.org/dotenv/-/dotenv-16.6.1.tgz. Extracting by manifest.
2978 silly tarball no local data for uuid@https://registry.npmjs.org/uuid/-/uuid-8.3.2.tgz. Extracting by manifest.
2979 silly tarball no local data for xmlbuilder@https://registry.npmjs.org/xmlbuilder/-/xmlbuilder-11.0.1.tgz. Extracting by manifest.
2980 silly tarball no local data for uuid@https://registry.npmjs.org/uuid/-/uuid-7.0.3.tgz. Extracting by manifest.
2981 silly tarball no local data for has-flag@https://registry.npmjs.org/has-flag/-/has-flag-3.0.0.tgz. Extracting by manifest.
2982 silly tarball no local data for color-name@https://registry.npmjs.org/color-name/-/color-name-1.1.3.tgz. Extracting by manifest.
2983 silly tarball no local data for color-convert@https://registry.npmjs.org/color-convert/-/color-convert-1.9.3.tgz. Extracting by manifest.
2984 silly tarball no local data for supports-color@https://registry.npmjs.org/supports-color/-/supports-color-5.5.0.tgz. Extracting by manifest.
2985 silly tarball no local data for ansi-styles@https://registry.npmjs.org/ansi-styles/-/ansi-styles-3.2.1.tgz. Extracting by manifest.
2986 silly tarball no local data for balanced-match@https://registry.npmjs.org/balanced-match/-/balanced-match-4.0.4.tgz. Extracting by manifest.
2987 silly tarball no local data for brace-expansion@https://registry.npmjs.org/brace-expansion/-/brace-expansion-5.0.3.tgz. Extracting by manifest.
2988 silly tarball no local data for chalk@https://registry.npmjs.org/chalk/-/chalk-2.4.2.tgz. Extracting by manifest.
2989 silly tarball no local data for minimatch@https://registry.npmjs.org/minimatch/-/minimatch-9.0.8.tgz. Extracting by manifest.
2990 silly tarball no local data for escape-string-regexp@https://registry.npmjs.org/escape-string-regexp/-/escape-string-regexp-1.0.5.tgz. Extracting by manifest.
2991 silly tarball no local data for @oclif/core@https://registry.npmjs.org/@oclif/core/-/core-2.16.0.tgz. Extracting by manifest.
2992 silly tarball no local data for escape-string-regexp@https://registry.npmjs.org/escape-string-regexp/-/escape-string-regexp-1.0.5.tgz. Extracting by manifest.
2993 silly tarball no local data for fs-extra@https://registry.npmjs.org/fs-extra/-/fs-extra-9.1.0.tgz. Extracting by manifest.
2994 silly tarball no local data for fs-extra@https://registry.npmjs.org/fs-extra/-/fs-extra-9.1.0.tgz. Extracting by manifest.
2995 silly tarball no local data for joi@https://registry.npmjs.org/joi/-/joi-17.13.3.tgz. Extracting by manifest.
2996 silly tarball no local data for fs-extra@https://registry.npmjs.org/fs-extra/-/fs-extra-10.1.0.tgz. Extracting by manifest.
2997 silly tarball no local data for @oclif/core@https://registry.npmjs.org/@oclif/core/-/core-2.16.0.tgz. Extracting by manifest.
2998 silly tarball no local data for @oclif/core@https://registry.npmjs.org/@oclif/core/-/core-2.16.0.tgz. Extracting by manifest.
2999 silly tarball no local data for uuid@https://registry.npmjs.org/uuid/-/uuid-8.3.2.tgz. Extracting by manifest.
3000 silly tarball no local data for has-flag@https://registry.npmjs.org/has-flag/-/has-flag-3.0.0.tgz. Extracting by manifest.
3001 silly tarball no local data for color-name@https://registry.npmjs.org/color-name/-/color-name-1.1.3.tgz. Extracting by manifest.
3002 silly tarball no local data for color-convert@https://registry.npmjs.org/color-convert/-/color-convert-1.9.3.tgz. Extracting by manifest.
3003 silly tarball no local data for supports-color@https://registry.npmjs.org/supports-color/-/supports-color-5.5.0.tgz. Extracting by manifest.
3004 silly tarball no local data for escape-string-regexp@https://registry.npmjs.org/escape-string-regexp/-/escape-string-regexp-1.0.5.tgz. Extracting by manifest.
3005 silly tarball no local data for ansi-styles@https://registry.npmjs.org/ansi-styles/-/ansi-styles-3.2.1.tgz. Extracting by manifest.
3006 silly tarball no local data for @expo/json-file@https://registry.npmjs.org/@expo/json-file/-/json-file-9.1.5.tgz. Extracting by manifest.
3007 silly tarball no local data for ansi-regex@https://registry.npmjs.org/ansi-regex/-/ansi-regex-4.1.1.tgz. Extracting by manifest.
3008 silly tarball no local data for mimic-fn@https://registry.npmjs.org/mimic-fn/-/mimic-fn-1.2.0.tgz. Extracting by manifest.
3009 silly tarball no local data for onetime@https://registry.npmjs.org/onetime/-/onetime-2.0.1.tgz. Extracting by manifest.
3010 silly tarball no local data for restore-cursor@https://registry.npmjs.org/restore-cursor/-/restore-cursor-2.0.0.tgz. Extracting by manifest.
3011 silly tarball no local data for strip-ansi@https://registry.npmjs.org/strip-ansi/-/strip-ansi-5.2.0.tgz. Extracting by manifest.
3012 silly tarball no local data for log-symbols@https://registry.npmjs.org/log-symbols/-/log-symbols-2.2.0.tgz. Extracting by manifest.
3013 silly tarball no local data for cli-cursor@https://registry.npmjs.org/cli-cursor/-/cli-cursor-2.1.0.tgz. Extracting by manifest.
3014 silly tarball no local data for chalk@https://registry.npmjs.org/chalk/-/chalk-2.4.2.tgz. Extracting by manifest.
3015 silly tarball no local data for ora@https://registry.npmjs.org/ora/-/ora-3.4.0.tgz. Extracting by manifest.
3016 silly tarball no local data for chalk@https://registry.npmjs.org/chalk/-/chalk-2.4.2.tgz. Extracting by manifest.
3017 silly tarball no local data for dotenv@https://registry.npmjs.org/dotenv/-/dotenv-16.4.7.tgz. Extracting by manifest.
3018 silly tarball no local data for has-flag@https://registry.npmjs.org/has-flag/-/has-flag-3.0.0.tgz. Extracting by manifest.
3019 silly tarball no local data for color-name@https://registry.npmjs.org/color-name/-/color-name-1.1.3.tgz. Extracting by manifest.
3020 silly tarball no local data for color-convert@https://registry.npmjs.org/color-convert/-/color-convert-1.9.3.tgz. Extracting by manifest.
3021 silly tarball no local data for @expo/json-file@https://registry.npmjs.org/@expo/json-file/-/json-file-10.0.12.tgz. Extracting by manifest.
3022 silly tarball no local data for supports-color@https://registry.npmjs.org/supports-color/-/supports-color-5.5.0.tgz. Extracting by manifest.
3023 silly tarball no local data for getenv@https://registry.npmjs.org/getenv/-/getenv-2.0.0.tgz. Extracting by manifest.
3024 silly tarball no local data for ansi-styles@https://registry.npmjs.org/ansi-styles/-/ansi-styles-3.2.1.tgz. Extracting by manifest.
3025 silly tarball no local data for escape-string-regexp@https://registry.npmjs.org/escape-string-regexp/-/escape-string-regexp-1.0.5.tgz. Extracting by manifest.
3026 silly tarball no local data for tslib@https://registry.npmjs.org/tslib/-/tslib-2.4.1.tgz. Extracting by manifest.
3027 silly tarball no local data for chalk@https://registry.npmjs.org/chalk/-/chalk-2.4.2.tgz. Extracting by manifest.
3028 silly tarball no local data for joi@https://registry.npmjs.org/joi/-/joi-17.13.3.tgz. Extracting by manifest.
3029 silly tarball no local data for @expo/json-file@https://registry.npmjs.org/@expo/json-file/-/json-file-9.0.2.tgz. Extracting by manifest.
3030 silly tarball no local data for @babel/code-frame@https://registry.npmjs.org/@babel/code-frame/-/code-frame-7.23.5.tgz. Extracting by manifest.
3031 silly tarball no local data for semver@https://registry.npmjs.org/semver/-/semver-7.5.2.tgz. Extracting by manifest.
3032 silly tarball no local data for @expo/json-file@https://registry.npmjs.org/@expo/json-file/-/json-file-9.1.5.tgz. Extracting by manifest.
3033 http fetch POST 200 https://registry.npmjs.org/-/npm/v1/security/advisories/bulk 294ms
3034 silly audit report {
3034 silly audit report   ajv: [
3034 silly audit report     {
3034 silly audit report       id: 1113429,
3034 silly audit report       url: 'https://github.com/advisories/GHSA-2g4f-4pwh-qvx6',
3034 silly audit report       title: 'ajv has ReDoS when using `$data` option',
3034 silly audit report       severity: 'moderate',
3034 silly audit report       vulnerable_versions: '>=7.0.0-alpha.0 <8.18.0',
3034 silly audit report       cwe: [Array],
3034 silly audit report       cvss: [Object]
3034 silly audit report     }
3034 silly audit report   ],
3034 silly audit report   diff: [
3034 silly audit report     {
3034 silly audit report       id: 1112706,
3034 silly audit report       url: 'https://github.com/advisories/GHSA-73rr-hh4g-fpgx',
3034 silly audit report       title: 'jsdiff has a Denial of Service vulnerability in parsePatch and applyPatch',
3034 silly audit report       severity: 'low',
3034 silly audit report       vulnerable_versions: '>=6.0.0 <8.0.3',
3034 silly audit report       cwe: [Array],
3034 silly audit report       cvss: [Object]
3034 silly audit report     }
3034 silly audit report   ],
3034 silly audit report   minimatch: [
3034 silly audit report     {
3034 silly audit report       id: 1113461,
3034 silly audit report       url: 'https://github.com/advisories/GHSA-3ppc-4f35-3m26',
3034 silly audit report       title: 'minimatch has a ReDoS via repeated wildcards with non-matching literal in pattern',
3034 silly audit report       severity: 'high',
3034 silly audit report       vulnerable_versions: '>=5.0.0 <5.1.7',
3034 silly audit report       cwe: [Array],
3034 silly audit report       cvss: [Object]
3034 silly audit report     }
3034 silly audit report   ],
3034 silly audit report   'node-forge': [
3034 silly audit report     {
3034 silly audit report       id: 1110996,
3034 silly audit report       url: 'https://github.com/advisories/GHSA-554w-wpv2-vw27',
3034 silly audit report       title: 'node-forge has ASN.1 Unbounded Recursion',
3034 silly audit report       severity: 'high',
3034 silly audit report       vulnerable_versions: '<1.3.2',
3034 silly audit report       cwe: [Array],
3034 silly audit report       cvss: [Object]
3034 silly audit report     },
3034 silly audit report     {
3034 silly audit report       id: 1110998,
3034 silly audit report       url: 'https://github.com/advisories/GHSA-5gfm-wpxj-wjgq',
3034 silly audit report       title: 'node-forge has an Interpretation Conflict vulnerability via its ASN.1 Validator Desynchronization',
3034 silly audit report       severity: 'high',
3034 silly audit report       vulnerable_versions: '<1.3.2',
3034 silly audit report       cwe: [Array],
3034 silly audit report       cvss: [Object]
3034 silly audit report     },
3034 silly audit report     {
3034 silly audit report       id: 1111068,
3034 silly audit report       url: 'https://github.com/advisories/GHSA-65ch-62r8-g69g',
3034 silly audit report       title: 'node-forge is vulnerable to ASN.1 OID Integer Truncation',
3034 silly audit report       severity: 'moderate',
3034 silly audit report       vulnerable_versions: '<1.3.2',
3034 silly audit report       cwe: [Array],
3034 silly audit report       cvss: [Object]
3034 silly audit report     }
3034 silly audit report   ],
3034 silly audit report   tar: [
3034 silly audit report     {
3034 silly audit report       id: 1113375,
3034 silly audit report       url: 'https://github.com/advisories/GHSA-83g3-92jg-28cx',
3034 silly audit report       title: 'Arbitrary File Read/Write via Hardlink Target Escape Through Symlink Chain in node-tar Extraction',
3034 silly audit report       severity: 'high',
3034 silly audit report       vulnerable_versions: '<7.5.8',
3034 silly audit report       cwe: [Array],
3034 silly audit report       cvss: [Object]
3034 silly audit report     }
3034 silly audit report   ]
3034 silly audit report }
3035 silly packumentCache corgi:https://registry.npmjs.org/ajv cache-miss
3036 silly packumentCache corgi:https://registry.npmjs.org/diff cache-miss
3037 silly packumentCache corgi:https://registry.npmjs.org/minimatch cache-miss
3038 silly packumentCache corgi:https://registry.npmjs.org/node-forge cache-miss
3039 silly packumentCache corgi:https://registry.npmjs.org/tar cache-miss
3040 http fetch GET 200 https://registry.npmjs.org/acorn-walk/-/acorn-walk-8.3.5.tgz 326ms (cache miss)
3041 http fetch GET 200 https://registry.npmjs.org/make-error/-/make-error-1.3.6.tgz 327ms (cache miss)
3042 http fetch GET 200 https://registry.npmjs.org/path-is-absolute/-/path-is-absolute-1.0.1.tgz 328ms (cache miss)
3043 http fetch GET 200 https://registry.npmjs.org/inflight/-/inflight-1.0.6.tgz 329ms (cache miss)
3044 warn deprecated inflight@1.0.6: This module is not supported, and leaks memory. Do not use it. Check out lru-cache if you want a good and tested way to coalesce async requests by a key value, which is much more comprehensive and powerful.
3045 http fetch GET 200 https://registry.npmjs.org/v8-compile-cache-lib/-/v8-compile-cache-lib-3.0.1.tgz 341ms (cache miss)
3046 http fetch GET 200 https://registry.npmjs.org/yn/-/yn-3.1.1.tgz 342ms (cache miss)
3047 http fetch GET 200 https://registry.npmjs.org/slice-ansi/-/slice-ansi-4.0.0.tgz 368ms (cache miss)
3048 http fetch GET 200 https://registry.npmjs.org/at-least-node/-/at-least-node-1.0.0.tgz 370ms (cache miss)
3049 http fetch GET 200 https://registry.npmjs.org/sax/-/sax-1.4.4.tgz 378ms (cache miss)
3050 http fetch GET 200 https://registry.npmjs.org/astral-regex/-/astral-regex-2.0.0.tgz 403ms (cache miss)
3051 http fetch GET 200 https://registry.npmjs.org/defaults/-/defaults-1.0.4.tgz 402ms (cache miss)
3052 http fetch GET 200 https://registry.npmjs.org/clone/-/clone-1.0.4.tgz 405ms (cache miss)
3053 http fetch GET 200 https://registry.npmjs.org/crypto-random-string/-/crypto-random-string-2.0.0.tgz 405ms (cache miss)
3054 http fetch GET 200 https://registry.npmjs.org/@tsconfig/node10/-/node10-1.0.12.tgz 408ms (cache miss)
3055 http fetch GET 200 https://registry.npmjs.org/create-require/-/create-require-1.1.1.tgz 409ms (cache miss)
3056 http fetch GET 200 https://registry.npmjs.org/@tsconfig/node16/-/node16-1.0.4.tgz 418ms (cache miss)
3057 http fetch GET 200 https://registry.npmjs.org/@tsconfig/node14/-/node14-1.0.3.tgz 422ms (cache miss)
3058 http fetch GET 200 https://registry.npmjs.org/text-decoder/-/text-decoder-1.2.7.tgz 422ms (cache miss)
3059 http fetch GET 200 https://registry.npmjs.org/thenify/-/thenify-3.3.1.tgz 424ms (cache miss)
3060 http fetch GET 200 https://registry.npmjs.org/fast-fifo/-/fast-fifo-1.3.2.tgz 425ms (cache miss)
3061 http fetch GET 200 https://registry.npmjs.org/streamx/-/streamx-2.23.0.tgz 425ms (cache miss)
3062 http fetch GET 200 https://registry.npmjs.org/ts-interface-checker/-/ts-interface-checker-0.1.13.tgz 425ms (cache miss)
3063 http fetch GET 200 https://registry.npmjs.org/@tsconfig/node12/-/node12-1.0.11.tgz 430ms (cache miss)
3064 http fetch GET 200 https://registry.npmjs.org/b4a/-/b4a-1.8.0.tgz 426ms (cache miss)
3065 http fetch GET 200 https://registry.npmjs.org/err-code/-/err-code-2.0.3.tgz 433ms (cache miss)
3066 http fetch GET 200 https://registry.npmjs.org/thenify-all/-/thenify-all-1.6.0.tgz 435ms (cache miss)
3067 http fetch GET 200 https://registry.npmjs.org/p-try/-/p-try-2.2.0.tgz 434ms (cache miss)
3068 http fetch GET 200 https://registry.npmjs.org/p-limit/-/p-limit-2.3.0.tgz 436ms (cache miss)
3069 http fetch GET 200 https://registry.npmjs.org/events-universal/-/events-universal-1.0.1.tgz 442ms (cache miss)
3070 http fetch GET 200 https://registry.npmjs.org/lines-and-columns/-/lines-and-columns-1.2.4.tgz 441ms (cache miss)
3071 http fetch GET 200 https://registry.npmjs.org/sisteransi/-/sisteransi-1.0.5.tgz 441ms (cache miss)
3072 http fetch GET 200 https://registry.npmjs.org/p-locate/-/p-locate-4.1.0.tgz 441ms (cache miss)
3073 http fetch GET 200 https://registry.npmjs.org/is-arrayish/-/is-arrayish-0.2.1.tgz 445ms (cache miss)
3074 http fetch GET 200 https://registry.npmjs.org/locate-path/-/locate-path-5.0.0.tgz 446ms (cache miss)
3075 http fetch GET 200 https://registry.npmjs.org/pirates/-/pirates-4.0.7.tgz 449ms (cache miss)
3076 http fetch GET 200 https://registry.npmjs.org/bare-events/-/bare-events-2.8.2.tgz 451ms (cache miss)
3077 http fetch GET 200 https://registry.npmjs.org/mz/-/mz-2.7.0.tgz 451ms (cache miss)
3078 http fetch GET 200 https://registry.npmjs.org/restore-cursor/-/restore-cursor-3.1.0.tgz 455ms (cache miss)
3079 http fetch GET 200 https://registry.npmjs.org/cli-spinners/-/cli-spinners-2.9.2.tgz 455ms (cache miss)
3080 http fetch GET 200 https://registry.npmjs.org/is-interactive/-/is-interactive-1.0.0.tgz 457ms (cache miss)
3081 http fetch GET 200 https://registry.npmjs.org/mute-stream/-/mute-stream-0.0.8.tgz 457ms (cache miss)
3082 http fetch GET 200 https://registry.npmjs.org/cli-cursor/-/cli-cursor-3.1.0.tgz 457ms (cache miss)
3083 http fetch GET 200 https://registry.npmjs.org/define-lazy-prop/-/define-lazy-prop-2.0.0.tgz 457ms (cache miss)
3084 http fetch GET 200 https://registry.npmjs.org/json-parse-better-errors/-/json-parse-better-errors-1.0.2.tgz 459ms (cache miss)
3085 http fetch GET 200 https://registry.npmjs.org/error-ex/-/error-ex-1.3.4.tgz 459ms (cache miss)
3086 http fetch GET 200 https://registry.npmjs.org/proc-log/-/proc-log-4.2.0.tgz 458ms (cache miss)
3087 http fetch GET 200 https://registry.npmjs.org/kleur/-/kleur-3.0.3.tgz 461ms (cache miss)
3088 http fetch GET 200 https://registry.npmjs.org/find-up/-/find-up-4.1.0.tgz 460ms (cache miss)
3089 http fetch GET 200 https://registry.npmjs.org/validate-npm-package-name/-/validate-npm-package-name-5.0.1.tgz 463ms (cache miss)
3090 http fetch GET 200 https://registry.npmjs.org/wcwidth/-/wcwidth-1.0.1.tgz 467ms (cache miss)
3091 http fetch GET 200 https://registry.npmjs.org/hosted-git-info/-/hosted-git-info-7.0.2.tgz 470ms (cache miss)
3092 http fetch GET 200 https://registry.npmjs.org/asn1/-/asn1-0.2.6.tgz 470ms (cache miss)
3093 http fetch GET 200 https://registry.npmjs.org/is-unicode-supported/-/is-unicode-supported-0.1.0.tgz 473ms (cache miss)
3094 http fetch GET 200 https://registry.npmjs.org/bplist-creator/-/bplist-creator-0.1.0.tgz 482ms (cache miss)
3095 http fetch GET 200 https://registry.npmjs.org/is-buffer/-/is-buffer-1.1.6.tgz 483ms (cache miss)
3096 http fetch GET 200 https://registry.npmjs.org/mkdirp/-/mkdirp-0.5.6.tgz 485ms (cache miss)
3097 http fetch GET 200 https://registry.npmjs.org/charenc/-/charenc-0.0.2.tgz 493ms (cache miss)
3098 http fetch GET 200 https://registry.npmjs.org/crypt/-/crypt-0.0.2.tgz 494ms (cache miss)
3099 http fetch GET 200 https://registry.npmjs.org/wordwrap/-/wordwrap-1.0.0.tgz 512ms (cache miss)
3100 http fetch GET 200 https://registry.npmjs.org/@sideway/pinpoint/-/pinpoint-2.0.0.tgz 504ms (cache miss)
3101 http fetch GET 200 https://registry.npmjs.org/@cspotcode/source-map-support/-/source-map-support-0.8.1.tgz 519ms (cache miss)
3102 http fetch GET 200 https://registry.npmjs.org/commander/-/commander-4.1.1.tgz 530ms (cache miss)
3103 http fetch GET 200 https://registry.npmjs.org/filelist/-/filelist-1.0.6.tgz 613ms (cache miss)
3104 http fetch GET 200 https://registry.npmjs.org/@isaacs/cliui/-/cliui-8.0.2.tgz 630ms (cache miss)
3105 http fetch GET 200 https://registry.npmjs.org/node-int64/-/node-int64-0.4.0.tgz 634ms (cache miss)
3106 http fetch GET 200 https://registry.npmjs.org/content-type/-/content-type-1.0.5.tgz 634ms (cache miss)
3107 http fetch GET 200 https://registry.npmjs.org/wrap-ansi/-/wrap-ansi-7.0.0.tgz 636ms (cache miss)
3108 http fetch GET 200 https://registry.npmjs.org/tunnel-agent/-/tunnel-agent-0.6.0.tgz 636ms (cache miss)
3109 http fetch GET 200 https://registry.npmjs.org/@hapi/topo/-/topo-5.1.0.tgz 637ms (cache miss)
3110 http fetch GET 200 https://registry.npmjs.org/retry/-/retry-0.12.0.tgz 645ms (cache miss)
3111 http fetch GET 200 https://registry.npmjs.org/parse-json/-/parse-json-4.0.0.tgz 640ms (cache miss)
3112 http fetch GET 200 https://registry.npmjs.org/is-retry-allowed/-/is-retry-allowed-1.2.0.tgz 640ms (cache miss)
3113 http fetch GET 200 https://registry.npmjs.org/simple-plist/-/simple-plist-1.3.1.tgz 655ms (cache miss)
3114 http fetch GET 200 https://registry.npmjs.org/path-type/-/path-type-4.0.0.tgz 647ms (cache miss)
3115 http fetch GET 200 https://registry.npmjs.org/array-union/-/array-union-2.1.0.tgz 650ms (cache miss)
3116 http fetch GET 200 https://registry.npmjs.org/dir-glob/-/dir-glob-3.0.1.tgz 658ms (cache miss)
3117 http fetch GET 200 https://registry.npmjs.org/sprintf-js/-/sprintf-js-1.0.3.tgz 662ms (cache miss)
3118 http fetch GET 200 https://registry.npmjs.org/safe-json-stringify/-/safe-json-stringify-1.2.0.tgz 657ms (cache miss)
3119 http fetch GET 200 https://registry.npmjs.org/@types/cli-progress/-/cli-progress-3.11.6.tgz 687ms (cache miss)
3120 http fetch GET 200 https://registry.npmjs.org/open/-/open-8.4.2.tgz 675ms (cache miss)
3121 http fetch GET 200 https://registry.npmjs.org/plist/-/plist-3.1.0.tgz 700ms (cache miss)
3122 http fetch GET 200 https://registry.npmjs.org/mv/-/mv-2.1.1.tgz 701ms (cache miss)
3123 http fetch GET 200 https://registry.npmjs.org/agent-base/-/agent-base-6.0.2.tgz 705ms (cache miss)
3124 http fetch GET 200 https://registry.npmjs.org/stream-buffers/-/stream-buffers-2.2.0.tgz 722ms (cache miss)
3125 http fetch GET 200 https://registry.npmjs.org/ansicolors/-/ansicolors-0.3.2.tgz 713ms (cache miss)
3126 http fetch GET 200 https://registry.npmjs.org/@pkgjs/parseargs/-/parseargs-0.11.0.tgz 726ms (cache miss)
3127 http fetch GET 200 https://registry.npmjs.org/package-json-from-dist/-/package-json-from-dist-1.0.1.tgz 728ms (cache miss)
3128 http fetch GET 200 https://registry.npmjs.org/ncp/-/ncp-2.0.0.tgz 741ms (cache miss)
3129 http fetch GET 200 https://registry.npmjs.org/node-rsa/-/node-rsa-1.1.1.tgz 747ms (cache miss)
3130 http fetch GET 200 https://registry.npmjs.org/argparse/-/argparse-1.0.10.tgz 756ms (cache miss)
3131 http fetch GET 200 https://registry.npmjs.org/redeyed/-/redeyed-2.1.1.tgz 752ms (cache miss)
3132 http fetch GET 200 https://registry.npmjs.org/dtrace-provider/-/dtrace-provider-0.8.8.tgz 752ms (cache miss)
3133 http fetch GET 200 https://registry.npmjs.org/big-integer/-/big-integer-1.6.52.tgz 751ms (cache miss)
3134 http fetch GET 200 https://registry.npmjs.org/@hapi/hoek/-/hoek-9.3.0.tgz 758ms (cache miss)
3135 http fetch GET 200 https://registry.npmjs.org/lru-cache/-/lru-cache-10.4.3.tgz 765ms (cache miss)
3136 http fetch GET 200 https://registry.npmjs.org/path-scurry/-/path-scurry-1.11.1.tgz 764ms (cache miss)
3137 http fetch GET 200 https://registry.npmjs.org/wonka/-/wonka-6.3.5.tgz 763ms (cache miss)
3138 http fetch GET 200 https://registry.npmjs.org/jackspeak/-/jackspeak-3.4.3.tgz 765ms (cache miss)
3139 http fetch GET 200 https://registry.npmjs.org/nan/-/nan-2.25.0.tgz 768ms (cache miss)
3140 http fetch GET 200 https://registry.npmjs.org/type-fest/-/type-fest-0.21.3.tgz 767ms (cache miss)
3141 http fetch GET 200 https://registry.npmjs.org/foreground-child/-/foreground-child-3.3.1.tgz 776ms (cache miss)
3142 http fetch GET 200 https://registry.npmjs.org/domino/-/domino-2.1.6.tgz 790ms (cache miss)
3143 http fetch GET 200 https://registry.npmjs.org/jake/-/jake-10.9.4.tgz 779ms (cache miss)
3144 http fetch GET 200 https://registry.npmjs.org/join-component/-/join-component-1.1.0.tgz 791ms (cache miss)
3145 http fetch GET 200 https://registry.npmjs.org/component-type/-/component-type-1.2.2.tgz 792ms (cache miss)
3146 http fetch GET 200 https://registry.npmjs.org/object-treeify/-/object-treeify-1.1.33.tgz 793ms (cache miss)
3147 http fetch GET 200 https://registry.npmjs.org/supports-color/-/supports-color-8.1.1.tgz 797ms (cache miss)
3148 http fetch GET 200 https://registry.npmjs.org/password-prompt/-/password-prompt-1.1.3.tgz 798ms (cache miss)
3149 http fetch GET 200 https://registry.npmjs.org/async/-/async-3.2.6.tgz 806ms (cache miss)
3150 http fetch GET 200 https://registry.npmjs.org/supports-hyperlinks/-/supports-hyperlinks-2.3.0.tgz 801ms (cache miss)
3151 http fetch GET 200 https://registry.npmjs.org/widest-line/-/widest-line-3.1.0.tgz 802ms (cache miss)
3152 http fetch GET 200 https://registry.npmjs.org/undici-types/-/undici-types-7.18.2.tgz 804ms (cache miss)
3153 http fetch GET 200 https://registry.npmjs.org/@sideway/address/-/address-4.1.5.tgz 818ms (cache miss)
3154 http fetch GET 200 https://registry.npmjs.org/hyperlinker/-/hyperlinker-1.0.0.tgz 828ms (cache miss)
3155 http fetch GET 200 https://registry.npmjs.org/clean-stack/-/clean-stack-3.0.1.tgz 828ms (cache miss)
3156 http fetch GET 200 https://registry.npmjs.org/globby/-/globby-11.1.0.tgz 828ms (cache miss)
3157 http fetch GET 200 https://registry.npmjs.org/get-package-type/-/get-package-type-0.1.0.tgz 829ms (cache miss)
3158 http fetch GET 200 https://registry.npmjs.org/remove-trailing-slash/-/remove-trailing-slash-0.1.1.tgz 833ms (cache miss)
3159 http fetch GET 200 https://registry.npmjs.org/ts-node/-/ts-node-10.9.2.tgz 853ms (cache miss)
3160 http fetch GET 200 https://registry.npmjs.org/ansi-escapes/-/ansi-escapes-4.3.2.tgz 835ms (cache miss)
3161 http fetch GET 200 https://registry.npmjs.org/natural-orderby/-/natural-orderby-2.0.3.tgz 846ms (cache miss)
3162 http fetch GET 200 https://registry.npmjs.org/jsep/-/jsep-1.4.0.tgz 848ms (cache miss)
3163 http fetch GET 200 https://registry.npmjs.org/lodash.clonedeep/-/lodash.clonedeep-4.5.0.tgz 850ms (cache miss)
3164 http fetch GET 200 https://registry.npmjs.org/lodash.get/-/lodash.get-4.4.2.tgz 851ms (cache miss)
3165 warn deprecated lodash.get@4.4.2: This package is deprecated. Use the optional chaining (?.) operator instead.
3166 http fetch GET 200 https://registry.npmjs.org/js-yaml/-/js-yaml-3.14.2.tgz 864ms (cache miss)
3167 http fetch GET 200 https://registry.npmjs.org/fetch-retry/-/fetch-retry-4.1.1.tgz 873ms (cache miss)
3168 http fetch GET 200 https://registry.npmjs.org/unique-string/-/unique-string-2.0.0.tgz 883ms (cache miss)
3169 http fetch GET 200 https://registry.npmjs.org/temp-dir/-/temp-dir-2.0.0.tgz 883ms (cache miss)
3170 http fetch GET 200 https://registry.npmjs.org/parse-png/-/parse-png-2.1.0.tgz 884ms (cache miss)
3171 http fetch GET 200 https://registry.npmjs.org/@0no-co/graphql.web/-/graphql.web-1.2.0.tgz 900ms (cache miss)
3172 http fetch GET 200 https://registry.npmjs.org/jimp-compact/-/jimp-compact-0.16.1.tgz 922ms (cache miss)
3173 http fetch GET 200 https://registry.npmjs.org/ejs/-/ejs-3.1.10.tgz 922ms (cache miss)
3174 http fetch GET 200 https://registry.npmjs.org/cardinal/-/cardinal-2.1.1.tgz 925ms (cache miss)
3175 http fetch GET 200 https://registry.npmjs.org/npm-package-arg/-/npm-package-arg-11.0.3.tgz 924ms (cache miss)
3176 http fetch GET 200 https://registry.npmjs.org/exec-async/-/exec-async-2.2.0.tgz 924ms (cache miss)
3177 http fetch GET 200 https://registry.npmjs.org/md5/-/md5-2.3.0.tgz 925ms (cache miss)
3178 http fetch GET 200 https://registry.npmjs.org/http-call/-/http-call-5.3.0.tgz 929ms (cache miss)
3179 http fetch GET 200 https://registry.npmjs.org/@types/node/-/node-25.3.1.tgz 939ms (cache miss)
3180 http fetch GET 200 https://registry.npmjs.org/rimraf/-/rimraf-5.0.10.tgz 948ms (cache miss)
3181 http fetch GET 200 https://registry.npmjs.org/base64-js/-/base64-js-1.5.1.tgz 939ms (cache miss)
3182 http fetch GET 200 https://registry.npmjs.org/write-file-atomic/-/write-file-atomic-2.4.3.tgz 940ms (cache miss)
3183 http fetch GET 200 https://registry.npmjs.org/bunyan/-/bunyan-1.8.15.tgz 954ms (cache miss)
3184 http fetch GET 200 https://registry.npmjs.org/dotenv-expand/-/dotenv-expand-11.0.7.tgz 955ms (cache miss)
3185 http fetch GET 200 https://registry.npmjs.org/golden-fleece/-/golden-fleece-1.0.9.tgz 958ms (cache miss)
3186 http fetch GET 200 https://registry.npmjs.org/xmlbuilder/-/xmlbuilder-14.0.0.tgz 963ms (cache miss)
3187 http fetch GET 200 https://registry.npmjs.org/env-string/-/env-string-1.0.1.tgz 968ms (cache miss)
3188 http fetch GET 200 https://registry.npmjs.org/xml2js/-/xml2js-0.6.0.tgz 969ms (cache miss)
3189 http fetch GET 200 https://registry.npmjs.org/xcode/-/xcode-3.0.1.tgz 980ms (cache miss)
3190 http fetch GET 200 https://registry.npmjs.org/slugify/-/slugify-1.6.6.tgz 992ms (cache miss)
3191 http fetch GET 200 https://registry.npmjs.org/resolve-workspace-root/-/resolve-workspace-root-2.0.1.tgz 997ms (cache miss)
3192 http fetch GET 200 https://registry.npmjs.org/deepmerge/-/deepmerge-4.3.1.tgz 1009ms (cache miss)
3193 http fetch GET 200 https://registry.npmjs.org/multipasta/-/multipasta-0.2.7.tgz 1026ms (cache miss)
3194 http fetch GET 200 https://registry.npmjs.org/wrap-ansi/-/wrap-ansi-7.0.0.tgz 1062ms (cache miss)
3195 warn deprecated tar@7.5.7: Old versions of tar are not supported, and contain widely publicized security vulnerabilities, which have been fixed in the current version. Please update. Support for old versions may be purchased (at exorbitant rates) by contacting i@izs.me
3196 http fetch GET 200 https://registry.npmjs.org/tslib/-/tslib-2.6.2.tgz 1075ms (cache miss)
3197 http fetch GET 200 https://registry.npmjs.org/glob/-/glob-10.5.0.tgz 1079ms (cache miss)
3198 warn deprecated glob@10.5.0: Old versions of glob are not supported, and contain widely publicized security vulnerabilities, which have been fixed in the current version. Please update. Support for old versions may be purchased (at exorbitant rates) by contacting i@izs.me
3199 http fetch GET 200 https://registry.npmjs.org/ts-deepmerge/-/ts-deepmerge-6.2.0.tgz 1102ms (cache miss)
3200 http fetch GET 200 https://registry.npmjs.org/turndown/-/turndown-7.1.2.tgz 1112ms (cache miss)
3201 http fetch GET 200 https://registry.npmjs.org/@oclif/linewrap/-/linewrap-1.0.0.tgz 1123ms (cache miss)
3202 http fetch GET 200 https://registry.npmjs.org/uuid/-/uuid-9.0.1.tgz 1122ms (cache miss)
3203 http fetch GET 200 https://registry.npmjs.org/terminal-link/-/terminal-link-2.1.1.tgz 1124ms (cache miss)
3204 http fetch GET 200 https://registry.npmjs.org/@segment/loosely-validate-event/-/loosely-validate-event-2.0.0.tgz 1130ms (cache miss)
3205 http fetch GET 200 https://registry.npmjs.org/untildify/-/untildify-4.0.0.tgz 1124ms (cache miss)
3206 http fetch GET 200 https://registry.npmjs.org/tar-stream/-/tar-stream-3.1.7.tgz 1156ms (cache miss)
3207 http fetch GET 200 https://registry.npmjs.org/qrcode-terminal/-/qrcode-terminal-0.12.0.tgz 1170ms (cache miss)
3208 http fetch GET 200 https://registry.npmjs.org/set-interval-async/-/set-interval-async-3.0.3.tgz 1175ms (cache miss)
3209 http fetch GET 200 https://registry.npmjs.org/pkg-dir/-/pkg-dir-4.2.0.tgz 1209ms (cache miss)
3210 http fetch GET 200 https://registry.npmjs.org/ora/-/ora-5.1.0.tgz 1211ms (cache miss)
3211 http fetch GET 200 https://registry.npmjs.org/promise-limit/-/promise-limit-2.7.0.tgz 1211ms (cache miss)
3212 http fetch GET 200 https://registry.npmjs.org/promise-retry/-/promise-retry-2.0.1.tgz 1214ms (cache miss)
3213 http fetch GET 200 https://registry.npmjs.org/slash/-/slash-3.0.0.tgz 1214ms (cache miss)
3214 http fetch GET 200 https://registry.npmjs.org/node-stream-zip/-/node-stream-zip-1.15.0.tgz 1216ms (cache miss)
3215 http fetch GET 200 https://registry.npmjs.org/nanoid/-/nanoid-3.3.8.tgz 1215ms (cache miss)
3216 http fetch GET 200 https://registry.npmjs.org/@sideway/formula/-/formula-3.0.1.tgz 1237ms (cache miss)
3217 http fetch GET 200 https://registry.npmjs.org/@types/bunyan/-/bunyan-1.8.11.tgz 1230ms (cache miss)
3218 http fetch GET 200 https://registry.npmjs.org/@xmldom/xmldom/-/xmldom-0.7.13.tgz 1231ms (cache miss)
3219 warn deprecated @xmldom/xmldom@0.7.13: this version is no longer supported, please update to at least 0.8.*
3220 http fetch GET 200 https://registry.npmjs.org/minizlib/-/minizlib-3.0.1.tgz 1250ms (cache miss)
3221 http fetch GET 200 https://registry.npmjs.org/minimatch/-/minimatch-5.1.2.tgz 1265ms (cache miss)
3222 http fetch GET 200 https://registry.npmjs.org/mime/-/mime-3.0.0.tgz 1273ms (cache miss)
3223 http fetch GET 200 https://registry.npmjs.org/prompts/-/prompts-2.4.2.tgz 1279ms (cache miss)
3224 http fetch GET 200 https://registry.npmjs.org/log-symbols/-/log-symbols-4.1.0.tgz 1285ms (cache miss)
3225 http fetch GET 200 https://registry.npmjs.org/indent-string/-/indent-string-4.0.0.tgz 1313ms (cache miss)
3226 http fetch GET 200 https://registry.npmjs.org/@expo/config-types/-/config-types-52.0.5.tgz 1317ms (cache miss)
3227 http fetch GET 200 https://registry.npmjs.org/@expo/sdk-runtime-versions/-/sdk-runtime-versions-1.0.0.tgz 1317ms (cache miss)
3228 http fetch GET 200 https://registry.npmjs.org/keychain/-/keychain-1.5.0.tgz 1313ms (cache miss)
3229 http fetch GET 200 https://registry.npmjs.org/jks-js/-/jks-js-1.1.0.tgz 1318ms (cache miss)
3230 http fetch GET 200 https://registry.npmjs.org/@babel/code-frame/-/code-frame-7.10.4.tgz 1326ms (cache miss)
3231 http fetch GET 200 https://registry.npmjs.org/sucrase/-/sucrase-3.35.0.tgz 1327ms (cache miss)
3232 http fetch GET 200 https://registry.npmjs.org/ignore/-/ignore-5.3.0.tgz 1331ms (cache miss)
3233 http fetch GET 200 https://registry.npmjs.org/gradle-to-js/-/gradle-to-js-2.0.1.tgz 1333ms (cache miss)
3234 http fetch GET 200 https://registry.npmjs.org/getenv/-/getenv-1.0.0.tgz 1334ms (cache miss)
3235 http fetch GET 200 https://registry.npmjs.org/pngjs/-/pngjs-7.0.0.tgz 1339ms (cache miss)
3236 http fetch GET 200 https://registry.npmjs.org/joi/-/joi-17.11.0.tgz 1338ms (cache miss)
3237 http fetch GET 200 https://registry.npmjs.org/https-proxy-agent/-/https-proxy-agent-5.0.1.tgz 1340ms (cache miss)
3238 http fetch GET 200 https://registry.npmjs.org/graphql-tag/-/graphql-tag-2.12.6.tgz 1367ms (cache miss)
3239 http fetch GET 200 https://registry.npmjs.org/yaml/-/yaml-2.6.0.tgz 1378ms (cache miss)
3240 http fetch GET 200 https://registry.npmjs.org/dotenv/-/dotenv-16.3.1.tgz 1395ms (cache miss)
3241 http fetch GET 200 https://registry.npmjs.org/figures/-/figures-3.2.0.tgz 1398ms (cache miss)
3242 http fetch GET 200 https://registry.npmjs.org/envinfo/-/envinfo-7.11.0.tgz 1398ms (cache miss)
3243 http fetch GET 200 https://registry.npmjs.org/env-paths/-/env-paths-2.2.0.tgz 1428ms (cache miss)
3244 http fetch GET 200 https://registry.npmjs.org/@react-native/normalize-colors/-/normalize-colors-0.76.2.tgz 1439ms (cache miss)
3245 http fetch GET 200 https://registry.npmjs.org/dateformat/-/dateformat-4.6.3.tgz 1429ms (cache miss)
3246 http fetch GET 200 https://registry.npmjs.org/nullthrows/-/nullthrows-1.1.1.tgz 1430ms (cache miss)
3247 http fetch GET 200 https://registry.npmjs.org/ajv-formats/-/ajv-formats-2.1.1.tgz 1430ms (cache miss)
3248 http fetch GET 200 https://registry.npmjs.org/bplist-parser/-/bplist-parser-0.3.2.tgz 1430ms (cache miss)
3249 http fetch GET 200 https://registry.npmjs.org/invariant/-/invariant-2.2.4.tgz 1434ms (cache miss)
3250 http fetch GET 200 https://registry.npmjs.org/node-forge/-/node-forge-1.3.1.tgz 1438ms (cache miss)
3251 http fetch GET 200 https://registry.npmjs.org/better-opn/-/better-opn-3.0.2.tgz 1438ms (cache miss)
3252 http fetch GET 200 https://registry.npmjs.org/fs-extra/-/fs-extra-11.2.0.tgz 1442ms (cache miss)
3253 http fetch GET 200 https://registry.npmjs.org/fast-glob/-/fast-glob-3.3.2.tgz 1458ms (cache miss)
3254 http fetch GET 200 https://registry.npmjs.org/moment/-/moment-2.30.1.tgz 1516ms (cache miss)
3255 http fetch GET 200 https://registry.npmjs.org/cli-progress/-/cli-progress-3.12.0.tgz 1503ms (cache miss)
3256 http fetch GET 200 https://registry.npmjs.org/graphql/-/graphql-16.8.1.tgz 1597ms (cache miss)
3257 http fetch GET 200 https://registry.npmjs.org/@oclif/screen/-/screen-3.0.8.tgz 1619ms (cache miss)
3258 warn deprecated @oclif/screen@3.0.8: Package no longer supported. Contact Support at https://www.npmjs.com/support for more info.
3259 http fetch GET 200 https://registry.npmjs.org/ajv/-/ajv-8.11.0.tgz 1690ms (cache miss)
3260 http fetch GET 200 https://registry.npmjs.org/@segment/ajv-human-errors/-/ajv-human-errors-2.16.0.tgz 1706ms (cache miss)
3261 http fetch GET 200 https://registry.npmjs.org/@oclif/plugin-autocomplete/-/plugin-autocomplete-2.3.10.tgz 1719ms (cache miss)
3262 http fetch GET 200 https://registry.npmjs.org/@urql/exchange-retry/-/exchange-retry-1.2.0.tgz 1735ms (cache miss)
3263 http fetch GET 200 https://registry.npmjs.org/@expo/bunyan/-/bunyan-4.0.1.tgz 1751ms (cache miss)
3264 http fetch GET 200 https://registry.npmjs.org/@expo/spawn-async/-/spawn-async-1.7.2.tgz 1753ms (cache miss)
3265 http fetch GET 200 https://registry.npmjs.org/@expo/results/-/results-1.0.0.tgz 1758ms (cache miss)
3266 http fetch GET 200 https://registry.npmjs.org/@expo/image-utils/-/image-utils-0.6.5.tgz 1770ms (cache miss)
3267 http fetch GET 200 https://registry.npmjs.org/@urql/core/-/core-4.0.11.tgz 1762ms (cache miss)
3268 http fetch GET 200 https://registry.npmjs.org/@oclif/core/-/core-1.26.2.tgz 1764ms (cache miss)
3269 http fetch GET 200 https://registry.npmjs.org/diff/-/diff-7.0.0.tgz 1778ms (cache miss)
3270 http fetch GET 200 https://registry.npmjs.org/@babel/highlight/-/highlight-7.25.9.tgz 1910ms (cache miss)
3271 http fetch GET 200 https://registry.npmjs.org/@expo/pkcs12/-/pkcs12-0.1.3.tgz 2020ms (cache miss)
3272 http fetch GET 200 https://registry.npmjs.org/@expo/plist/-/plist-0.2.0.tgz 2031ms (cache miss)
3273 http fetch GET 200 https://registry.npmjs.org/@expo/multipart-body-parser/-/multipart-body-parser-2.0.0.tgz 2054ms (cache miss)
3274 http fetch GET 200 https://registry.npmjs.org/@expo/package-manager/-/package-manager-1.9.10.tgz 2060ms (cache miss)
3275 http fetch GET 200 https://registry.npmjs.org/@expo/eas-build-job/-/eas-build-job-18.0.2.tgz 2076ms (cache miss)
3276 http fetch GET 200 https://registry.npmjs.org/@jridgewell/trace-mapping/-/trace-mapping-0.3.9.tgz 2129ms (cache miss)
3277 http fetch GET 200 https://registry.npmjs.org/arg/-/arg-4.1.3.tgz 2204ms (cache miss)
3278 http fetch GET 200 https://registry.npmjs.org/diff/-/diff-4.0.4.tgz 2247ms (cache miss)
3279 http fetch GET 200 https://registry.npmjs.org/@expo/config-plugins/-/config-plugins-9.0.12.tgz 2256ms (cache miss)
3280 http fetch GET 200 https://registry.npmjs.org/@expo/json-file/-/json-file-8.3.3.tgz 2282ms (cache miss)
3281 http fetch GET 200 https://registry.npmjs.org/@expo/steps/-/steps-18.0.2.tgz 2307ms (cache miss)
3282 http fetch GET 200 https://registry.npmjs.org/bplist-parser/-/bplist-parser-0.3.1.tgz 2336ms (cache miss)
3283 http fetch GET 200 https://registry.npmjs.org/minimatch/-/minimatch-3.1.5.tgz 2337ms (cache miss)
3284 http fetch GET 200 https://registry.npmjs.org/@expo/timeago.js/-/timeago.js-1.0.0.tgz 2341ms (cache miss)
3285 http fetch GET 200 https://registry.npmjs.org/@expo/plugin-warn-if-update-available/-/plugin-warn-if-update-available-2.5.1.tgz 2349ms (cache miss)
3286 http fetch GET 200 https://registry.npmjs.org/glob/-/glob-6.0.4.tgz 2355ms (cache miss)
3287 warn deprecated glob@6.0.4: Old versions of glob are not supported, and contain widely publicized security vulnerabilities, which have been fixed in the current version. Please update. Support for old versions may be purchased (at exorbitant rates) by contacting i@izs.me
3288 http fetch GET 200 https://registry.npmjs.org/@expo/env/-/env-1.0.7.tgz 2370ms (cache miss)
3289 http fetch GET 200 https://registry.npmjs.org/@expo/code-signing-certificates/-/code-signing-certificates-0.0.5.tgz 2385ms (cache miss)
3290 http fetch GET 200 https://registry.npmjs.org/rimraf/-/rimraf-2.4.5.tgz 2375ms (cache miss)
3291 warn deprecated rimraf@2.4.5: Rimraf versions prior to v4 are no longer supported
3292 http fetch GET 200 https://registry.npmjs.org/pngjs/-/pngjs-3.4.0.tgz 2390ms (cache miss)
3293 http fetch GET 200 https://registry.npmjs.org/universalify/-/universalify-1.0.0.tgz 2391ms (cache miss)
3294 http fetch GET 200 https://registry.npmjs.org/dotenv/-/dotenv-16.6.1.tgz 2399ms (cache miss)
3295 http fetch GET 200 https://registry.npmjs.org/has-flag/-/has-flag-3.0.0.tgz 2405ms (cache miss)
3296 http fetch GET 200 https://registry.npmjs.org/color-name/-/color-name-1.1.3.tgz 2415ms (cache miss)
3297 http fetch GET 200 https://registry.npmjs.org/xmlbuilder/-/xmlbuilder-15.1.1.tgz 2419ms (cache miss)
3298 http fetch GET 200 https://registry.npmjs.org/fs-extra/-/fs-extra-9.0.0.tgz 2423ms (cache miss)
3299 http fetch GET 200 https://registry.npmjs.org/supports-color/-/supports-color-5.5.0.tgz 2423ms (cache miss)
3300 http fetch GET 200 https://registry.npmjs.org/color-convert/-/color-convert-1.9.3.tgz 2423ms (cache miss)
3301 http fetch GET 200 https://registry.npmjs.org/ansi-styles/-/ansi-styles-3.2.1.tgz 2426ms (cache miss)
3302 http fetch GET 200 https://registry.npmjs.org/balanced-match/-/balanced-match-4.0.4.tgz 2426ms (cache miss)
3303 http fetch GET 200 https://registry.npmjs.org/xmlbuilder/-/xmlbuilder-11.0.1.tgz 2431ms (cache miss)
3304 http fetch GET 200 https://registry.npmjs.org/chalk/-/chalk-2.4.2.tgz 2431ms (cache miss)
3305 http fetch GET 200 https://registry.npmjs.org/brace-expansion/-/brace-expansion-5.0.3.tgz 2432ms (cache miss)
3306 http fetch GET 200 https://registry.npmjs.org/uuid/-/uuid-7.0.3.tgz 2437ms (cache miss)
3307 http fetch GET 200 https://registry.npmjs.org/uuid/-/uuid-8.3.2.tgz 2445ms (cache miss)
3308 http fetch GET 200 https://registry.npmjs.org/escape-string-regexp/-/escape-string-regexp-1.0.5.tgz 2452ms (cache miss)
3309 http fetch GET 200 https://registry.npmjs.org/escape-string-regexp/-/escape-string-regexp-1.0.5.tgz 2453ms (cache miss)
3310 http fetch GET 200 https://registry.npmjs.org/fs-extra/-/fs-extra-9.1.0.tgz 2468ms (cache miss)
3311 http fetch GET 200 https://registry.npmjs.org/fs-extra/-/fs-extra-9.1.0.tgz 2470ms (cache miss)
3312 http fetch GET 200 https://registry.npmjs.org/minimatch/-/minimatch-9.0.8.tgz 2475ms (cache miss)
3313 http fetch GET 200 https://registry.npmjs.org/joi/-/joi-17.13.3.tgz 2484ms (cache miss)
3314 http fetch GET 200 https://registry.npmjs.org/has-flag/-/has-flag-3.0.0.tgz 2490ms (cache miss)
3315 http fetch GET 200 https://registry.npmjs.org/color-name/-/color-name-1.1.3.tgz 2567ms (cache miss)
3316 http fetch GET 200 https://registry.npmjs.org/supports-color/-/supports-color-5.5.0.tgz 2567ms (cache miss)
3317 http fetch GET 200 https://registry.npmjs.org/escape-string-regexp/-/escape-string-regexp-1.0.5.tgz 2567ms (cache miss)
3318 http fetch GET 200 https://registry.npmjs.org/color-convert/-/color-convert-1.9.3.tgz 2567ms (cache miss)
3319 http fetch GET 200 https://registry.npmjs.org/@expo/plugin-help/-/plugin-help-5.1.23.tgz 2589ms (cache miss)
3320 http fetch GET 200 https://registry.npmjs.org/@expo/prebuild-config/-/prebuild-config-8.0.17.tgz 2592ms (cache miss)
3321 http fetch GET 200 https://registry.npmjs.org/fs-extra/-/fs-extra-10.1.0.tgz 2586ms (cache miss)
3322 http fetch GET 200 https://registry.npmjs.org/@expo/logger/-/logger-18.0.1.tgz 2609ms (cache miss)
3323 http fetch GET 200 https://registry.npmjs.org/ansi-styles/-/ansi-styles-3.2.1.tgz 2601ms (cache miss)
3324 http fetch GET 200 https://registry.npmjs.org/ansi-regex/-/ansi-regex-4.1.1.tgz 2610ms (cache miss)
3325 http fetch GET 200 https://registry.npmjs.org/onetime/-/onetime-2.0.1.tgz 2610ms (cache miss)
3326 http fetch GET 200 https://registry.npmjs.org/restore-cursor/-/restore-cursor-2.0.0.tgz 2610ms (cache miss)
3327 http fetch GET 200 https://registry.npmjs.org/mimic-fn/-/mimic-fn-1.2.0.tgz 2611ms (cache miss)
3328 http fetch GET 200 https://registry.npmjs.org/@expo/config/-/config-10.0.6.tgz 2626ms (cache miss)
3329 http fetch GET 200 https://registry.npmjs.org/uuid/-/uuid-8.3.2.tgz 2615ms (cache miss)
3330 http fetch GET 200 https://registry.npmjs.org/@xmldom/xmldom/-/xmldom-0.8.11.tgz 2629ms (cache miss)
3331 http fetch GET 200 https://registry.npmjs.org/strip-ansi/-/strip-ansi-5.2.0.tgz 2618ms (cache miss)
3332 http fetch GET 200 https://registry.npmjs.org/@expo/apple-utils/-/apple-utils-2.1.13.tgz 2633ms (cache miss)
3333 http fetch GET 200 https://registry.npmjs.org/log-symbols/-/log-symbols-2.2.0.tgz 2624ms (cache miss)
3334 http fetch GET 200 https://registry.npmjs.org/chalk/-/chalk-2.4.2.tgz 2628ms (cache miss)
3335 http fetch GET 200 https://registry.npmjs.org/chalk/-/chalk-2.4.2.tgz 2633ms (cache miss)
3336 http fetch GET 200 https://registry.npmjs.org/cli-cursor/-/cli-cursor-2.1.0.tgz 2635ms (cache miss)
3337 http fetch GET 200 https://registry.npmjs.org/ora/-/ora-3.4.0.tgz 2635ms (cache miss)
3338 http fetch GET 200 https://registry.npmjs.org/has-flag/-/has-flag-3.0.0.tgz 2636ms (cache miss)
3339 http fetch GET 200 https://registry.npmjs.org/color-name/-/color-name-1.1.3.tgz 2642ms (cache miss)
3340 http fetch GET 200 https://registry.npmjs.org/dotenv/-/dotenv-16.4.7.tgz 2644ms (cache miss)
3341 http fetch GET 200 https://registry.npmjs.org/color-convert/-/color-convert-1.9.3.tgz 2643ms (cache miss)
3342 http fetch GET 200 https://registry.npmjs.org/supports-color/-/supports-color-5.5.0.tgz 2649ms (cache miss)
3343 http fetch GET 200 https://registry.npmjs.org/eas-cli/-/eas-cli-18.0.5.tgz 2665ms (cache miss)
3344 http fetch GET 200 https://registry.npmjs.org/getenv/-/getenv-2.0.0.tgz 2653ms (cache miss)
3345 http fetch GET 200 https://registry.npmjs.org/ansi-styles/-/ansi-styles-3.2.1.tgz 2655ms (cache miss)
3346 http fetch GET 200 https://registry.npmjs.org/escape-string-regexp/-/escape-string-regexp-1.0.5.tgz 2657ms (cache miss)
3347 http fetch GET 200 https://registry.npmjs.org/chalk/-/chalk-2.4.2.tgz 2664ms (cache miss)
3348 http fetch GET 200 https://registry.npmjs.org/joi/-/joi-17.13.3.tgz 2674ms (cache miss)
3349 http fetch GET 200 https://registry.npmjs.org/tslib/-/tslib-2.4.1.tgz 2682ms (cache miss)
3350 http fetch GET 200 https://registry.npmjs.org/ajv 2500ms (cache revalidated)
3351 silly packumentCache corgi:https://registry.npmjs.org/ajv set size:464537 disposed:false
3352 http fetch GET 200 https://registry.npmjs.org/semver/-/semver-7.5.2.tgz 2693ms (cache miss)
3353 http fetch GET 200 https://registry.npmjs.org/tar 2512ms (cache revalidated)
3354 silly packumentCache corgi:https://registry.npmjs.org/tar set size:195519 disposed:false
3355 http fetch GET 200 https://registry.npmjs.org/minimatch 2519ms (cache revalidated)
3356 silly packumentCache corgi:https://registry.npmjs.org/minimatch set size:166792 disposed:false
3357 http fetch GET 200 https://registry.npmjs.org/diff 2527ms (cache miss)
3358 silly packumentCache corgi:https://registry.npmjs.org/diff set size:undefined disposed:false
3359 http fetch GET 200 https://registry.npmjs.org/node-forge 2528ms (cache miss)
3360 silly packumentCache corgi:https://registry.npmjs.org/node-forge set size:undefined disposed:false
3361 silly packumentCache corgi:https://registry.npmjs.org/eas-cli cache-miss
3362 silly packumentCache corgi:https://registry.npmjs.org/@segment%2fajv-human-errors cache-miss
3363 silly packumentCache corgi:https://registry.npmjs.org/ajv-formats cache-miss
3364 http fetch GET 200 https://registry.npmjs.org/@expo/eas-json/-/eas-json-18.0.2.tgz 2739ms (cache miss)
3365 http cache https://registry.npmjs.org/eas-cli 6ms (cache hit)
3366 silly packumentCache corgi:https://registry.npmjs.org/eas-cli set size:1288769 disposed:false
3367 http fetch GET 200 https://registry.npmjs.org/ajv-formats 28ms (cache miss)
3368 silly packumentCache corgi:https://registry.npmjs.org/ajv-formats set size:undefined disposed:false
3369 http fetch GET 200 https://registry.npmjs.org/@oclif/core/-/core-2.16.0.tgz 2796ms (cache miss)
3370 http fetch GET 200 https://registry.npmjs.org/@expo/osascript/-/osascript-2.1.4.tgz 2827ms (cache miss)
3371 http fetch GET 200 https://registry.npmjs.org/@segment%2fajv-human-errors 109ms (cache miss)
3372 silly packumentCache corgi:https://registry.npmjs.org/@segment%2fajv-human-errors set size:undefined disposed:false
3373 silly packumentCache corgi:https://registry.npmjs.org/filelist cache-miss
3374 http fetch GET 200 https://registry.npmjs.org/@expo/json-file/-/json-file-9.1.5.tgz 2858ms (cache miss)
3375 http fetch GET 200 https://registry.npmjs.org/@expo/json-file/-/json-file-9.1.5.tgz 2859ms (cache miss)
3376 http fetch GET 200 https://registry.npmjs.org/filelist 39ms (cache miss)
3377 silly packumentCache corgi:https://registry.npmjs.org/filelist set size:undefined disposed:false
3378 silly packumentCache corgi:https://registry.npmjs.org/@expo%2fcode-signing-certificates cache-miss
3379 silly packumentCache corgi:https://registry.npmjs.org/@expo%2fpkcs12 cache-miss
3380 silly packumentCache corgi:https://registry.npmjs.org/jks-js cache-miss
3381 http fetch GET 200 https://registry.npmjs.org/@expo%2fcode-signing-certificates 46ms (cache miss)
3382 silly packumentCache corgi:https://registry.npmjs.org/@expo%2fcode-signing-certificates set size:undefined disposed:false
3383 http fetch GET 200 https://registry.npmjs.org/@expo/json-file/-/json-file-10.0.12.tgz 2928ms (cache miss)
3384 http fetch GET 200 https://registry.npmjs.org/@expo/json-file/-/json-file-9.0.2.tgz 2993ms (cache miss)
3385 http fetch GET 200 https://registry.npmjs.org/@expo/rudder-sdk-node/-/rudder-sdk-node-1.1.1.tgz 3066ms (cache miss)
3386 http fetch GET 200 https://registry.npmjs.org/@expo%2fpkcs12 309ms (cache miss)
3387 silly packumentCache corgi:https://registry.npmjs.org/@expo%2fpkcs12 set size:undefined disposed:false
3388 http fetch GET 200 https://registry.npmjs.org/jks-js 317ms (cache miss)
3389 silly packumentCache corgi:https://registry.npmjs.org/jks-js set size:undefined disposed:false
3390 http fetch GET 200 https://registry.npmjs.org/@oclif/core/-/core-2.16.0.tgz 3308ms (cache miss)
3391 http fetch GET 200 https://registry.npmjs.org/@oclif/core/-/core-2.16.0.tgz 3340ms (cache miss)
3392 http fetch GET 200 https://registry.npmjs.org/@babel/code-frame/-/code-frame-7.23.5.tgz 3682ms (cache miss)
3393 info run dtrace-provider@0.8.8 install node_modules/dtrace-provider node-gyp rebuild || node suppress-error.js
3394 info run dtrace-provider@0.8.8 install { code: 0, signal: null }
3395 verbose cwd /Users/rosario/Desktop/LMS app
3396 verbose os Darwin 25.0.0
3397 verbose node v24.13.0
3398 verbose npm  v11.6.2
3399 verbose exit 1
3400 verbose code 1
