0 verbose cli /usr/local/bin/node /usr/local/lib/node_modules/npm/bin/npm-cli.js
1 info using npm@11.6.2
2 info using node@v24.13.0
3 silly config load:file:/usr/local/lib/node_modules/npm/npmrc
4 silly config load:file:/Users/rosario/Desktop/LMS app/.npmrc
5 silly config load:file:/Users/rosario/.npmrc
6 silly config load:file:/usr/local/etc/npmrc
7 verbose title npm exec vercel --prod --yes
8 verbose argv "exec" "--" "vercel" "--prod" "--yes"
9 verbose logfile logs-max:10 dir:/Users/rosario/Desktop/LMS app/admin-dashboard/.npm_cache/_logs/2026-02-25T01_33_41_330Z-
10 verbose logfile /Users/rosario/Desktop/LMS app/admin-dashboard/.npm_cache/_logs/2026-02-25T01_33_41_330Z-debug-0.log
11 silly logfile start cleaning logs, removing 1 files
12 silly logfile done cleaning log files
13 silly packumentCache heap:2348810240 maxSize:587202560 maxEntrySize:293601280
14 http fetch GET 200 https://registry.npmjs.org/vercel 1119ms (cache updated)
15 silly packumentCache heap:2348810240 maxSize:587202560 maxEntrySize:293601280
16 silly packumentCache heap:2348810240 maxSize:587202560 maxEntrySize:293601280
17 silly idealTree buildDeps
18 silly fetch manifest vercel@50.23.2
19 silly packumentCache full:https://registry.npmjs.org/vercel cache-miss
20 http fetch GET 200 https://registry.npmjs.org/vercel 1176ms (cache updated)
21 silly packumentCache full:https://registry.npmjs.org/vercel set size:undefined disposed:false
22 silly placeDep ROOT vercel@50.23.2 REPLACE for:  want: 50.23.2
23 silly fetch manifest esbuild@0.27.0
24 silly packumentCache full:https://registry.npmjs.org/esbuild cache-miss
25 silly fetch manifest @vercel/go@3.4.2
26 silly packumentCache full:https://registry.npmjs.org/@vercel%2fgo cache-miss
27 silly fetch manifest @vercel/h3@0.1.49
28 silly packumentCache full:https://registry.npmjs.org/@vercel%2fh3 cache-miss
29 silly fetch manifest @vercel/koa@0.1.23
30 silly packumentCache full:https://registry.npmjs.org/@vercel%2fkoa cache-miss
31 silly fetch manifest @vercel/hono@0.2.43
32 silly packumentCache full:https://registry.npmjs.org/@vercel%2fhono cache-miss
33 silly fetch manifest @vercel/next@4.15.34
34 silly packumentCache full:https://registry.npmjs.org/@vercel%2fnext cache-miss
35 silly fetch manifest @vercel/node@5.6.7
36 silly packumentCache full:https://registry.npmjs.org/@vercel%2fnode cache-miss
37 http fetch GET 200 https://registry.npmjs.org/esbuild 53ms (cache revalidated)
38 silly packumentCache full:https://registry.npmjs.org/esbuild set size:1242223 disposed:false
39 silly fetch manifest @vercel/ruby@2.3.2
40 silly packumentCache full:https://registry.npmjs.org/@vercel%2fruby cache-miss
41 http fetch GET 200 https://registry.npmjs.org/@vercel%2fgo 836ms (cache updated)
42 silly packumentCache full:https://registry.npmjs.org/@vercel%2fgo set size:undefined disposed:false
43 silly fetch manifest @vercel/elysia@0.1.40
44 silly packumentCache full:https://registry.npmjs.org/@vercel%2felysia cache-miss
45 http fetch GET 200 https://registry.npmjs.org/@vercel%2fh3 1534ms (cache updated)
46 silly packumentCache full:https://registry.npmjs.org/@vercel%2fh3 set size:undefined disposed:false
47 silly fetch manifest @vercel/nestjs@0.2.44
48 silly packumentCache full:https://registry.npmjs.org/@vercel%2fnestjs cache-miss
49 http fetch GET 200 https://registry.npmjs.org/@vercel%2fhono 1555ms (cache updated)
50 silly packumentCache full:https://registry.npmjs.org/@vercel%2fhono set size:undefined disposed:false
51 silly fetch manifest @vercel/python@6.16.1
52 silly packumentCache full:https://registry.npmjs.org/@vercel%2fpython cache-miss
53 http fetch GET 200 https://registry.npmjs.org/@vercel%2fkoa 1576ms (cache updated)
54 silly packumentCache full:https://registry.npmjs.org/@vercel%2fkoa set size:undefined disposed:false
55 silly fetch manifest @vercel/express@0.1.49
56 silly packumentCache full:https://registry.npmjs.org/@vercel%2fexpress cache-miss
57 http fetch GET 200 https://registry.npmjs.org/@vercel%2fruby 1538ms (cache updated)
58 silly packumentCache full:https://registry.npmjs.org/@vercel%2fruby set size:undefined disposed:false
59 silly fetch manifest @vercel/fastify@0.1.43
60 silly packumentCache full:https://registry.npmjs.org/@vercel%2ffastify cache-miss
61 http fetch GET 200 https://registry.npmjs.org/@vercel%2fnode 1630ms (cache updated)
62 silly packumentCache full:https://registry.npmjs.org/@vercel%2fnode set size:undefined disposed:false
63 silly fetch manifest @vercel/backends@0.0.37
64 silly packumentCache full:https://registry.npmjs.org/@vercel%2fbackends cache-miss
65 http fetch GET 200 https://registry.npmjs.org/@vercel%2fnext 1653ms (cache updated)
66 silly packumentCache full:https://registry.npmjs.org/@vercel%2fnext set size:undefined disposed:false
67 silly fetch manifest @vercel/build-utils@13.5.0
68 silly packumentCache full:https://registry.npmjs.org/@vercel%2fbuild-utils cache-miss
69 http fetch GET 200 https://registry.npmjs.org/@vercel%2fexpress 828ms (cache updated)
70 silly packumentCache full:https://registry.npmjs.org/@vercel%2fexpress set size:undefined disposed:false
71 silly fetch manifest @vercel/static-build@2.8.41
72 silly packumentCache full:https://registry.npmjs.org/@vercel%2fstatic-build cache-miss
73 http fetch GET 200 https://registry.npmjs.org/@vercel%2felysia 1499ms (cache updated)
74 silly packumentCache full:https://registry.npmjs.org/@vercel%2felysia set size:undefined disposed:false
75 http fetch GET 200 https://registry.npmjs.org/@vercel%2fbackends 894ms (cache updated)
76 silly packumentCache full:https://registry.npmjs.org/@vercel%2fbackends set size:undefined disposed:false
77 http fetch GET 200 https://registry.npmjs.org/@vercel%2ffastify 1344ms (cache updated)
78 silly packumentCache full:https://registry.npmjs.org/@vercel%2ffastify set size:undefined disposed:false
79 http fetch GET 200 https://registry.npmjs.org/@vercel%2fnestjs 1439ms (cache updated)
80 silly packumentCache full:https://registry.npmjs.org/@vercel%2fnestjs set size:undefined disposed:false
81 http fetch GET 200 https://registry.npmjs.org/@vercel%2fbuild-utils 1509ms (cache updated)
82 silly packumentCache full:https://registry.npmjs.org/@vercel%2fbuild-utils set size:undefined disposed:false
83 http fetch GET 200 https://registry.npmjs.org/@vercel%2fpython 2016ms (cache updated)
84 silly packumentCache full:https://registry.npmjs.org/@vercel%2fpython set size:undefined disposed:false
85 http fetch GET 200 https://registry.npmjs.org/@vercel%2fstatic-build 1177ms (cache updated)
86 silly packumentCache full:https://registry.npmjs.org/@vercel%2fstatic-build set size:undefined disposed:false
87 silly fetch manifest typescript@^4.0.0 || ^5.0.0
88 silly packumentCache full:https://registry.npmjs.org/typescript cache-miss
89 http fetch GET 200 https://registry.npmjs.org/typescript 195ms (cache updated)
90 silly packumentCache full:https://registry.npmjs.org/typescript set size:undefined disposed:false
91 silly placeDep ROOT @vercel/backends@0.0.37 OK for: vercel@50.23.2 want: 0.0.37
92 silly placeDep ROOT typescript@5.9.3 OK for: @vercel/backends@0.0.37 want: ^4.0.0 || ^5.0.0
93 silly placeDep ROOT @vercel/build-utils@13.5.0 OK for: vercel@50.23.2 want: 13.5.0
94 silly placeDep ROOT @vercel/elysia@0.1.40 OK for: vercel@50.23.2 want: 0.1.40
95 silly placeDep ROOT @vercel/express@0.1.49 OK for: vercel@50.23.2 want: 0.1.49
96 silly placeDep ROOT @vercel/fastify@0.1.43 OK for: vercel@50.23.2 want: 0.1.43
97 silly placeDep ROOT @vercel/go@3.4.2 OK for: vercel@50.23.2 want: 3.4.2
98 silly placeDep ROOT @vercel/h3@0.1.49 OK for: vercel@50.23.2 want: 0.1.49
99 silly placeDep ROOT @vercel/hono@0.2.43 OK for: vercel@50.23.2 want: 0.2.43
100 silly placeDep ROOT @vercel/koa@0.1.23 OK for: vercel@50.23.2 want: 0.1.23
101 silly placeDep ROOT @vercel/nestjs@0.2.44 OK for: vercel@50.23.2 want: 0.2.44
102 silly placeDep ROOT @vercel/next@4.15.34 OK for: vercel@50.23.2 want: 4.15.34
103 silly placeDep ROOT @vercel/node@5.6.7 OK for: vercel@50.23.2 want: 5.6.7
104 silly placeDep ROOT @vercel/python@6.16.1 OK for: vercel@50.23.2 want: 6.16.1
105 silly placeDep ROOT @vercel/ruby@2.3.2 OK for: vercel@50.23.2 want: 2.3.2
106 silly placeDep ROOT @vercel/static-build@2.8.41 OK for: vercel@50.23.2 want: 2.8.41
107 silly placeDep ROOT esbuild@0.27.0 OK for: vercel@50.23.2 want: 0.27.0
108 silly fetch manifest tsx@4.21.0
109 silly packumentCache full:https://registry.npmjs.org/tsx cache-miss
110 silly fetch manifest zod@3.22.4
111 silly packumentCache full:https://registry.npmjs.org/zod cache-miss
112 silly fetch manifest srvx@0.8.9
113 silly packumentCache full:https://registry.npmjs.org/srvx cache-miss
114 silly fetch manifest execa@3.2.0
115 silly packumentCache full:https://registry.npmjs.org/execa cache-miss
116 silly fetch manifest fs-extra@11.1.0
117 silly packumentCache full:https://registry.npmjs.org/fs-extra cache-miss
118 silly fetch manifest rolldown@1.0.0-rc.1
119 silly packumentCache full:https://registry.npmjs.org/rolldown cache-miss
120 silly fetch manifest @vercel/nft@1.3.0
121 silly packumentCache full:https://registry.npmjs.org/@vercel%2fnft cache-miss
122 http fetch GET 200 https://registry.npmjs.org/fs-extra 29ms (cache revalidated)
123 silly packumentCache full:https://registry.npmjs.org/fs-extra set size:230266 disposed:false
124 silly fetch manifest oxc-transform@0.111.0
125 silly packumentCache full:https://registry.npmjs.org/oxc-transform cache-miss
126 http fetch GET 200 https://registry.npmjs.org/execa 31ms (cache revalidated)
127 silly packumentCache full:https://registry.npmjs.org/execa set size:181234 disposed:false
128 silly fetch manifest path-to-regexp@8.3.0
129 silly packumentCache full:https://registry.npmjs.org/path-to-regexp cache-miss
130 http fetch GET 200 https://registry.npmjs.org/tsx 34ms (cache revalidated)
131 silly packumentCache full:https://registry.npmjs.org/tsx set size:289592 disposed:false
132 silly fetch manifest resolve.exports@2.0.3
133 silly packumentCache full:https://registry.npmjs.org/resolve.exports cache-miss
134 http fetch GET 200 https://registry.npmjs.org/zod 42ms (cache revalidated)
135 silly packumentCache full:https://registry.npmjs.org/zod set size:3489329 disposed:false
136 silly fetch manifest @vercel/python-analysis@0.7.0
137 silly packumentCache full:https://registry.npmjs.org/@vercel%2fpython-analysis cache-miss
138 http fetch GET 200 https://registry.npmjs.org/path-to-regexp 26ms (cache revalidated)
139 silly packumentCache full:https://registry.npmjs.org/path-to-regexp set size:207142 disposed:false
140 silly fetch manifest @vercel/nft@1.1.1
141 silly packumentCache full:https://registry.npmjs.org/@vercel%2fnft cache-miss
142 http fetch GET 200 https://registry.npmjs.org/resolve.exports 32ms (cache revalidated)
143 silly packumentCache full:https://registry.npmjs.org/resolve.exports set size:49558 disposed:false
144 silly fetch manifest @vercel/cervel@0.0.24
145 silly packumentCache full:https://registry.npmjs.org/@vercel%2fcervel cache-miss
146 http fetch GET 200 https://registry.npmjs.org/rolldown 338ms (cache revalidated)
147 silly packumentCache full:https://registry.npmjs.org/rolldown set size:3610799 disposed:false
148 silly fetch manifest @vercel/nft@1.1.1
149 silly packumentCache full:https://registry.npmjs.org/@vercel%2fnft cache-miss
150 http fetch GET 200 https://registry.npmjs.org/oxc-transform 323ms (cache updated)
151 silly packumentCache full:https://registry.npmjs.org/oxc-transform set size:undefined disposed:false
152 silly fetch manifest @vercel/nft@1.1.1
153 silly packumentCache full:https://registry.npmjs.org/@vercel%2fnft cache-miss
154 http fetch GET 200 https://registry.npmjs.org/srvx 842ms (cache revalidated)
155 silly packumentCache full:https://registry.npmjs.org/srvx set size:213968 disposed:false
156 silly fetch manifest etag@1.8.1
157 silly packumentCache full:https://registry.npmjs.org/etag cache-miss
158 http fetch GET 200 https://registry.npmjs.org/@vercel%2fpython-analysis 806ms (cache updated)
159 silly packumentCache full:https://registry.npmjs.org/@vercel%2fpython-analysis set size:undefined disposed:false
160 silly fetch manifest undici@5.28.4
161 silly packumentCache full:https://registry.npmjs.org/undici cache-miss
162 http fetch GET 200 https://registry.npmjs.org/etag 39ms (cache revalidated)
163 silly packumentCache full:https://registry.npmjs.org/etag set size:30032 disposed:false
164 silly fetch manifest node-fetch@2.6.9
165 silly packumentCache full:https://registry.npmjs.org/node-fetch cache-miss
166 http fetch GET 200 https://registry.npmjs.org/node-fetch 29ms (cache revalidated)
167 silly packumentCache full:https://registry.npmjs.org/node-fetch set size:896010 disposed:false
168 silly fetch manifest @types/node@20.11.0
169 silly packumentCache full:https://registry.npmjs.org/@types%2fnode cache-miss
170 http fetch GET 200 https://registry.npmjs.org/@types%2fnode 51ms (cache revalidated)
171 silly packumentCache full:https://registry.npmjs.org/@types%2fnode set size:10864169 disposed:false
172 silly fetch manifest @vercel/nft@1.1.1
173 silly packumentCache full:https://registry.npmjs.org/@vercel%2fnft cache-miss
174 http fetch GET 200 https://registry.npmjs.org/@vercel%2fnft 128ms (cache updated)
175 silly packumentCache full:https://registry.npmjs.org/@vercel%2fnft set size:undefined disposed:false
176 silly fetch manifest async-listen@3.0.0
177 silly packumentCache full:https://registry.npmjs.org/async-listen cache-miss
178 http fetch GET 200 https://registry.npmjs.org/@vercel%2fnft 795ms (cache updated)
179 silly packumentCache full:https://registry.npmjs.org/@vercel%2fnft set size:undefined disposed:false
180 silly fetch manifest edge-runtime@2.5.9
181 silly packumentCache full:https://registry.npmjs.org/edge-runtime cache-miss
182 http fetch GET 200 https://registry.npmjs.org/@vercel%2fnft 1153ms (cache updated)
183 silly packumentCache full:https://registry.npmjs.org/@vercel%2fnft set size:undefined disposed:false
184 silly fetch manifest path-to-regexp@6.1.0
185 silly packumentCache full:https://registry.npmjs.org/path-to-regexp cache-hit
186 silly fetch manifest es-module-lexer@1.4.1
187 silly packumentCache full:https://registry.npmjs.org/es-module-lexer cache-miss
188 http fetch GET 200 https://registry.npmjs.org/@vercel%2fnft 1095ms (cache updated)
189 silly packumentCache full:https://registry.npmjs.org/@vercel%2fnft set size:undefined disposed:false
190 silly fetch manifest @edge-runtime/vm@3.2.0
191 silly packumentCache full:https://registry.npmjs.org/@edge-runtime%2fvm cache-miss
192 http fetch GET 200 https://registry.npmjs.org/@vercel%2fnft 808ms (cache updated)
193 silly packumentCache full:https://registry.npmjs.org/@vercel%2fnft set size:undefined disposed:false
194 silly fetch manifest cjs-module-lexer@1.2.3
195 silly packumentCache full:https://registry.npmjs.org/cjs-module-lexer cache-miss
196 http fetch GET 200 https://registry.npmjs.org/undici 339ms (cache revalidated)
197 silly packumentCache full:https://registry.npmjs.org/undici set size:1271191 disposed:false
198 silly fetch manifest @edge-runtime/node-utils@2.3.0
199 silly packumentCache full:https://registry.npmjs.org/@edge-runtime%2fnode-utils cache-miss
200 http fetch GET 200 https://registry.npmjs.org/es-module-lexer 54ms (cache revalidated)
201 silly packumentCache full:https://registry.npmjs.org/es-module-lexer set size:203341 disposed:false
202 silly fetch manifest @edge-runtime/primitives@4.1.0
203 silly packumentCache full:https://registry.npmjs.org/@edge-runtime%2fprimitives cache-miss
204 http fetch GET 200 https://registry.npmjs.org/cjs-module-lexer 55ms (cache revalidated)
205 silly packumentCache full:https://registry.npmjs.org/cjs-module-lexer set size:147092 disposed:false
206 silly fetch manifest @vercel/gatsby-plugin-vercel-builder@2.0.139
207 silly packumentCache full:https://registry.npmjs.org/@vercel%2fgatsby-plugin-vercel-builder cache-miss
208 http fetch GET 200 https://registry.npmjs.org/@edge-runtime%2fvm 386ms (cache revalidated)
209 silly packumentCache full:https://registry.npmjs.org/@edge-runtime%2fvm set size:269934 disposed:false
210 silly fetch manifest @vercel/gatsby-plugin-vercel-analytics@1.0.11
211 silly packumentCache full:https://registry.npmjs.org/@vercel%2fgatsby-plugin-vercel-analytics cache-miss
212 http fetch GET 200 https://registry.npmjs.org/async-listen 404ms (cache revalidated)
213 silly packumentCache full:https://registry.npmjs.org/async-listen set size:27933 disposed:false
214 silly fetch manifest @esbuild/aix-ppc64@0.27.0
215 silly packumentCache full:https://registry.npmjs.org/@esbuild%2faix-ppc64 cache-miss
216 http fetch GET 200 https://registry.npmjs.org/@vercel%2fcervel 1491ms (cache updated)
217 silly packumentCache full:https://registry.npmjs.org/@vercel%2fcervel set size:undefined disposed:false
218 silly fetch manifest @esbuild/linux-arm@0.27.0
219 silly packumentCache full:https://registry.npmjs.org/@esbuild%2flinux-arm cache-miss
220 http fetch GET 200 https://registry.npmjs.org/@esbuild%2faix-ppc64 44ms (cache revalidated)
221 silly packumentCache full:https://registry.npmjs.org/@esbuild%2faix-ppc64 set size:56029 disposed:false
222 silly fetch manifest @esbuild/linux-x64@0.27.0
223 silly packumentCache full:https://registry.npmjs.org/@esbuild%2flinux-x64 cache-miss
224 http fetch GET 200 https://registry.npmjs.org/@esbuild%2flinux-arm 324ms (cache revalidated)
225 silly packumentCache full:https://registry.npmjs.org/@esbuild%2flinux-arm set size:186917 disposed:false
226 silly fetch manifest @esbuild/sunos-x64@0.27.0
227 silly packumentCache full:https://registry.npmjs.org/@esbuild%2fsunos-x64 cache-miss
228 http fetch GET 200 https://registry.npmjs.org/@esbuild%2flinux-x64 327ms (cache revalidated)
229 silly packumentCache full:https://registry.npmjs.org/@esbuild%2flinux-x64 set size:187244 disposed:false
230 silly fetch manifest @esbuild/win32-x64@0.27.0
231 silly packumentCache full:https://registry.npmjs.org/@esbuild%2fwin32-x64 cache-miss
232 http fetch GET 200 https://registry.npmjs.org/@edge-runtime%2fnode-utils 790ms (cache revalidated)
233 silly packumentCache full:https://registry.npmjs.org/@edge-runtime%2fnode-utils set size:45504 disposed:false
234 silly fetch manifest @esbuild/darwin-x64@0.27.0
235 silly packumentCache full:https://registry.npmjs.org/@esbuild%2fdarwin-x64 cache-miss
236 http fetch GET 200 https://registry.npmjs.org/@vercel%2fgatsby-plugin-vercel-builder 809ms (cache updated)
237 silly packumentCache full:https://registry.npmjs.org/@vercel%2fgatsby-plugin-vercel-builder set size:undefined disposed:false
238 silly fetch manifest @esbuild/linux-ia32@0.27.0
239 silly packumentCache full:https://registry.npmjs.org/@esbuild%2flinux-ia32 cache-miss
240 http fetch GET 200 https://registry.npmjs.org/edge-runtime 965ms (cache revalidated)
241 silly packumentCache full:https://registry.npmjs.org/edge-runtime set size:342321 disposed:false
242 silly fetch manifest @esbuild/netbsd-x64@0.27.0
243 silly packumentCache full:https://registry.npmjs.org/@esbuild%2fnetbsd-x64 cache-miss
244 http fetch GET 200 https://registry.npmjs.org/@esbuild%2fsunos-x64 278ms (cache revalidated)
245 silly packumentCache full:https://registry.npmjs.org/@esbuild%2fsunos-x64 set size:187474 disposed:false
246 silly fetch manifest @esbuild/win32-ia32@0.27.0
247 silly packumentCache full:https://registry.npmjs.org/@esbuild%2fwin32-ia32 cache-miss
248 http fetch GET 200 https://registry.npmjs.org/@esbuild%2fwin32-ia32 48ms (cache revalidated)
249 silly packumentCache full:https://registry.npmjs.org/@esbuild%2fwin32-ia32 set size:188094 disposed:false
250 silly fetch manifest @esbuild/android-arm@0.27.0
251 silly packumentCache full:https://registry.npmjs.org/@esbuild%2fandroid-arm cache-miss
252 http fetch GET 200 https://registry.npmjs.org/@esbuild%2flinux-ia32 243ms (cache revalidated)
253 silly packumentCache full:https://registry.npmjs.org/@esbuild%2flinux-ia32 set size:187877 disposed:false
254 silly fetch manifest @esbuild/android-x64@0.27.0
255 silly packumentCache full:https://registry.npmjs.org/@esbuild%2fandroid-x64 cache-miss
256 http fetch GET 200 https://registry.npmjs.org/@esbuild%2fdarwin-x64 313ms (cache revalidated)
257 silly packumentCache full:https://registry.npmjs.org/@esbuild%2fdarwin-x64 set size:187924 disposed:false
258 silly fetch manifest @esbuild/freebsd-x64@0.27.0
259 silly packumentCache full:https://registry.npmjs.org/@esbuild%2ffreebsd-x64 cache-miss
260 http fetch GET 200 https://registry.npmjs.org/@vercel%2fgatsby-plugin-vercel-analytics 904ms (cache revalidated)
261 silly packumentCache full:https://registry.npmjs.org/@vercel%2fgatsby-plugin-vercel-analytics set size:43718 disposed:false
262 silly fetch manifest @esbuild/linux-arm64@0.27.0
263 silly packumentCache full:https://registry.npmjs.org/@esbuild%2flinux-arm64 cache-miss
264 http fetch GET 200 https://registry.npmjs.org/@esbuild%2fnetbsd-x64 363ms (cache revalidated)
265 silly packumentCache full:https://registry.npmjs.org/@esbuild%2fnetbsd-x64 set size:185730 disposed:false
266 silly fetch manifest @esbuild/linux-ppc64@0.27.0
267 silly packumentCache full:https://registry.npmjs.org/@esbuild%2flinux-ppc64 cache-miss
268 http fetch GET 200 https://registry.npmjs.org/@esbuild%2fwin32-x64 568ms (cache revalidated)
269 silly packumentCache full:https://registry.npmjs.org/@esbuild%2fwin32-x64 set size:187476 disposed:false
270 silly fetch manifest @esbuild/linux-s390x@0.27.0
271 silly packumentCache full:https://registry.npmjs.org/@esbuild%2flinux-s390x cache-miss
272 http fetch GET 200 https://registry.npmjs.org/@esbuild%2flinux-s390x 43ms (cache revalidated)
273 silly packumentCache full:https://registry.npmjs.org/@esbuild%2flinux-s390x set size:190391 disposed:false
274 silly fetch manifest @esbuild/openbsd-x64@0.27.0
275 silly packumentCache full:https://registry.npmjs.org/@esbuild%2fopenbsd-x64 cache-miss
276 http fetch GET 200 https://registry.npmjs.org/@esbuild%2fandroid-x64 306ms (cache revalidated)
277 silly packumentCache full:https://registry.npmjs.org/@esbuild%2fandroid-x64 set size:187307 disposed:false
278 silly fetch manifest @esbuild/win32-arm64@0.27.0
279 silly packumentCache full:https://registry.npmjs.org/@esbuild%2fwin32-arm64 cache-miss
280 http fetch GET 200 https://registry.npmjs.org/@esbuild%2fwin32-arm64 29ms (cache revalidated)
281 silly packumentCache full:https://registry.npmjs.org/@esbuild%2fwin32-arm64 set size:189169 disposed:false
282 silly fetch manifest @esbuild/darwin-arm64@0.27.0
283 silly packumentCache full:https://registry.npmjs.org/@esbuild%2fdarwin-arm64 cache-miss
284 http fetch GET 200 https://registry.npmjs.org/@esbuild%2ffreebsd-x64 305ms (cache revalidated)
285 silly packumentCache full:https://registry.npmjs.org/@esbuild%2ffreebsd-x64 set size:188756 disposed:false
286 silly fetch manifest @esbuild/netbsd-arm64@0.27.0
287 silly packumentCache full:https://registry.npmjs.org/@esbuild%2fnetbsd-arm64 cache-miss
288 http fetch GET 200 https://registry.npmjs.org/@edge-runtime%2fprimitives 1440ms (cache revalidated)
289 silly packumentCache full:https://registry.npmjs.org/@edge-runtime%2fprimitives set size:307646 disposed:false
290 silly fetch manifest @esbuild/android-arm64@0.27.0
291 silly packumentCache full:https://registry.npmjs.org/@esbuild%2fandroid-arm64 cache-miss
292 http fetch GET 200 https://registry.npmjs.org/@esbuild%2fandroid-arm64 42ms (cache revalidated)
293 silly packumentCache full:https://registry.npmjs.org/@esbuild%2fandroid-arm64 set size:192279 disposed:false
294 silly fetch manifest @esbuild/freebsd-arm64@0.27.0
295 silly packumentCache full:https://registry.npmjs.org/@esbuild%2ffreebsd-arm64 cache-miss
296 http fetch GET 200 https://registry.npmjs.org/@esbuild%2flinux-arm64 251ms (cache revalidated)
297 silly packumentCache full:https://registry.npmjs.org/@esbuild%2flinux-arm64 set size:188948 disposed:false
298 silly fetch manifest @esbuild/linux-loong64@0.27.0
299 silly packumentCache full:https://registry.npmjs.org/@esbuild%2flinux-loong64 cache-miss
300 http fetch GET 200 https://registry.npmjs.org/@esbuild%2fopenbsd-x64 264ms (cache revalidated)
301 silly packumentCache full:https://registry.npmjs.org/@esbuild%2fopenbsd-x64 set size:188762 disposed:false
302 silly fetch manifest @esbuild/linux-riscv64@0.27.0
303 silly packumentCache full:https://registry.npmjs.org/@esbuild%2flinux-riscv64 cache-miss
304 http fetch GET 200 https://registry.npmjs.org/@esbuild%2flinux-ppc64 324ms (cache revalidated)
305 silly packumentCache full:https://registry.npmjs.org/@esbuild%2flinux-ppc64 set size:190895 disposed:false
306 silly fetch manifest @esbuild/openbsd-arm64@0.27.0
307 silly packumentCache full:https://registry.npmjs.org/@esbuild%2fopenbsd-arm64 cache-miss
308 http fetch GET 200 https://registry.npmjs.org/@esbuild%2fopenbsd-arm64 44ms (cache revalidated)
309 silly packumentCache full:https://registry.npmjs.org/@esbuild%2fopenbsd-arm64 set size:37704 disposed:false
310 silly fetch manifest @esbuild/linux-mips64el@0.27.0
311 silly packumentCache full:https://registry.npmjs.org/@esbuild%2flinux-mips64el cache-miss
312 http fetch GET 200 https://registry.npmjs.org/@esbuild%2fdarwin-arm64 328ms (cache revalidated)
313 silly packumentCache full:https://registry.npmjs.org/@esbuild%2fdarwin-arm64 set size:189596 disposed:false
314 silly fetch manifest @esbuild/openharmony-arm64@0.27.0
315 silly packumentCache full:https://registry.npmjs.org/@esbuild%2fopenharmony-arm64 cache-miss
316 http fetch GET 200 https://registry.npmjs.org/@esbuild%2fopenharmony-arm64 32ms (cache revalidated)
317 silly packumentCache full:https://registry.npmjs.org/@esbuild%2fopenharmony-arm64 set size:21007 disposed:false
318 http fetch GET 200 https://registry.npmjs.org/@esbuild%2ffreebsd-arm64 330ms (cache revalidated)
319 silly packumentCache full:https://registry.npmjs.org/@esbuild%2ffreebsd-arm64 set size:190447 disposed:false
320 http fetch GET 200 https://registry.npmjs.org/@esbuild%2flinux-loong64 319ms (cache revalidated)
321 silly packumentCache full:https://registry.npmjs.org/@esbuild%2flinux-loong64 set size:243782 disposed:false
322 http fetch GET 200 https://registry.npmjs.org/@esbuild%2flinux-riscv64 240ms (cache revalidated)
323 silly packumentCache full:https://registry.npmjs.org/@esbuild%2flinux-riscv64 set size:190569 disposed:false
324 http fetch GET 200 https://registry.npmjs.org/@esbuild%2fandroid-arm 869ms (cache revalidated)
325 silly packumentCache full:https://registry.npmjs.org/@esbuild%2fandroid-arm set size:213504 disposed:false
326 http fetch GET 200 https://registry.npmjs.org/@esbuild%2flinux-mips64el 320ms (cache revalidated)
327 silly packumentCache full:https://registry.npmjs.org/@esbuild%2flinux-mips64el set size:192558 disposed:false
328 http fetch GET 200 https://registry.npmjs.org/@esbuild%2fnetbsd-arm64 608ms (cache revalidated)
329 silly packumentCache full:https://registry.npmjs.org/@esbuild%2fnetbsd-arm64 set size:32428 disposed:false
330 silly placeDep ROOT @vercel/nft@1.3.0 OK for: @vercel/backends@0.0.37 want: 1.3.0
331 silly placeDep ROOT execa@3.2.0 OK for: @vercel/backends@0.0.37 want: 3.2.0
332 silly placeDep ROOT fs-extra@11.1.0 OK for: @vercel/backends@0.0.37 want: 11.1.0
333 silly placeDep ROOT oxc-transform@0.111.0 OK for: @vercel/backends@0.0.37 want: 0.111.0
334 silly placeDep ROOT path-to-regexp@8.3.0 OK for: @vercel/backends@0.0.37 want: 8.3.0
335 silly placeDep ROOT resolve.exports@2.0.3 OK for: @vercel/backends@0.0.37 want: 2.0.3
336 silly placeDep ROOT rolldown@1.0.0-rc.1 OK for: @vercel/backends@0.0.37 want: 1.0.0-rc.1
337 silly placeDep ROOT srvx@0.8.9 OK for: @vercel/backends@0.0.37 want: 0.8.9
338 silly placeDep ROOT tsx@4.21.0 OK for: @vercel/backends@0.0.37 want: 4.21.0
339 silly placeDep ROOT zod@3.22.4 OK for: @vercel/backends@0.0.37 want: 3.22.4
340 silly fetch manifest p-finally@^2.0.0
341 silly packumentCache full:https://registry.npmjs.org/p-finally cache-miss
342 silly fetch manifest get-stream@^5.0.0
343 silly packumentCache full:https://registry.npmjs.org/get-stream cache-miss
344 silly fetch manifest signal-exit@^3.0.2
345 silly packumentCache full:https://registry.npmjs.org/signal-exit cache-miss
346 silly fetch manifest human-signals@^1.1.1
347 silly packumentCache full:https://registry.npmjs.org/human-signals cache-miss
348 silly fetch manifest jsonfile@^6.0.1
349 silly packumentCache full:https://registry.npmjs.org/jsonfile cache-miss
350 silly fetch manifest universalify@^2.0.0
351 silly packumentCache full:https://registry.npmjs.org/universalify cache-miss
352 silly fetch manifest @oxc-transform/binding-darwin-x64@0.111.0
353 silly packumentCache full:https://registry.npmjs.org/@oxc-transform%2fbinding-darwin-x64 cache-miss
354 http fetch GET 200 https://registry.npmjs.org/human-signals 28ms (cache revalidated)
355 silly packumentCache full:https://registry.npmjs.org/human-signals set size:47322 disposed:false
356 silly fetch manifest @oxc-transform/binding-freebsd-x64@0.111.0
357 silly packumentCache full:https://registry.npmjs.org/@oxc-transform%2fbinding-freebsd-x64 cache-miss
358 http fetch GET 200 https://registry.npmjs.org/universalify 29ms (cache revalidated)
359 silly packumentCache full:https://registry.npmjs.org/universalify set size:19431 disposed:false
360 silly fetch manifest @oxc-transform/binding-wasm32-wasi@0.111.0
361 silly packumentCache full:https://registry.npmjs.org/@oxc-transform%2fbinding-wasm32-wasi cache-miss
362 http fetch GET 200 https://registry.npmjs.org/jsonfile 29ms (cache revalidated)
363 silly packumentCache full:https://registry.npmjs.org/jsonfile set size:51505 disposed:false
364 silly fetch manifest @oxc-transform/binding-darwin-arm64@0.111.0
365 silly packumentCache full:https://registry.npmjs.org/@oxc-transform%2fbinding-darwin-arm64 cache-miss
366 http fetch GET 200 https://registry.npmjs.org/get-stream 34ms (cache revalidated)
367 silly packumentCache full:https://registry.npmjs.org/get-stream set size:57536 disposed:false
368 silly fetch manifest @oxc-transform/binding-android-arm64@0.111.0
369 silly packumentCache full:https://registry.npmjs.org/@oxc-transform%2fbinding-android-arm64 cache-miss
370 http fetch GET 200 https://registry.npmjs.org/signal-exit 35ms (cache revalidated)
371 silly packumentCache full:https://registry.npmjs.org/signal-exit set size:53489 disposed:false
372 silly fetch manifest @oxc-transform/binding-linux-x64-gnu@0.111.0
373 silly packumentCache full:https://registry.npmjs.org/@oxc-transform%2fbinding-linux-x64-gnu cache-miss
374 http fetch GET 200 https://registry.npmjs.org/p-finally 303ms (cache revalidated)
375 silly packumentCache full:https://registry.npmjs.org/p-finally set size:11668 disposed:false
376 silly fetch manifest @oxc-transform/binding-linux-x64-musl@0.111.0
377 silly packumentCache full:https://registry.npmjs.org/@oxc-transform%2fbinding-linux-x64-musl cache-miss
378 http fetch GET 200 https://registry.npmjs.org/@oxc-transform%2fbinding-wasm32-wasi 803ms (cache updated)
379 silly packumentCache full:https://registry.npmjs.org/@oxc-transform%2fbinding-wasm32-wasi set size:undefined disposed:false
380 silly fetch manifest @oxc-transform/binding-win32-x64-msvc@0.111.0
381 silly packumentCache full:https://registry.npmjs.org/@oxc-transform%2fbinding-win32-x64-msvc cache-miss
382 http fetch GET 200 https://registry.npmjs.org/@oxc-transform%2fbinding-linux-x64-musl 767ms (cache updated)
383 silly packumentCache full:https://registry.npmjs.org/@oxc-transform%2fbinding-linux-x64-musl set size:undefined disposed:false
384 silly fetch manifest @oxc-transform/binding-linux-arm64-gnu@0.111.0
385 silly packumentCache full:https://registry.npmjs.org/@oxc-transform%2fbinding-linux-arm64-gnu cache-miss
386 http fetch GET 200 https://registry.npmjs.org/@oxc-transform%2fbinding-freebsd-x64 1398ms (cache updated)
387 silly packumentCache full:https://registry.npmjs.org/@oxc-transform%2fbinding-freebsd-x64 set size:undefined disposed:false
388 silly fetch manifest @oxc-transform/binding-linux-ppc64-gnu@0.111.0
389 silly packumentCache full:https://registry.npmjs.org/@oxc-transform%2fbinding-linux-ppc64-gnu cache-miss
390 http fetch GET 200 https://registry.npmjs.org/@oxc-transform%2fbinding-darwin-x64 1473ms (cache updated)
391 silly packumentCache full:https://registry.npmjs.org/@oxc-transform%2fbinding-darwin-x64 set size:undefined disposed:false
392 silly fetch manifest @oxc-transform/binding-linux-s390x-gnu@0.111.0
393 silly packumentCache full:https://registry.npmjs.org/@oxc-transform%2fbinding-linux-s390x-gnu cache-miss
394 http fetch GET 200 https://registry.npmjs.org/@oxc-transform%2fbinding-android-arm64 1448ms (cache updated)
395 silly packumentCache full:https://registry.npmjs.org/@oxc-transform%2fbinding-android-arm64 set size:undefined disposed:false
396 silly fetch manifest @oxc-transform/binding-win32-ia32-msvc@0.111.0
397 silly packumentCache full:https://registry.npmjs.org/@oxc-transform%2fbinding-win32-ia32-msvc cache-miss
398 http fetch GET 200 https://registry.npmjs.org/@oxc-transform%2fbinding-darwin-arm64 1453ms (cache updated)
399 silly packumentCache full:https://registry.npmjs.org/@oxc-transform%2fbinding-darwin-arm64 set size:undefined disposed:false
400 silly fetch manifest @oxc-transform/binding-android-arm-eabi@0.111.0
401 silly packumentCache full:https://registry.npmjs.org/@oxc-transform%2fbinding-android-arm-eabi cache-miss
402 http fetch GET 200 https://registry.npmjs.org/@oxc-transform%2fbinding-win32-x64-msvc 820ms (cache updated)
403 silly packumentCache full:https://registry.npmjs.org/@oxc-transform%2fbinding-win32-x64-msvc set size:undefined disposed:false
404 silly fetch manifest @oxc-transform/binding-linux-arm64-musl@0.111.0
405 silly packumentCache full:https://registry.npmjs.org/@oxc-transform%2fbinding-linux-arm64-musl cache-miss
406 http fetch GET 200 https://registry.npmjs.org/@oxc-transform%2fbinding-linux-arm64-gnu 1068ms (cache updated)
407 silly packumentCache full:https://registry.npmjs.org/@oxc-transform%2fbinding-linux-arm64-gnu set size:undefined disposed:false
408 silly fetch manifest @oxc-transform/binding-win32-arm64-msvc@0.111.0
409 silly packumentCache full:https://registry.npmjs.org/@oxc-transform%2fbinding-win32-arm64-msvc cache-miss
410 http fetch GET 200 https://registry.npmjs.org/@oxc-transform%2fbinding-linux-x64-gnu 2135ms (cache updated)
411 silly packumentCache full:https://registry.npmjs.org/@oxc-transform%2fbinding-linux-x64-gnu set size:undefined disposed:false
412 silly fetch manifest @oxc-transform/binding-linux-riscv64-gnu@0.111.0
413 silly packumentCache full:https://registry.npmjs.org/@oxc-transform%2fbinding-linux-riscv64-gnu cache-miss
414 http fetch GET 200 https://registry.npmjs.org/@oxc-transform%2fbinding-linux-s390x-gnu 948ms (cache updated)
415 silly packumentCache full:https://registry.npmjs.org/@oxc-transform%2fbinding-linux-s390x-gnu set size:undefined disposed:false
416 silly fetch manifest @oxc-transform/binding-openharmony-arm64@0.111.0
417 silly packumentCache full:https://registry.npmjs.org/@oxc-transform%2fbinding-openharmony-arm64 cache-miss
418 http fetch GET 200 https://registry.npmjs.org/@oxc-transform%2fbinding-linux-arm64-musl 1455ms (cache updated)
419 silly packumentCache full:https://registry.npmjs.org/@oxc-transform%2fbinding-linux-arm64-musl set size:undefined disposed:false
420 silly fetch manifest @oxc-transform/binding-linux-riscv64-musl@0.111.0
421 silly packumentCache full:https://registry.npmjs.org/@oxc-transform%2fbinding-linux-riscv64-musl cache-miss
422 http fetch GET 200 https://registry.npmjs.org/@oxc-transform%2fbinding-android-arm-eabi 1643ms (cache updated)
423 silly packumentCache full:https://registry.npmjs.org/@oxc-transform%2fbinding-android-arm-eabi set size:undefined disposed:false
424 silly fetch manifest @oxc-transform/binding-linux-arm-gnueabihf@0.111.0
425 silly packumentCache full:https://registry.npmjs.org/@oxc-transform%2fbinding-linux-arm-gnueabihf cache-miss
426 http fetch GET 200 https://registry.npmjs.org/@oxc-transform%2fbinding-win32-ia32-msvc 1651ms (cache updated)
427 silly packumentCache full:https://registry.npmjs.org/@oxc-transform%2fbinding-win32-ia32-msvc set size:undefined disposed:false
428 silly fetch manifest @oxc-transform/binding-linux-arm-musleabihf@0.111.0
429 silly packumentCache full:https://registry.npmjs.org/@oxc-transform%2fbinding-linux-arm-musleabihf cache-miss
430 http fetch GET 200 https://registry.npmjs.org/@oxc-transform%2fbinding-openharmony-arm64 1062ms (cache updated)
431 silly packumentCache full:https://registry.npmjs.org/@oxc-transform%2fbinding-openharmony-arm64 set size:undefined disposed:false
432 silly fetch manifest @oxc-project/types@=0.110.0
433 silly packumentCache full:https://registry.npmjs.org/@oxc-project%2ftypes cache-miss
434 http fetch GET 200 https://registry.npmjs.org/@oxc-transform%2fbinding-linux-ppc64-gnu 2282ms (cache updated)
435 silly packumentCache full:https://registry.npmjs.org/@oxc-transform%2fbinding-linux-ppc64-gnu set size:undefined disposed:false
436 silly fetch manifest @rolldown/pluginutils@1.0.0-rc.1
437 silly packumentCache full:https://registry.npmjs.org/@rolldown%2fpluginutils cache-miss
438 http fetch GET 200 https://registry.npmjs.org/@oxc-transform%2fbinding-win32-arm64-msvc 1710ms (cache updated)
439 silly packumentCache full:https://registry.npmjs.org/@oxc-transform%2fbinding-win32-arm64-msvc set size:undefined disposed:false
440 silly fetch manifest @rolldown/binding-darwin-x64@1.0.0-rc.1
441 silly packumentCache full:https://registry.npmjs.org/@rolldown%2fbinding-darwin-x64 cache-miss
442 http fetch GET 200 https://registry.npmjs.org/@oxc-transform%2fbinding-linux-riscv64-gnu 1808ms (cache updated)
443 silly packumentCache full:https://registry.npmjs.org/@oxc-transform%2fbinding-linux-riscv64-gnu set size:undefined disposed:false
444 silly fetch manifest @rolldown/binding-freebsd-x64@1.0.0-rc.1
445 silly packumentCache full:https://registry.npmjs.org/@rolldown%2fbinding-freebsd-x64 cache-miss
446 http fetch GET 200 https://registry.npmjs.org/@oxc-project%2ftypes 619ms (cache updated)
447 silly packumentCache full:https://registry.npmjs.org/@oxc-project%2ftypes set size:undefined disposed:false
448 silly fetch manifest @rolldown/binding-wasm32-wasi@1.0.0-rc.1
449 silly packumentCache full:https://registry.npmjs.org/@rolldown%2fbinding-wasm32-wasi cache-miss
450 http fetch GET 200 https://registry.npmjs.org/@rolldown%2fpluginutils 552ms (cache revalidated)
451 silly packumentCache full:https://registry.npmjs.org/@rolldown%2fpluginutils set size:259041 disposed:false
452 silly fetch manifest @rolldown/binding-darwin-arm64@1.0.0-rc.1
453 silly packumentCache full:https://registry.npmjs.org/@rolldown%2fbinding-darwin-arm64 cache-miss
454 http fetch GET 200 https://registry.npmjs.org/@rolldown%2fbinding-wasm32-wasi 285ms (cache revalidated)
455 silly packumentCache full:https://registry.npmjs.org/@rolldown%2fbinding-wasm32-wasi set size:1314235 disposed:false
456 silly fetch manifest @rolldown/binding-android-arm64@1.0.0-rc.1
457 silly packumentCache full:https://registry.npmjs.org/@rolldown%2fbinding-android-arm64 cache-miss
458 http fetch GET 200 https://registry.npmjs.org/@oxc-transform%2fbinding-linux-arm-musleabihf 1417ms (cache updated)
459 silly packumentCache full:https://registry.npmjs.org/@oxc-transform%2fbinding-linux-arm-musleabihf set size:undefined disposed:false
460 silly fetch manifest @rolldown/binding-linux-x64-gnu@1.0.0-rc.1
461 silly packumentCache full:https://registry.npmjs.org/@rolldown%2fbinding-linux-x64-gnu cache-miss
462 http fetch GET 200 https://registry.npmjs.org/@oxc-transform%2fbinding-linux-riscv64-musl 1427ms (cache updated)
463 silly packumentCache full:https://registry.npmjs.org/@oxc-transform%2fbinding-linux-riscv64-musl set size:undefined disposed:false
464 silly fetch manifest @rolldown/binding-linux-x64-musl@1.0.0-rc.1
465 silly packumentCache full:https://registry.npmjs.org/@rolldown%2fbinding-linux-x64-musl cache-miss
466 http fetch GET 200 https://registry.npmjs.org/@rolldown%2fbinding-freebsd-x64 592ms (cache revalidated)
467 silly packumentCache full:https://registry.npmjs.org/@rolldown%2fbinding-freebsd-x64 set size:1007707 disposed:false
468 silly fetch manifest @rolldown/binding-win32-x64-msvc@1.0.0-rc.1
469 silly packumentCache full:https://registry.npmjs.org/@rolldown%2fbinding-win32-x64-msvc cache-miss
470 http fetch GET 200 https://registry.npmjs.org/@rolldown%2fbinding-linux-x64-musl 37ms (cache revalidated)
471 silly packumentCache full:https://registry.npmjs.org/@rolldown%2fbinding-linux-x64-musl set size:1357262 disposed:false
472 silly fetch manifest @rolldown/binding-linux-arm64-gnu@1.0.0-rc.1
473 silly packumentCache full:https://registry.npmjs.org/@rolldown%2fbinding-linux-arm64-gnu cache-miss
474 http fetch GET 200 https://registry.npmjs.org/@rolldown%2fbinding-darwin-arm64 519ms (cache revalidated)
475 silly packumentCache full:https://registry.npmjs.org/@rolldown%2fbinding-darwin-arm64 set size:1339544 disposed:false
476 silly fetch manifest @rolldown/binding-linux-arm64-musl@1.0.0-rc.1
477 silly packumentCache full:https://registry.npmjs.org/@rolldown%2fbinding-linux-arm64-musl cache-miss
478 http fetch GET 200 https://registry.npmjs.org/@rolldown%2fbinding-darwin-x64 931ms (cache revalidated)
479 silly packumentCache full:https://registry.npmjs.org/@rolldown%2fbinding-darwin-x64 set size:1328200 disposed:false
480 silly fetch manifest @rolldown/binding-win32-arm64-msvc@1.0.0-rc.1
481 silly packumentCache full:https://registry.npmjs.org/@rolldown%2fbinding-win32-arm64-msvc cache-miss
482 http fetch GET 200 https://registry.npmjs.org/@rolldown%2fbinding-android-arm64 319ms (cache revalidated)
483 silly packumentCache full:https://registry.npmjs.org/@rolldown%2fbinding-android-arm64 set size:113853 disposed:false
484 silly fetch manifest @rolldown/binding-openharmony-arm64@1.0.0-rc.1
485 silly packumentCache full:https://registry.npmjs.org/@rolldown%2fbinding-openharmony-arm64 cache-miss
486 http fetch GET 200 https://registry.npmjs.org/@rolldown%2fbinding-linux-x64-gnu 330ms (cache revalidated)
487 silly packumentCache full:https://registry.npmjs.org/@rolldown%2fbinding-linux-x64-gnu set size:1352731 disposed:false
488 silly fetch manifest @rolldown/binding-linux-arm-gnueabihf@1.0.0-rc.1
489 silly packumentCache full:https://registry.npmjs.org/@rolldown%2fbinding-linux-arm-gnueabihf cache-miss
490 http fetch GET 200 https://registry.npmjs.org/@rolldown%2fbinding-linux-arm64-gnu 315ms (cache revalidated)
491 silly packumentCache full:https://registry.npmjs.org/@rolldown%2fbinding-linux-arm64-gnu set size:1364119 disposed:false
492 silly fetch manifest cookie-es@^2.0.0
493 silly packumentCache full:https://registry.npmjs.org/cookie-es cache-miss
494 http fetch GET 200 https://registry.npmjs.org/@rolldown%2fbinding-linux-arm64-musl 269ms (cache revalidated)
495 silly packumentCache full:https://registry.npmjs.org/@rolldown%2fbinding-linux-arm64-musl set size:1368606 disposed:false
496 silly fetch manifest get-tsconfig@^4.7.5
497 silly packumentCache full:https://registry.npmjs.org/get-tsconfig cache-miss
498 http fetch GET 200 https://registry.npmjs.org/@oxc-transform%2fbinding-linux-arm-gnueabihf 1996ms (cache updated)
499 silly packumentCache full:https://registry.npmjs.org/@oxc-transform%2fbinding-linux-arm-gnueabihf set size:undefined disposed:false
500 silly fetch manifest fsevents@~2.3.3
501 silly packumentCache full:https://registry.npmjs.org/fsevents cache-miss
502 http fetch GET 200 https://registry.npmjs.org/@rolldown%2fbinding-linux-arm-gnueabihf 243ms (cache revalidated)
503 silly packumentCache full:https://registry.npmjs.org/@rolldown%2fbinding-linux-arm-gnueabihf set size:1373463 disposed:false
504 http fetch GET 200 https://registry.npmjs.org/@rolldown%2fbinding-win32-x64-msvc 580ms (cache revalidated)
505 silly packumentCache full:https://registry.npmjs.org/@rolldown%2fbinding-win32-x64-msvc set size:1345627 disposed:false
506 http fetch GET 200 https://registry.npmjs.org/@rolldown%2fbinding-openharmony-arm64 311ms (cache revalidated)
507 silly packumentCache full:https://registry.npmjs.org/@rolldown%2fbinding-openharmony-arm64 set size:74990 disposed:false
508 http fetch GET 200 https://registry.npmjs.org/fsevents 58ms (cache revalidated)
509 silly packumentCache full:https://registry.npmjs.org/fsevents set size:182472 disposed:false
510 http fetch GET 200 https://registry.npmjs.org/cookie-es 870ms (cache revalidated)
511 silly packumentCache full:https://registry.npmjs.org/cookie-es set size:19705 disposed:false
512 http fetch GET 200 https://registry.npmjs.org/@rolldown%2fbinding-win32-arm64-msvc 1107ms (cache revalidated)
513 silly packumentCache full:https://registry.npmjs.org/@rolldown%2fbinding-win32-arm64-msvc set size:1359351 disposed:false
514 http fetch GET 200 https://registry.npmjs.org/get-tsconfig 964ms (cache revalidated)
515 silly packumentCache full:https://registry.npmjs.org/get-tsconfig set size:112628 disposed:false
516 silly placeDep ROOT @vercel/python-analysis@0.7.0 OK for: @vercel/build-utils@13.5.0 want: 0.7.0
517 silly fetch manifest js-yaml@4.1.1
518 silly packumentCache full:https://registry.npmjs.org/js-yaml cache-miss
519 silly fetch manifest fs-extra@11.1.1
520 silly packumentCache full:https://registry.npmjs.org/fs-extra cache-hit
521 silly fetch manifest minimatch@10.1.1
522 silly packumentCache full:https://registry.npmjs.org/minimatch cache-miss
523 silly fetch manifest smol-toml@1.5.2
524 silly packumentCache full:https://registry.npmjs.org/smol-toml cache-miss
525 silly fetch manifest @renovatebot/pep440@4.2.1
526 silly packumentCache full:https://registry.npmjs.org/@renovatebot%2fpep440 cache-miss
527 silly fetch manifest pip-requirements-js@1.0.2
528 silly packumentCache full:https://registry.npmjs.org/pip-requirements-js cache-miss
529 silly fetch manifest @bytecodealliance/preview2-shim@0.17.6
530 silly packumentCache full:https://registry.npmjs.org/@bytecodealliance%2fpreview2-shim cache-miss
531 http fetch GET 200 https://registry.npmjs.org/js-yaml 106ms (cache revalidated)
532 silly packumentCache full:https://registry.npmjs.org/js-yaml set size:152232 disposed:false
533 http fetch GET 200 https://registry.npmjs.org/minimatch 124ms (cache updated)
534 silly packumentCache full:https://registry.npmjs.org/minimatch set size:undefined disposed:false
535 http fetch GET 200 https://registry.npmjs.org/pip-requirements-js 1055ms (cache revalidated)
536 silly packumentCache full:https://registry.npmjs.org/pip-requirements-js set size:26371 disposed:false
537 http fetch GET 200 https://registry.npmjs.org/smol-toml 1060ms (cache revalidated)
538 silly packumentCache full:https://registry.npmjs.org/smol-toml set size:64179 disposed:false
539 http fetch GET 200 https://registry.npmjs.org/@renovatebot%2fpep440 1447ms (cache revalidated)
540 silly packumentCache full:https://registry.npmjs.org/@renovatebot%2fpep440 set size:150144 disposed:false
541 http fetch GET 200 https://registry.npmjs.org/@bytecodealliance%2fpreview2-shim 1455ms (cache revalidated)
542 silly packumentCache full:https://registry.npmjs.org/@bytecodealliance%2fpreview2-shim set size:100556 disposed:false
543 silly placeDep ROOT @vercel/cervel@0.0.24 OK for: @vercel/express@0.1.49 want: 0.0.24
544 silly placeDep node_modules/@vercel/express @vercel/nft@1.1.1 OK for: @vercel/express@0.1.49 want: 1.1.1
545 silly placeDep node_modules/@vercel/hono @vercel/nft@1.1.1 OK for: @vercel/hono@0.2.43 want: 1.1.1
546 silly placeDep node_modules/@vercel/next @vercel/nft@1.1.1 OK for: @vercel/next@4.15.34 want: 1.1.1
547 silly fetch manifest encoding@^0.1.0
548 silly packumentCache full:https://registry.npmjs.org/encoding cache-miss
549 http fetch GET 200 https://registry.npmjs.org/encoding 155ms (cache revalidated)
550 silly packumentCache full:https://registry.npmjs.org/encoding set size:17833 disposed:false
551 silly placeDep ROOT @edge-runtime/node-utils@2.3.0 OK for: @vercel/node@5.6.7 want: 2.3.0
552 silly placeDep ROOT @edge-runtime/primitives@4.1.0 OK for: @vercel/node@5.6.7 want: 4.1.0
553 silly placeDep ROOT @edge-runtime/vm@3.2.0 OK for: @vercel/node@5.6.7 want: 3.2.0
554 silly placeDep ROOT @types/node@20.11.0 OK for: @vercel/node@5.6.7 want: 20.11.0
555 silly placeDep node_modules/@vercel/node @vercel/nft@1.1.1 OK for: @vercel/node@5.6.7 want: 1.1.1
556 silly placeDep node_modules/@vercel/node async-listen@3.0.0 OK for: @vercel/node@5.6.7 want: 3.0.0
557 silly placeDep ROOT cjs-module-lexer@1.2.3 OK for: @vercel/node@5.6.7 want: 1.2.3
558 silly placeDep ROOT edge-runtime@2.5.9 OK for: @vercel/node@5.6.7 want: 2.5.9
559 silly placeDep ROOT es-module-lexer@1.4.1 OK for: @vercel/node@5.6.7 want: 1.4.1
560 silly placeDep ROOT etag@1.8.1 OK for: @vercel/node@5.6.7 want: 1.8.1
561 silly placeDep node_modules/@vercel/node node-fetch@2.6.9 OK for: @vercel/node@5.6.7 want: 2.6.9
562 silly placeDep node_modules/@vercel/node path-to-regexp@6.1.0 OK for: @vercel/node@5.6.7 want: 6.1.0
563 silly placeDep node_modules/@vercel/node undici@5.28.4 OK for: @vercel/node@5.6.7 want: 5.28.4
564 silly fetch manifest undici-types@~5.26.4
565 silly packumentCache full:https://registry.npmjs.org/undici-types cache-miss
566 silly fetch manifest mri@1.2.0
567 silly packumentCache full:https://registry.npmjs.org/mri cache-miss
568 silly fetch manifest pretty-ms@7.0.1
569 silly packumentCache full:https://registry.npmjs.org/pretty-ms cache-miss
570 silly fetch manifest time-span@4.0.0
571 silly packumentCache full:https://registry.npmjs.org/time-span cache-miss
572 silly fetch manifest picocolors@1.0.0
573 silly packumentCache full:https://registry.npmjs.org/picocolors cache-miss
574 silly fetch manifest signal-exit@4.0.2
575 silly packumentCache full:https://registry.npmjs.org/signal-exit cache-hit
576 silly fetch manifest async-listen@3.0.1
577 silly packumentCache full:https://registry.npmjs.org/async-listen cache-hit
578 silly fetch manifest @edge-runtime/format@2.2.1
579 silly packumentCache full:https://registry.npmjs.org/@edge-runtime%2fformat cache-miss
580 silly fetch manifest @edge-runtime/ponyfill@2.4.2
581 silly packumentCache full:https://registry.npmjs.org/@edge-runtime%2fponyfill cache-miss
582 http fetch GET 200 https://registry.npmjs.org/picocolors 26ms (cache revalidated)
583 silly packumentCache full:https://registry.npmjs.org/picocolors set size:16648 disposed:false
584 silly fetch manifest @fastify/busboy@^2.0.0
585 silly packumentCache full:https://registry.npmjs.org/@fastify%2fbusboy cache-miss
586 http fetch GET 200 https://registry.npmjs.org/pretty-ms 35ms (cache revalidated)
587 silly packumentCache full:https://registry.npmjs.org/pretty-ms set size:61783 disposed:false
588 http fetch GET 200 https://registry.npmjs.org/undici-types 36ms (cache revalidated)
589 silly packumentCache full:https://registry.npmjs.org/undici-types set size:171546 disposed:false
590 http fetch GET 200 https://registry.npmjs.org/mri 287ms (cache revalidated)
591 silly packumentCache full:https://registry.npmjs.org/mri set size:28195 disposed:false
592 http fetch GET 200 https://registry.npmjs.org/@fastify%2fbusboy 315ms (cache revalidated)
593 silly packumentCache full:https://registry.npmjs.org/@fastify%2fbusboy set size:62317 disposed:false
594 http fetch GET 200 https://registry.npmjs.org/time-span 805ms (cache revalidated)
595 silly packumentCache full:https://registry.npmjs.org/time-span set size:18816 disposed:false
596 http fetch GET 200 https://registry.npmjs.org/@edge-runtime%2fformat 814ms (cache revalidated)
597 silly packumentCache full:https://registry.npmjs.org/@edge-runtime%2fformat set size:99857 disposed:false
598 http fetch GET 200 https://registry.npmjs.org/@edge-runtime%2fponyfill 846ms (cache revalidated)
599 silly packumentCache full:https://registry.npmjs.org/@edge-runtime%2fponyfill set size:65733 disposed:false
600 silly placeDep ROOT undici-types@5.26.5 OK for: @types/node@20.11.0 want: ~5.26.4
601 silly placeDep ROOT @bytecodealliance/preview2-shim@0.17.6 OK for: @vercel/python-analysis@0.7.0 want: 0.17.6
602 silly placeDep ROOT @renovatebot/pep440@4.2.1 OK for: @vercel/python-analysis@0.7.0 want: 4.2.1
603 silly placeDep node_modules/@vercel/python-analysis fs-extra@11.1.1 OK for: @vercel/python-analysis@0.7.0 want: 11.1.1
604 silly placeDep ROOT js-yaml@4.1.1 OK for: @vercel/python-analysis@0.7.0 want: 4.1.1
605 silly placeDep ROOT minimatch@10.1.1 OK for: @vercel/python-analysis@0.7.0 want: 10.1.1
606 silly placeDep ROOT pip-requirements-js@1.0.2 OK for: @vercel/python-analysis@0.7.0 want: 1.0.2
607 silly placeDep ROOT smol-toml@1.5.2 OK for: @vercel/python-analysis@0.7.0 want: 1.5.2
608 silly fetch manifest argparse@^2.0.1
609 silly packumentCache full:https://registry.npmjs.org/argparse cache-miss
610 silly fetch manifest @isaacs/brace-expansion@^5.0.0
611 silly packumentCache full:https://registry.npmjs.org/@isaacs%2fbrace-expansion cache-miss
612 silly fetch manifest ohm-js@^17.1.0
613 silly packumentCache full:https://registry.npmjs.org/ohm-js cache-miss
614 http fetch GET 200 https://registry.npmjs.org/argparse 55ms (cache revalidated)
615 silly packumentCache full:https://registry.npmjs.org/argparse set size:49266 disposed:false
616 http fetch GET 200 https://registry.npmjs.org/@isaacs%2fbrace-expansion 66ms (cache revalidated)
617 silly packumentCache full:https://registry.npmjs.org/@isaacs%2fbrace-expansion set size:7366 disposed:false
618 http fetch GET 200 https://registry.npmjs.org/ohm-js 953ms (cache revalidated)
619 silly packumentCache full:https://registry.npmjs.org/ohm-js set size:364919 disposed:false
620 silly placeDep ROOT @vercel/gatsby-plugin-vercel-analytics@1.0.11 OK for: @vercel/static-build@2.8.41 want: 1.0.11
621 silly placeDep ROOT @vercel/gatsby-plugin-vercel-builder@2.0.139 OK for: @vercel/static-build@2.8.41 want: 2.0.139
622 silly fetch manifest web-vitals@0.2.4
623 silly packumentCache full:https://registry.npmjs.org/web-vitals cache-miss
624 silly fetch manifest @sinclair/typebox@0.25.24
625 silly packumentCache full:https://registry.npmjs.org/@sinclair%2ftypebox cache-miss
626 http fetch GET 200 https://registry.npmjs.org/web-vitals 138ms (cache revalidated)
627 silly packumentCache full:https://registry.npmjs.org/web-vitals set size:478277 disposed:false
628 http fetch GET 200 https://registry.npmjs.org/@sinclair%2ftypebox 316ms (cache revalidated)
629 silly packumentCache full:https://registry.npmjs.org/@sinclair%2ftypebox set size:1145528 disposed:false
630 silly placeDep ROOT web-vitals@0.2.4 OK for: @vercel/gatsby-plugin-vercel-analytics@1.0.11 want: 0.2.4
631 silly placeDep ROOT @sinclair/typebox@0.25.24 OK for: @vercel/gatsby-plugin-vercel-builder@2.0.139 want: 0.25.24
632 silly placeDep ROOT @edge-runtime/format@2.2.1 OK for: edge-runtime@2.5.9 want: 2.2.1
633 silly placeDep ROOT @edge-runtime/ponyfill@2.4.2 OK for: edge-runtime@2.5.9 want: 2.4.2
634 silly placeDep node_modules/edge-runtime async-listen@3.0.1 OK for: edge-runtime@2.5.9 want: 3.0.1
635 silly placeDep ROOT mri@1.2.0 OK for: edge-runtime@2.5.9 want: 1.2.0
636 silly placeDep ROOT picocolors@1.0.0 OK for: edge-runtime@2.5.9 want: 1.0.0
637 silly placeDep ROOT pretty-ms@7.0.1 OK for: edge-runtime@2.5.9 want: 7.0.1
638 silly placeDep ROOT signal-exit@4.0.2 OK for: edge-runtime@2.5.9 want: 4.0.2
639 silly placeDep ROOT time-span@4.0.0 OK for: edge-runtime@2.5.9 want: 4.0.0
640 silly fetch manifest parse-ms@^2.1.0
641 silly packumentCache full:https://registry.npmjs.org/parse-ms cache-miss
642 silly fetch manifest convert-hrtime@^3.0.0
643 silly packumentCache full:https://registry.npmjs.org/convert-hrtime cache-miss
644 http fetch GET 200 https://registry.npmjs.org/parse-ms 312ms (cache revalidated)
645 silly packumentCache full:https://registry.npmjs.org/parse-ms set size:18020 disposed:false
646 http fetch GET 200 https://registry.npmjs.org/convert-hrtime 324ms (cache revalidated)
647 silly packumentCache full:https://registry.npmjs.org/convert-hrtime set size:12856 disposed:false
648 silly placeDep ROOT @esbuild/aix-ppc64@0.27.0 OK for: esbuild@0.27.0 want: 0.27.0
649 silly placeDep ROOT @esbuild/android-arm@0.27.0 OK for: esbuild@0.27.0 want: 0.27.0
650 silly placeDep ROOT @esbuild/android-arm64@0.27.0 OK for: esbuild@0.27.0 want: 0.27.0
651 silly placeDep ROOT @esbuild/android-x64@0.27.0 OK for: esbuild@0.27.0 want: 0.27.0
652 silly placeDep ROOT @esbuild/darwin-arm64@0.27.0 OK for: esbuild@0.27.0 want: 0.27.0
653 silly placeDep ROOT @esbuild/darwin-x64@0.27.0 OK for: esbuild@0.27.0 want: 0.27.0
654 silly placeDep ROOT @esbuild/freebsd-arm64@0.27.0 OK for: esbuild@0.27.0 want: 0.27.0
655 silly placeDep ROOT @esbuild/freebsd-x64@0.27.0 OK for: esbuild@0.27.0 want: 0.27.0
656 silly placeDep ROOT @esbuild/linux-arm@0.27.0 OK for: esbuild@0.27.0 want: 0.27.0
657 silly placeDep ROOT @esbuild/linux-arm64@0.27.0 OK for: esbuild@0.27.0 want: 0.27.0
658 silly placeDep ROOT @esbuild/linux-ia32@0.27.0 OK for: esbuild@0.27.0 want: 0.27.0
659 silly placeDep ROOT @esbuild/linux-loong64@0.27.0 OK for: esbuild@0.27.0 want: 0.27.0
660 silly placeDep ROOT @esbuild/linux-mips64el@0.27.0 OK for: esbuild@0.27.0 want: 0.27.0
661 silly placeDep ROOT @esbuild/linux-ppc64@0.27.0 OK for: esbuild@0.27.0 want: 0.27.0
662 silly placeDep ROOT @esbuild/linux-riscv64@0.27.0 OK for: esbuild@0.27.0 want: 0.27.0
663 silly placeDep ROOT @esbuild/linux-s390x@0.27.0 OK for: esbuild@0.27.0 want: 0.27.0
664 silly placeDep ROOT @esbuild/linux-x64@0.27.0 OK for: esbuild@0.27.0 want: 0.27.0
665 silly placeDep ROOT @esbuild/netbsd-arm64@0.27.0 OK for: esbuild@0.27.0 want: 0.27.0
666 silly placeDep ROOT @esbuild/netbsd-x64@0.27.0 OK for: esbuild@0.27.0 want: 0.27.0
667 silly placeDep ROOT @esbuild/openbsd-arm64@0.27.0 OK for: esbuild@0.27.0 want: 0.27.0
668 silly placeDep ROOT @esbuild/openbsd-x64@0.27.0 OK for: esbuild@0.27.0 want: 0.27.0
669 silly placeDep ROOT @esbuild/openharmony-arm64@0.27.0 OK for: esbuild@0.27.0 want: 0.27.0
670 silly placeDep ROOT @esbuild/sunos-x64@0.27.0 OK for: esbuild@0.27.0 want: 0.27.0
671 silly placeDep ROOT @esbuild/win32-arm64@0.27.0 OK for: esbuild@0.27.0 want: 0.27.0
672 silly placeDep ROOT @esbuild/win32-ia32@0.27.0 OK for: esbuild@0.27.0 want: 0.27.0
673 silly placeDep ROOT @esbuild/win32-x64@0.27.0 OK for: esbuild@0.27.0 want: 0.27.0
674 silly placeDep ROOT get-stream@5.2.0 OK for: execa@3.2.0 want: ^5.0.0
675 silly placeDep ROOT human-signals@1.1.1 OK for: execa@3.2.0 want: ^1.1.1
676 silly placeDep ROOT p-finally@2.0.1 OK for: execa@3.2.0 want: ^2.0.0
677 silly placeDep node_modules/execa signal-exit@3.0.7 OK for: execa@3.2.0 want: ^3.0.2
678 silly fetch manifest pump@^3.0.0
679 silly packumentCache full:https://registry.npmjs.org/pump cache-miss
680 http fetch GET 200 https://registry.npmjs.org/pump 39ms (cache revalidated)
681 silly packumentCache full:https://registry.npmjs.org/pump set size:39621 disposed:false
682 silly placeDep ROOT jsonfile@6.2.0 OK for: fs-extra@11.1.0 want: ^6.0.1
683 silly placeDep ROOT universalify@2.0.1 OK for: fs-extra@11.1.0 want: ^2.0.0
684 silly placeDep ROOT pump@3.0.3 OK for: get-stream@5.2.0 want: ^3.0.0
685 silly fetch manifest end-of-stream@^1.1.0
686 silly packumentCache full:https://registry.npmjs.org/end-of-stream cache-miss
687 silly fetch manifest once@^1.3.1
688 silly packumentCache full:https://registry.npmjs.org/once cache-miss
689 http fetch GET 200 https://registry.npmjs.org/once 26ms (cache revalidated)
690 silly packumentCache full:https://registry.npmjs.org/once set size:11768 disposed:false
691 http fetch GET 200 https://registry.npmjs.org/end-of-stream 29ms (cache revalidated)
692 silly packumentCache full:https://registry.npmjs.org/end-of-stream set size:27842 disposed:false
693 silly placeDep ROOT argparse@2.0.1 OK for: js-yaml@4.1.1 want: ^2.0.1
694 silly placeDep ROOT @isaacs/brace-expansion@5.0.1 OK for: minimatch@10.1.1 want: ^5.0.0
695 silly fetch manifest @isaacs/balanced-match@^4.0.1
696 silly packumentCache full:https://registry.npmjs.org/@isaacs%2fbalanced-match cache-miss
697 http fetch GET 200 https://registry.npmjs.org/@isaacs%2fbalanced-match 318ms (cache revalidated)
698 silly packumentCache full:https://registry.npmjs.org/@isaacs%2fbalanced-match set size:7823 disposed:false
699 silly placeDep ROOT @isaacs/balanced-match@4.0.1 OK for: @isaacs/brace-expansion@5.0.1 want: ^4.0.1
700 silly placeDep ROOT @oxc-transform/binding-android-arm-eabi@0.111.0 OK for: oxc-transform@0.111.0 want: 0.111.0
701 silly placeDep ROOT @oxc-transform/binding-android-arm64@0.111.0 OK for: oxc-transform@0.111.0 want: 0.111.0
702 silly placeDep ROOT @oxc-transform/binding-darwin-arm64@0.111.0 OK for: oxc-transform@0.111.0 want: 0.111.0
703 silly placeDep ROOT @oxc-transform/binding-darwin-x64@0.111.0 OK for: oxc-transform@0.111.0 want: 0.111.0
704 silly placeDep ROOT @oxc-transform/binding-freebsd-x64@0.111.0 OK for: oxc-transform@0.111.0 want: 0.111.0
705 silly placeDep ROOT @oxc-transform/binding-linux-arm-gnueabihf@0.111.0 OK for: oxc-transform@0.111.0 want: 0.111.0
706 silly placeDep ROOT @oxc-transform/binding-linux-arm-musleabihf@0.111.0 OK for: oxc-transform@0.111.0 want: 0.111.0
707 silly placeDep ROOT @oxc-transform/binding-linux-arm64-gnu@0.111.0 OK for: oxc-transform@0.111.0 want: 0.111.0
708 silly placeDep ROOT @oxc-transform/binding-linux-arm64-musl@0.111.0 OK for: oxc-transform@0.111.0 want: 0.111.0
709 silly placeDep ROOT @oxc-transform/binding-linux-ppc64-gnu@0.111.0 OK for: oxc-transform@0.111.0 want: 0.111.0
710 silly placeDep ROOT @oxc-transform/binding-linux-riscv64-gnu@0.111.0 OK for: oxc-transform@0.111.0 want: 0.111.0
711 silly placeDep ROOT @oxc-transform/binding-linux-riscv64-musl@0.111.0 OK for: oxc-transform@0.111.0 want: 0.111.0
712 silly placeDep ROOT @oxc-transform/binding-linux-s390x-gnu@0.111.0 OK for: oxc-transform@0.111.0 want: 0.111.0
713 silly placeDep ROOT @oxc-transform/binding-linux-x64-gnu@0.111.0 OK for: oxc-transform@0.111.0 want: 0.111.0
714 silly placeDep ROOT @oxc-transform/binding-linux-x64-musl@0.111.0 OK for: oxc-transform@0.111.0 want: 0.111.0
715 silly placeDep ROOT @oxc-transform/binding-openharmony-arm64@0.111.0 OK for: oxc-transform@0.111.0 want: 0.111.0
716 silly placeDep ROOT @oxc-transform/binding-wasm32-wasi@0.111.0 OK for: oxc-transform@0.111.0 want: 0.111.0
717 silly placeDep ROOT @oxc-transform/binding-win32-arm64-msvc@0.111.0 OK for: oxc-transform@0.111.0 want: 0.111.0
718 silly placeDep ROOT @oxc-transform/binding-win32-ia32-msvc@0.111.0 OK for: oxc-transform@0.111.0 want: 0.111.0
719 silly placeDep ROOT @oxc-transform/binding-win32-x64-msvc@0.111.0 OK for: oxc-transform@0.111.0 want: 0.111.0
720 silly fetch manifest @napi-rs/wasm-runtime@^1.1.1
721 silly packumentCache full:https://registry.npmjs.org/@napi-rs%2fwasm-runtime cache-miss
722 http fetch GET 200 https://registry.npmjs.org/@napi-rs%2fwasm-runtime 528ms (cache revalidated)
723 silly packumentCache full:https://registry.npmjs.org/@napi-rs%2fwasm-runtime set size:63456 disposed:false
724 silly placeDep ROOT @napi-rs/wasm-runtime@1.1.1 OK for: @oxc-transform/binding-wasm32-wasi@0.111.0 want: ^1.1.1
725 silly fetch manifest @emnapi/core@^1.7.1
726 silly packumentCache full:https://registry.npmjs.org/@emnapi%2fcore cache-miss
727 silly fetch manifest @emnapi/runtime@^1.7.1
728 silly packumentCache full:https://registry.npmjs.org/@emnapi%2fruntime cache-miss
729 silly fetch manifest @tybys/wasm-util@^0.10.1
730 silly packumentCache full:https://registry.npmjs.org/@tybys%2fwasm-util cache-miss
731 http fetch GET 200 https://registry.npmjs.org/@tybys%2fwasm-util 36ms (cache revalidated)
732 silly packumentCache full:https://registry.npmjs.org/@tybys%2fwasm-util set size:55410 disposed:false
733 http fetch GET 200 https://registry.npmjs.org/@emnapi%2fcore 963ms (cache revalidated)
734 silly packumentCache full:https://registry.npmjs.org/@emnapi%2fcore set size:96861 disposed:false
735 http fetch GET 200 https://registry.npmjs.org/@emnapi%2fruntime 1143ms (cache revalidated)
736 silly packumentCache full:https://registry.npmjs.org/@emnapi%2fruntime set size:99452 disposed:false
737 silly placeDep ROOT @emnapi/core@1.8.1 OK for: @napi-rs/wasm-runtime@1.1.1 want: ^1.7.1
738 silly placeDep ROOT @emnapi/runtime@1.8.1 OK for: @napi-rs/wasm-runtime@1.1.1 want: ^1.7.1
739 silly placeDep ROOT @tybys/wasm-util@0.10.1 OK for: @napi-rs/wasm-runtime@1.1.1 want: ^0.10.1
740 silly fetch manifest @emnapi/wasi-threads@1.1.0
741 silly packumentCache full:https://registry.npmjs.org/@emnapi%2fwasi-threads cache-miss
742 http fetch GET 200 https://registry.npmjs.org/@emnapi%2fwasi-threads 42ms (cache revalidated)
743 silly packumentCache full:https://registry.npmjs.org/@emnapi%2fwasi-threads set size:19454 disposed:false
744 silly placeDep ROOT @emnapi/wasi-threads@1.1.0 OK for: @emnapi/core@1.8.1 want: 1.1.0
745 silly placeDep ROOT ohm-js@17.5.0 OK for: pip-requirements-js@1.0.2 want: ^17.1.0
746 silly placeDep ROOT parse-ms@2.1.0 OK for: pretty-ms@7.0.1 want: ^2.1.0
747 silly placeDep ROOT end-of-stream@1.4.5 OK for: pump@3.0.3 want: ^1.1.0
748 silly placeDep ROOT once@1.4.0 OK for: pump@3.0.3 want: ^1.3.1
749 silly fetch manifest once@^1.4.0
750 silly packumentCache full:https://registry.npmjs.org/once cache-hit
751 silly placeDep ROOT @oxc-project/types@0.110.0 OK for: rolldown@1.0.0-rc.1 want: =0.110.0
752 silly placeDep ROOT @rolldown/binding-android-arm64@1.0.0-rc.1 OK for: rolldown@1.0.0-rc.1 want: 1.0.0-rc.1
753 silly placeDep ROOT @rolldown/binding-darwin-arm64@1.0.0-rc.1 OK for: rolldown@1.0.0-rc.1 want: 1.0.0-rc.1
754 silly placeDep ROOT @rolldown/binding-darwin-x64@1.0.0-rc.1 OK for: rolldown@1.0.0-rc.1 want: 1.0.0-rc.1
755 silly placeDep ROOT @rolldown/binding-freebsd-x64@1.0.0-rc.1 OK for: rolldown@1.0.0-rc.1 want: 1.0.0-rc.1
756 silly placeDep ROOT @rolldown/binding-linux-arm-gnueabihf@1.0.0-rc.1 OK for: rolldown@1.0.0-rc.1 want: 1.0.0-rc.1
757 silly placeDep ROOT @rolldown/binding-linux-arm64-gnu@1.0.0-rc.1 OK for: rolldown@1.0.0-rc.1 want: 1.0.0-rc.1
758 silly placeDep ROOT @rolldown/binding-linux-arm64-musl@1.0.0-rc.1 OK for: rolldown@1.0.0-rc.1 want: 1.0.0-rc.1
759 silly placeDep ROOT @rolldown/binding-linux-x64-gnu@1.0.0-rc.1 OK for: rolldown@1.0.0-rc.1 want: 1.0.0-rc.1
760 silly placeDep ROOT @rolldown/binding-linux-x64-musl@1.0.0-rc.1 OK for: rolldown@1.0.0-rc.1 want: 1.0.0-rc.1
761 silly placeDep ROOT @rolldown/binding-openharmony-arm64@1.0.0-rc.1 OK for: rolldown@1.0.0-rc.1 want: 1.0.0-rc.1
762 silly placeDep ROOT @rolldown/binding-wasm32-wasi@1.0.0-rc.1 OK for: rolldown@1.0.0-rc.1 want: 1.0.0-rc.1
763 silly placeDep ROOT @rolldown/binding-win32-arm64-msvc@1.0.0-rc.1 OK for: rolldown@1.0.0-rc.1 want: 1.0.0-rc.1
764 silly placeDep ROOT @rolldown/binding-win32-x64-msvc@1.0.0-rc.1 OK for: rolldown@1.0.0-rc.1 want: 1.0.0-rc.1
765 silly placeDep ROOT @rolldown/pluginutils@1.0.0-rc.1 OK for: rolldown@1.0.0-rc.1 want: 1.0.0-rc.1
766 silly placeDep ROOT cookie-es@2.0.0 OK for: srvx@0.8.9 want: ^2.0.0
767 silly placeDep ROOT convert-hrtime@3.0.0 OK for: time-span@4.0.0 want: ^3.0.0
768 silly placeDep ROOT fsevents@2.3.3 OK for: tsx@4.21.0 want: ~2.3.3
769 silly placeDep ROOT get-tsconfig@4.13.6 OK for: tsx@4.21.0 want: ^4.7.5
770 silly fetch manifest resolve-pkg-maps@^1.0.0
771 silly packumentCache full:https://registry.npmjs.org/resolve-pkg-maps cache-miss
772 http fetch GET 200 https://registry.npmjs.org/resolve-pkg-maps 34ms (cache revalidated)
773 silly packumentCache full:https://registry.npmjs.org/resolve-pkg-maps set size:11615 disposed:false
774 silly placeDep ROOT resolve-pkg-maps@1.0.0 OK for: get-tsconfig@4.13.6 want: ^1.0.0
775 silly placeDep ROOT @fastify/busboy@2.1.1 OK for: undici@5.28.4 want: ^2.0.0
776 silly reify mark retired [
776 silly reify   '/Users/rosario/Desktop/LMS app/admin-dashboard/.npm_cache/_npx/69f9afb961c37556/node_modules/@vercel/backends'
776 silly reify ]
777 silly reify mark retired [
777 silly reify   '/Users/rosario/Desktop/LMS app/admin-dashboard/.npm_cache/_npx/69f9afb961c37556/node_modules/@vercel/build-utils'
777 silly reify ]
778 silly reify mark retired [
778 silly reify   '/Users/rosario/Desktop/LMS app/admin-dashboard/.npm_cache/_npx/69f9afb961c37556/node_modules/@vercel/cervel',
778 silly reify   '/Users/rosario/Desktop/LMS app/admin-dashboard/.npm_cache/_npx/69f9afb961c37556/node_modules/.bin/cervel'
778 silly reify ]
779 silly reify mark retired [
779 silly reify   '/Users/rosario/Desktop/LMS app/admin-dashboard/.npm_cache/_npx/69f9afb961c37556/node_modules/@vercel/elysia'
779 silly reify ]
780 silly reify mark retired [
780 silly reify   '/Users/rosario/Desktop/LMS app/admin-dashboard/.npm_cache/_npx/69f9afb961c37556/node_modules/@vercel/express'
780 silly reify ]
781 silly reify mark retired [
781 silly reify   '/Users/rosario/Desktop/LMS app/admin-dashboard/.npm_cache/_npx/69f9afb961c37556/node_modules/@vercel/fastify'
781 silly reify ]
782 silly reify mark retired [
782 silly reify   '/Users/rosario/Desktop/LMS app/admin-dashboard/.npm_cache/_npx/69f9afb961c37556/node_modules/@vercel/gatsby-plugin-vercel-builder'
782 silly reify ]
783 silly reify mark retired [
783 silly reify   '/Users/rosario/Desktop/LMS app/admin-dashboard/.npm_cache/_npx/69f9afb961c37556/node_modules/@vercel/go'
783 silly reify ]
784 silly reify mark retired [
784 silly reify   '/Users/rosario/Desktop/LMS app/admin-dashboard/.npm_cache/_npx/69f9afb961c37556/node_modules/@vercel/h3'
784 silly reify ]
785 silly reify mark retired [
785 silly reify   '/Users/rosario/Desktop/LMS app/admin-dashboard/.npm_cache/_npx/69f9afb961c37556/node_modules/@vercel/hono'
785 silly reify ]
786 silly reify mark retired [
786 silly reify   '/Users/rosario/Desktop/LMS app/admin-dashboard/.npm_cache/_npx/69f9afb961c37556/node_modules/@vercel/koa'
786 silly reify ]
787 silly reify mark retired [
787 silly reify   '/Users/rosario/Desktop/LMS app/admin-dashboard/.npm_cache/_npx/69f9afb961c37556/node_modules/@vercel/nestjs'
787 silly reify ]
788 silly reify mark retired [
788 silly reify   '/Users/rosario/Desktop/LMS app/admin-dashboard/.npm_cache/_npx/69f9afb961c37556/node_modules/@vercel/next'
788 silly reify ]
789 silly reify mark retired [
789 silly reify   '/Users/rosario/Desktop/LMS app/admin-dashboard/.npm_cache/_npx/69f9afb961c37556/node_modules/@vercel/node'
789 silly reify ]
790 silly reify mark retired [
790 silly reify   '/Users/rosario/Desktop/LMS app/admin-dashboard/.npm_cache/_npx/69f9afb961c37556/node_modules/@vercel/python'
790 silly reify ]
791 silly reify mark retired [
791 silly reify   '/Users/rosario/Desktop/LMS app/admin-dashboard/.npm_cache/_npx/69f9afb961c37556/node_modules/@vercel/python-analysis'
791 silly reify ]
792 silly reify mark retired [
792 silly reify   '/Users/rosario/Desktop/LMS app/admin-dashboard/.npm_cache/_npx/69f9afb961c37556/node_modules/@vercel/ruby'
792 silly reify ]
793 silly reify mark retired [
793 silly reify   '/Users/rosario/Desktop/LMS app/admin-dashboard/.npm_cache/_npx/69f9afb961c37556/node_modules/@vercel/static-build'
793 silly reify ]
794 silly reify mark retired [
794 silly reify   '/Users/rosario/Desktop/LMS app/admin-dashboard/.npm_cache/_npx/69f9afb961c37556/node_modules/vercel',
794 silly reify   '/Users/rosario/Desktop/LMS app/admin-dashboard/.npm_cache/_npx/69f9afb961c37556/node_modules/.bin/vc',
794 silly reify   '/Users/rosario/Desktop/LMS app/admin-dashboard/.npm_cache/_npx/69f9afb961c37556/node_modules/.bin/vercel'
794 silly reify ]
795 silly reify moves {
795 silly reify   '/Users/rosario/Desktop/LMS app/admin-dashboard/.npm_cache/_npx/69f9afb961c37556/node_modules/@vercel/backends': '/Users/rosario/Desktop/LMS app/admin-dashboard/.npm_cache/_npx/69f9afb961c37556/node_modules/@vercel/.backends-PQ9VJGIt',
795 silly reify   '/Users/rosario/Desktop/LMS app/admin-dashboard/.npm_cache/_npx/69f9afb961c37556/node_modules/@vercel/build-utils': '/Users/rosario/Desktop/LMS app/admin-dashboard/.npm_cache/_npx/69f9afb961c37556/node_modules/@vercel/.build-utils-RpaY1WHK',
795 silly reify   '/Users/rosario/Desktop/LMS app/admin-dashboard/.npm_cache/_npx/69f9afb961c37556/node_modules/@vercel/cervel': '/Users/rosario/Desktop/LMS app/admin-dashboard/.npm_cache/_npx/69f9afb961c37556/node_modules/@vercel/.cervel-rfoENNAw',
795 silly reify   '/Users/rosario/Desktop/LMS app/admin-dashboard/.npm_cache/_npx/69f9afb961c37556/node_modules/.bin/cervel': '/Users/rosario/Desktop/LMS app/admin-dashboard/.npm_cache/_npx/69f9afb961c37556/node_modules/.bin/.cervel-BrfdhD2m',
795 silly reify   '/Users/rosario/Desktop/LMS app/admin-dashboard/.npm_cache/_npx/69f9afb961c37556/node_modules/@vercel/elysia': '/Users/rosario/Desktop/LMS app/admin-dashboard/.npm_cache/_npx/69f9afb961c37556/node_modules/@vercel/.elysia-hXInqkDB',
795 silly reify   '/Users/rosario/Desktop/LMS app/admin-dashboard/.npm_cache/_npx/69f9afb961c37556/node_modules/@vercel/express': '/Users/rosario/Desktop/LMS app/admin-dashboard/.npm_cache/_npx/69f9afb961c37556/node_modules/@vercel/.express-3O2baSID',
795 silly reify   '/Users/rosario/Desktop/LMS app/admin-dashboard/.npm_cache/_npx/69f9afb961c37556/node_modules/@vercel/fastify': '/Users/rosario/Desktop/LMS app/admin-dashboard/.npm_cache/_npx/69f9afb961c37556/node_modules/@vercel/.fastify-qm0uLG7G',
795 silly reify   '/Users/rosario/Desktop/LMS app/admin-dashboard/.npm_cache/_npx/69f9afb961c37556/node_modules/@vercel/gatsby-plugin-vercel-builder': '/Users/rosario/Desktop/LMS app/admin-dashboard/.npm_cache/_npx/69f9afb961c37556/node_modules/@vercel/.gatsby-plugin-vercel-builder-UNGjArob',
795 silly reify   '/Users/rosario/Desktop/LMS app/admin-dashboard/.npm_cache/_npx/69f9afb961c37556/node_modules/@vercel/go': '/Users/rosario/Desktop/LMS app/admin-dashboard/.npm_cache/_npx/69f9afb961c37556/node_modules/@vercel/.go-xLi390FL',
795 silly reify   '/Users/rosario/Desktop/LMS app/admin-dashboard/.npm_cache/_npx/69f9afb961c37556/node_modules/@vercel/h3': '/Users/rosario/Desktop/LMS app/admin-dashboard/.npm_cache/_npx/69f9afb961c37556/node_modules/@vercel/.h3-gjpOaktc',
795 silly reify   '/Users/rosario/Desktop/LMS app/admin-dashboard/.npm_cache/_npx/69f9afb961c37556/node_modules/@vercel/hono': '/Users/rosario/Desktop/LMS app/admin-dashboard/.npm_cache/_npx/69f9afb961c37556/node_modules/@vercel/.hono-RZJpDqkQ',
795 silly reify   '/Users/rosario/Desktop/LMS app/admin-dashboard/.npm_cache/_npx/69f9afb961c37556/node_modules/@vercel/koa': '/Users/rosario/Desktop/LMS app/admin-dashboard/.npm_cache/_npx/69f9afb961c37556/node_modules/@vercel/.koa-ESAnrbeP',
795 silly reify   '/Users/rosario/Desktop/LMS app/admin-dashboard/.npm_cache/_npx/69f9afb961c37556/node_modules/@vercel/nestjs': '/Users/rosario/Desktop/LMS app/admin-dashboard/.npm_cache/_npx/69f9afb961c37556/node_modules/@vercel/.nestjs-ekKGIcjs',
795 silly reify   '/Users/rosario/Desktop/LMS app/admin-dashboard/.npm_cache/_npx/69f9afb961c37556/node_modules/@vercel/next': '/Users/rosario/Desktop/LMS app/admin-dashboard/.npm_cache/_npx/69f9afb961c37556/node_modules/@vercel/.next-O77eiJel',
795 silly reify   '/Users/rosario/Desktop/LMS app/admin-dashboard/.npm_cache/_npx/69f9afb961c37556/node_modules/@vercel/node': '/Users/rosario/Desktop/LMS app/admin-dashboard/.npm_cache/_npx/69f9afb961c37556/node_modules/@vercel/.node-G32kzAhs',
795 silly reify   '/Users/rosario/Desktop/LMS app/admin-dashboard/.npm_cache/_npx/69f9afb961c37556/node_modules/@vercel/python': '/Users/rosario/Desktop/LMS app/admin-dashboard/.npm_cache/_npx/69f9afb961c37556/node_modules/@vercel/.python-4AjUJ0gq',
795 silly reify   '/Users/rosario/Desktop/LMS app/admin-dashboard/.npm_cache/_npx/69f9afb961c37556/node_modules/@vercel/python-analysis': '/Users/rosario/Desktop/LMS app/admin-dashboard/.npm_cache/_npx/69f9afb961c37556/node_modules/@vercel/.python-analysis-ZgABixLS',
795 silly reify   '/Users/rosario/Desktop/LMS app/admin-dashboard/.npm_cache/_npx/69f9afb961c37556/node_modules/@vercel/ruby': '/Users/rosario/Desktop/LMS app/admin-dashboard/.npm_cache/_npx/69f9afb961c37556/node_modules/@vercel/.ruby-8Ci2CZA0',
795 silly reify   '/Users/rosario/Desktop/LMS app/admin-dashboard/.npm_cache/_npx/69f9afb961c37556/node_modules/@vercel/static-build': '/Users/rosario/Desktop/LMS app/admin-dashboard/.npm_cache/_npx/69f9afb961c37556/node_modules/@vercel/.static-build-stVCrhyk',
795 silly reify   '/Users/rosario/Desktop/LMS app/admin-dashboard/.npm_cache/_npx/69f9afb961c37556/node_modules/vercel': '/Users/rosario/Desktop/LMS app/admin-dashboard/.npm_cache/_npx/69f9afb961c37556/node_modules/.vercel-6Wkw4Ash',
795 silly reify   '/Users/rosario/Desktop/LMS app/admin-dashboard/.npm_cache/_npx/69f9afb961c37556/node_modules/.bin/vc': '/Users/rosario/Desktop/LMS app/admin-dashboard/.npm_cache/_npx/69f9afb961c37556/node_modules/.bin/.vc-rwTxfgO3',
795 silly reify   '/Users/rosario/Desktop/LMS app/admin-dashboard/.npm_cache/_npx/69f9afb961c37556/node_modules/.bin/vercel': '/Users/rosario/Desktop/LMS app/admin-dashboard/.npm_cache/_npx/69f9afb961c37556/node_modules/.bin/.vercel-40esUeql'
795 silly reify }
796 silly audit bulk request {
796 silly audit   '@iarna/toml': [ '2.2.5' ],
796 silly audit   '@isaacs/fs-minipass': [ '4.0.1' ],
796 silly audit   '@mapbox/node-pre-gyp': [ '2.0.3' ],
796 silly audit   '@nodelib/fs.scandir': [ '2.1.5' ],
796 silly audit   '@nodelib/fs.stat': [ '2.0.5' ],
796 silly audit   '@nodelib/fs.walk': [ '1.2.8' ],
796 silly audit   '@rollup/pluginutils': [ '5.3.0' ],
796 silly audit   '@tootallnate/once': [ '2.0.0' ],
796 silly audit   '@tootallnate/quickjs-emscripten': [ '0.23.0' ],
796 silly audit   '@ts-morph/common': [ '0.11.1' ],
796 silly audit   minimatch: [ '3.1.2', '10.2.2', '10.1.1' ],
796 silly audit   '@types/estree': [ '1.0.8' ],
796 silly audit   '@types/json-schema': [ '7.0.15' ],
796 silly audit   '@vercel/blob': [ '2.3.0' ],
796 silly audit   '@vercel/detect-agent': [ '1.1.0' ],
796 silly audit   '@vercel/error-utils': [ '2.0.3' ],
796 silly audit   '@vercel/nft': [ '1.1.1', '1.3.0' ],
796 silly audit   '@vercel/fun': [ '1.3.0' ],
796 silly audit   'path-to-regexp': [ '8.2.0', '6.1.0', '6.3.0', '8.3.0' ],
796 silly audit   '@vercel/hydrogen': [ '1.3.5' ],
796 silly audit   'async-listen': [ '1.2.0', '3.0.0', '3.0.1' ],
796 silly audit   'node-fetch': [ '2.6.7', '2.6.9' ],
796 silly audit   undici: [ '6.23.0', '5.28.4' ],
796 silly audit   '@vercel/redwood': [ '2.4.9' ],
796 silly audit   semver: [ '6.3.1', '7.5.4' ],
796 silly audit   '@vercel/remix-builder': [ '5.5.10' ],
796 silly audit   '@vercel/rust': [ '1.0.5' ],
796 silly audit   execa: [ '5.1.1', '3.2.0' ],
796 silly audit   'get-stream': [ '6.0.1', '5.2.0' ],
796 silly audit   'human-signals': [ '2.1.0', '1.1.1' ],
796 silly audit   'signal-exit': [ '3.0.7', '4.0.2' ],
796 silly audit   '@vercel/static-config': [ '3.1.2' ],
796 silly audit   abbrev: [ '3.0.1' ],
796 silly audit   acorn: [ '8.16.0' ],
796 silly audit   'acorn-import-attributes': [ '1.9.5' ],
796 silly audit   'agent-base': [ '7.1.4' ],
796 silly audit   ajv: [ '8.6.3' ],
796 silly audit   'any-promise': [ '1.3.0' ],
796 silly audit   arg: [ '4.1.0' ],
796 silly audit   'ast-types': [ '0.13.4' ],
796 silly audit   'async-retry': [ '1.3.3' ],
796 silly audit   'async-sema': [ '3.1.1' ],
796 silly audit   asynckit: [ '0.4.0' ],
796 silly audit   'balanced-match': [ '1.0.2', '4.0.3' ],
796 silly audit   'basic-ftp': [ '5.1.0' ],
796 silly audit   bindings: [ '1.5.0' ],
796 silly audit   'brace-expansion': [ '1.1.12', '5.0.2' ],
796 silly audit   braces: [ '3.0.3' ],
796 silly audit   'buffer-crc32': [ '0.2.13' ],
796 silly audit   bytes: [ '3.1.0' ],
796 silly audit   'call-bind-apply-helpers': [ '1.0.2' ],
796 silly audit   chokidar: [ '4.0.0' ],
796 silly audit   chownr: [ '3.0.0' ],
796 silly audit   'code-block-writer': [ '10.1.1' ],
796 silly audit   'combined-stream': [ '1.0.8' ],
796 silly audit   'concat-map': [ '0.0.1' ],
796 silly audit   consola: [ '3.4.2' ],
796 silly audit   'content-type': [ '1.0.4' ],
796 silly audit   'cross-spawn': [ '7.0.6' ],
796 silly audit   'data-uri-to-buffer': [ '6.0.2' ],
796 silly audit   debug: [ '4.3.4' ],
796 silly audit   ms: [ '2.1.2', '2.1.1' ],
796 silly audit   degenerator: [ '5.0.1' ],
796 silly audit   'delayed-stream': [ '1.0.0' ],
796 silly audit   depd: [ '1.1.2' ],
796 silly audit   'detect-libc': [ '2.1.2' ],
796 silly audit   'dunder-proto': [ '1.0.1' ],
796 silly audit   'end-of-stream': [ '1.1.0', '1.4.5' ],
796 silly audit   'es-define-property': [ '1.0.1' ],
796 silly audit   'es-errors': [ '1.3.0' ],
796 silly audit   'es-object-atoms': [ '1.1.1' ],
796 silly audit   'es-set-tostringtag': [ '2.1.0' ],
796 silly audit   escodegen: [ '2.1.0' ],
796 silly audit   esprima: [ '4.0.1' ],
796 silly audit   estraverse: [ '5.3.0' ],
796 silly audit   'estree-walker': [ '2.0.2' ],
796 silly audit   esutils: [ '2.0.3' ],
796 silly audit   'events-intercept': [ '2.0.0' ],
796 silly audit   'fast-deep-equal': [ '3.1.3' ],
796 silly audit   'fast-glob': [ '3.3.3' ],
796 silly audit   fastq: [ '1.20.1' ],
796 silly audit   'fd-slicer': [ '1.1.0' ],
796 silly audit   'file-uri-to-path': [ '1.0.0' ],
796 silly audit   'fill-range': [ '7.1.1' ],
796 silly audit   'form-data': [ '4.0.5' ],
796 silly audit   'function-bind': [ '1.1.2' ],
796 silly audit   'generic-pool': [ '3.4.2' ],
796 silly audit   'get-intrinsic': [ '1.3.0' ],
796 silly audit   'get-proto': [ '1.0.1' ],
796 silly audit   'get-uri': [ '6.0.5' ],
796 silly audit   glob: [ '13.0.6' ],
796 silly audit   'glob-parent': [ '5.1.2' ],
796 silly audit   gopd: [ '1.2.0' ],
796 silly audit   'graceful-fs': [ '4.2.11' ],
796 silly audit   'has-symbols': [ '1.1.0' ],
796 silly audit   'has-tostringtag': [ '1.0.2' ],
796 silly audit   hasown: [ '2.0.2' ],
796 silly audit   'http-errors': [ '1.7.3' ],
796 silly audit   'http-proxy-agent': [ '7.0.2' ],
796 silly audit   'https-proxy-agent': [ '7.0.6' ],
796 silly audit   'iconv-lite': [ '0.4.24' ],
796 silly audit   inherits: [ '2.0.4' ],
796 silly audit   'ip-address': [ '10.1.0' ],
796 silly audit   'is-buffer': [ '2.0.5' ],
796 silly audit   'is-extglob': [ '2.1.1' ],
796 silly audit   'is-glob': [ '4.0.3' ],
796 silly audit   'is-node-process': [ '1.2.0' ],
796 silly audit   'is-number': [ '7.0.0' ],
796 silly audit   'is-stream': [ '2.0.1' ],
796 silly audit   isexe: [ '2.0.0' ],
796 silly audit   jose: [ '5.9.6' ],
796 silly audit   'json-schema-to-ts': [ '1.6.4' ],
796 silly audit   'json-schema-traverse': [ '1.0.0' ],
796 silly audit   'lru-cache': [ '11.2.6', '7.18.3', '6.0.0' ],
796 silly audit   luxon: [ '3.7.2' ],
796 silly audit   'math-intrinsics': [ '1.1.0' ],
796 silly audit   'merge-stream': [ '2.0.0' ],
796 silly audit   merge2: [ '1.4.1' ],
796 silly audit   micro: [ '9.3.5-canary.3' ],
796 silly audit   micromatch: [ '4.0.8' ],
796 silly audit   picomatch: [ '2.3.1', '4.0.3' ],
796 silly audit   'mime-db': [ '1.52.0' ],
796 silly audit   'mime-types': [ '2.1.35' ],
796 silly audit   'mimic-fn': [ '2.1.0' ],
796 silly audit   minipass: [ '7.1.3' ],
796 silly audit   minizlib: [ '3.1.0' ],
796 silly audit   mkdirp: [ '1.0.4' ],
796 silly audit   netmask: [ '2.0.2' ],
796 silly audit   'node-gyp-build': [ '4.8.4' ],
796 silly audit   nopt: [ '8.1.0' ],
796 silly audit   'npm-run-path': [ '4.0.1' ],
796 silly audit   once: [ '1.3.3', '1.4.0' ],
796 silly audit   onetime: [ '5.1.2' ],
796 silly audit   'os-paths': [ '4.4.0' ],
796 silly audit   'pac-proxy-agent': [ '7.2.0' ],
796 silly audit   'pac-resolver': [ '7.0.1' ],
796 silly audit   'path-browserify': [ '1.0.1' ],
796 silly audit   'path-key': [ '3.1.1' ],
796 silly audit   'path-scurry': [ '2.0.2' ],
796 silly audit   pend: [ '1.2.0' ],
796 silly audit   promisepipe: [ '3.0.0' ],
796 silly audit   'proxy-agent': [ '6.4.0' ],
796 silly audit   'proxy-from-env': [ '1.1.0' ],
796 silly audit   punycode: [ '2.3.1' ],
796 silly audit   'queue-microtask': [ '1.2.3' ],
796 silly audit   'raw-body': [ '2.4.1' ],
796 silly audit   readdirp: [ '4.1.2' ],
796 silly audit   'require-from-string': [ '2.0.2' ],
796 silly audit   'resolve-from': [ '5.0.0' ],
796 silly audit   retry: [ '0.13.1' ],
796 silly audit   reusify: [ '1.1.0' ],
796 silly audit   'run-parallel': [ '1.2.0' ],
796 silly audit   'safer-buffer': [ '2.1.2' ],
796 silly audit   yallist: [ '4.0.0', '5.0.0' ],
796 silly audit   setprototypeof: [ '1.1.1' ],
796 silly audit   'shebang-command': [ '2.0.0' ],
796 silly audit   'shebang-regex': [ '3.0.0' ],
796 silly audit   'smart-buffer': [ '4.2.0' ],
796 silly audit   socks: [ '2.8.7' ],
796 silly audit   'socks-proxy-agent': [ '8.0.5' ],
796 silly audit   'source-map': [ '0.6.1' ],
796 silly audit   'stat-mode': [ '0.3.0' ],
796 silly audit   statuses: [ '1.5.0' ],
796 silly audit   'stream-to-array': [ '2.3.0' ],
796 silly audit   'stream-to-promise': [ '2.2.0' ],
796 silly audit   'strip-final-newline': [ '2.0.0' ],
796 silly audit   tar: [ '7.5.7' ],
796 silly audit   throttleit: [ '2.1.0' ],
796 silly audit   tinyexec: [ '0.3.2' ],
796 silly audit   'to-regex-range': [ '5.0.1' ],
796 silly audit   toidentifier: [ '1.0.0' ],
796 silly audit   tr46: [ '0.0.3' ],
796 silly audit   'tree-kill': [ '1.2.2' ],
796 silly audit   'ts-morph': [ '12.0.0' ],
796 silly audit   'ts-toolbelt': [ '6.15.5' ],
796 silly audit   tslib: [ '2.8.1' ],
796 silly audit   'uid-promise': [ '1.0.0' ],
796 silly audit   unpipe: [ '1.0.0' ],
796 silly audit   'uri-js': [ '4.4.1' ],
796 silly audit   'webidl-conversions': [ '3.0.1' ],
796 silly audit   'whatwg-url': [ '5.0.0' ],
796 silly audit   which: [ '2.0.2' ],
796 silly audit   wrappy: [ '1.0.2' ],
796 silly audit   'xdg-app-paths': [ '5.1.0' ],
796 silly audit   'xdg-portable': [ '7.3.0' ],
796 silly audit   yauzl: [ '2.10.0' ],
796 silly audit   'yauzl-clone': [ '1.0.4' ],
796 silly audit   'yauzl-promise': [ '2.1.3' ],
796 silly audit   vercel: [ '50.23.2' ],
796 silly audit   '@vercel/backends': [ '0.0.37' ],
796 silly audit   typescript: [ '5.9.3' ],
796 silly audit   '@vercel/build-utils': [ '13.5.0' ],
796 silly audit   '@vercel/elysia': [ '0.1.40' ],
796 silly audit   '@vercel/express': [ '0.1.49' ],
796 silly audit   '@vercel/fastify': [ '0.1.43' ],
796 silly audit   '@vercel/go': [ '3.4.2' ],
796 silly audit   '@vercel/h3': [ '0.1.49' ],
796 silly audit   '@vercel/hono': [ '0.2.43' ],
796 silly audit   '@vercel/koa': [ '0.1.23' ],
796 silly audit   '@vercel/nestjs': [ '0.2.44' ],
796 silly audit   '@vercel/next': [ '4.15.34' ],
796 silly audit   '@vercel/node': [ '5.6.7' ],
796 silly audit   '@vercel/python': [ '6.16.1' ],
796 silly audit   '@vercel/ruby': [ '2.3.2' ],
796 silly audit   '@vercel/static-build': [ '2.8.41' ],
796 silly audit   esbuild: [ '0.27.0' ],
796 silly audit   'fs-extra': [ '11.1.0', '11.1.1' ],
796 silly audit   'oxc-transform': [ '0.111.0' ],
796 silly audit   'resolve.exports': [ '2.0.3' ],
796 silly audit   rolldown: [ '1.0.0-rc.1' ],
796 silly audit   srvx: [ '0.8.9' ],
796 silly audit   tsx: [ '4.21.0' ],
796 silly audit   zod: [ '3.22.4' ],
796 silly audit   '@vercel/python-analysis': [ '0.7.0' ],
796 silly audit   '@vercel/cervel': [ '0.0.24' ],
796 silly audit   '@edge-runtime/node-utils': [ '2.3.0' ],
796 silly audit   '@edge-runtime/primitives': [ '4.1.0' ],
796 silly audit   '@edge-runtime/vm': [ '3.2.0' ],
796 silly audit   '@types/node': [ '20.11.0' ],
796 silly audit   'cjs-module-lexer': [ '1.2.3' ],
796 silly audit   'edge-runtime': [ '2.5.9' ],
796 silly audit   'es-module-lexer': [ '1.4.1' ],
796 silly audit   etag: [ '1.8.1' ],
796 silly audit   'undici-types': [ '5.26.5' ],
796 silly audit   '@bytecodealliance/preview2-shim': [ '0.17.6' ],
796 silly audit   '@renovatebot/pep440': [ '4.2.1' ],
796 silly audit   'js-yaml': [ '4.1.1' ],
796 silly audit   'pip-requirements-js': [ '1.0.2' ],
796 silly audit   'smol-toml': [ '1.5.2' ],
796 silly audit   '@vercel/gatsby-plugin-vercel-analytics': [ '1.0.11' ],
796 silly audit   '@vercel/gatsby-plugin-vercel-builder': [ '2.0.139' ],
796 silly audit   'web-vitals': [ '0.2.4' ],
796 silly audit   '@sinclair/typebox': [ '0.25.24' ],
796 silly audit   '@edge-runtime/format': [ '2.2.1' ],
796 silly audit   '@edge-runtime/ponyfill': [ '2.4.2' ],
796 silly audit   mri: [ '1.2.0' ],
796 silly audit   picocolors: [ '1.0.0' ],
796 silly audit   'pretty-ms': [ '7.0.1' ],
796 silly audit   'time-span': [ '4.0.0' ],
796 silly audit   '@esbuild/aix-ppc64': [ '0.27.0' ],
796 silly audit   '@esbuild/android-arm': [ '0.27.0' ],
796 silly audit   '@esbuild/android-arm64': [ '0.27.0' ],
796 silly audit   '@esbuild/android-x64': [ '0.27.0' ],
796 silly audit   '@esbuild/darwin-arm64': [ '0.27.0' ],
796 silly audit   '@esbuild/darwin-x64': [ '0.27.0' ],
796 silly audit   '@esbuild/freebsd-arm64': [ '0.27.0' ],
796 silly audit   '@esbuild/freebsd-x64': [ '0.27.0' ],
796 silly audit   '@esbuild/linux-arm': [ '0.27.0' ],
796 silly audit   '@esbuild/linux-arm64': [ '0.27.0' ],
796 silly audit   '@esbuild/linux-ia32': [ '0.27.0' ],
796 silly audit   '@esbuild/linux-loong64': [ '0.27.0' ],
796 silly audit   '@esbuild/linux-mips64el': [ '0.27.0' ],
796 silly audit   '@esbuild/linux-ppc64': [ '0.27.0' ],
796 silly audit   '@esbuild/linux-riscv64': [ '0.27.0' ],
796 silly audit   '@esbuild/linux-s390x': [ '0.27.0' ],
796 silly audit   '@esbuild/linux-x64': [ '0.27.0' ],
796 silly audit   '@esbuild/netbsd-arm64': [ '0.27.0' ],
796 silly audit   '@esbuild/netbsd-x64': [ '0.27.0' ],
796 silly audit   '@esbuild/openbsd-arm64': [ '0.27.0' ],
796 silly audit   '@esbuild/openbsd-x64': [ '0.27.0' ],
796 silly audit   '@esbuild/openharmony-arm64': [ '0.27.0' ],
796 silly audit   '@esbuild/sunos-x64': [ '0.27.0' ],
796 silly audit   '@esbuild/win32-arm64': [ '0.27.0' ],
796 silly audit   '@esbuild/win32-ia32': [ '0.27.0' ],
796 silly audit   '@esbuild/win32-x64': [ '0.27.0' ],
796 silly audit   'p-finally': [ '2.0.1' ],
796 silly audit   jsonfile: [ '6.2.0' ],
796 silly audit   universalify: [ '2.0.1' ],
796 silly audit   pump: [ '3.0.3' ],
796 silly audit   argparse: [ '2.0.1' ],
796 silly audit   '@isaacs/brace-expansion': [ '5.0.1' ],
796 silly audit   '@isaacs/balanced-match': [ '4.0.1' ],
796 silly audit   '@oxc-transform/binding-android-arm-eabi': [ '0.111.0' ],
796 silly audit   '@oxc-transform/binding-android-arm64': [ '0.111.0' ],
796 silly audit   '@oxc-transform/binding-darwin-arm64': [ '0.111.0' ],
796 silly audit   '@oxc-transform/binding-darwin-x64': [ '0.111.0' ],
796 silly audit   '@oxc-transform/binding-freebsd-x64': [ '0.111.0' ],
796 silly audit   '@oxc-transform/binding-linux-arm-gnueabihf': [ '0.111.0' ],
796 silly audit   '@oxc-transform/binding-linux-arm-musleabihf': [ '0.111.0' ],
796 silly audit   '@oxc-transform/binding-linux-arm64-gnu': [ '0.111.0' ],
796 silly audit   '@oxc-transform/binding-linux-arm64-musl': [ '0.111.0' ],
796 silly audit   '@oxc-transform/binding-linux-ppc64-gnu': [ '0.111.0' ],
796 silly audit   '@oxc-transform/binding-linux-riscv64-gnu': [ '0.111.0' ],
796 silly audit   '@oxc-transform/binding-linux-riscv64-musl': [ '0.111.0' ],
796 silly audit   '@oxc-transform/binding-linux-s390x-gnu': [ '0.111.0' ],
796 silly audit   '@oxc-transform/binding-linux-x64-gnu': [ '0.111.0' ],
796 silly audit   '@oxc-transform/binding-linux-x64-musl': [ '0.111.0' ],
796 silly audit   '@oxc-transform/binding-openharmony-arm64': [ '0.111.0' ],
796 silly audit   '@oxc-transform/binding-wasm32-wasi': [ '0.111.0' ],
796 silly audit   '@oxc-transform/binding-win32-arm64-msvc': [ '0.111.0' ],
796 silly audit   '@oxc-transform/binding-win32-ia32-msvc': [ '0.111.0' ],
796 silly audit   '@oxc-transform/binding-win32-x64-msvc': [ '0.111.0' ],
796 silly audit   '@napi-rs/wasm-runtime': [ '1.1.1' ],
796 silly audit   '@emnapi/core': [ '1.8.1' ],
796 silly audit   '@emnapi/runtime': [ '1.8.1' ],
796 silly audit   '@tybys/wasm-util': [ '0.10.1' ],
796 silly audit   '@emnapi/wasi-threads': [ '1.1.0' ],
796 silly audit   'ohm-js': [ '17.5.0' ],
796 silly audit   'parse-ms': [ '2.1.0' ],
796 silly audit   '@oxc-project/types': [ '0.110.0' ],
796 silly audit   '@rolldown/binding-android-arm64': [ '1.0.0-rc.1' ],
796 silly audit   '@rolldown/binding-darwin-arm64': [ '1.0.0-rc.1' ],
796 silly audit   '@rolldown/binding-darwin-x64': [ '1.0.0-rc.1' ],
796 silly audit   '@rolldown/binding-freebsd-x64': [ '1.0.0-rc.1' ],
796 silly audit   '@rolldown/binding-linux-arm-gnueabihf': [ '1.0.0-rc.1' ],
796 silly audit   '@rolldown/binding-linux-arm64-gnu': [ '1.0.0-rc.1' ],
796 silly audit   '@rolldown/binding-linux-arm64-musl': [ '1.0.0-rc.1' ],
796 silly audit   '@rolldown/binding-linux-x64-gnu': [ '1.0.0-rc.1' ],
796 silly audit   '@rolldown/binding-linux-x64-musl': [ '1.0.0-rc.1' ],
796 silly audit   '@rolldown/binding-openharmony-arm64': [ '1.0.0-rc.1' ],
796 silly audit   '@rolldown/binding-wasm32-wasi': [ '1.0.0-rc.1' ],
796 silly audit   '@rolldown/binding-win32-arm64-msvc': [ '1.0.0-rc.1' ],
796 silly audit   '@rolldown/binding-win32-x64-msvc': [ '1.0.0-rc.1' ],
796 silly audit   '@rolldown/pluginutils': [ '1.0.0-rc.1' ],
796 silly audit   'cookie-es': [ '2.0.0' ],
796 silly audit   'convert-hrtime': [ '3.0.0' ],
796 silly audit   fsevents: [ '2.3.3' ],
796 silly audit   'get-tsconfig': [ '4.13.6' ],
796 silly audit   'resolve-pkg-maps': [ '1.0.0' ],
796 silly audit   '@fastify/busboy': [ '2.1.1' ]
796 silly audit }
797 http fetch POST 200 https://registry.npmjs.org/-/npm/v1/security/advisories/bulk 640ms
798 silly audit report {
798 silly audit report   minimatch: [
798 silly audit report     {
798 silly audit report       id: 1113459,
798 silly audit report       url: 'https://github.com/advisories/GHSA-3ppc-4f35-3m26',
798 silly audit report       title: 'minimatch has a ReDoS via repeated wildcards with non-matching literal in pattern',
798 silly audit report       severity: 'high',
798 silly audit report       vulnerable_versions: '<3.1.3',
798 silly audit report       cwe: [Array],
798 silly audit report       cvss: [Object]
798 silly audit report     },
798 silly audit report     {
798 silly audit report       id: 1113466,
798 silly audit report       url: 'https://github.com/advisories/GHSA-3ppc-4f35-3m26',
798 silly audit report       title: 'minimatch has a ReDoS via repeated wildcards with non-matching literal in pattern',
798 silly audit report       severity: 'high',
798 silly audit report       vulnerable_versions: '>=10.0.0 <10.2.1',
798 silly audit report       cwe: [Array],
798 silly audit report       cvss: [Object]
798 silly audit report     }
798 silly audit report   ],
798 silly audit report   'path-to-regexp': [
798 silly audit report     {
798 silly audit report       id: 1101846,
798 silly audit report       url: 'https://github.com/advisories/GHSA-9wv6-86v2-598j',
798 silly audit report       title: 'path-to-regexp outputs backtracking regular expressions',
798 silly audit report       severity: 'high',
798 silly audit report       vulnerable_versions: '>=4.0.0 <6.3.0',
798 silly audit report       cwe: [Array],
798 silly audit report       cvss: [Object]
798 silly audit report     }
798 silly audit report   ],
798 silly audit report   undici: [
798 silly audit report     {
798 silly audit report       id: 1101610,
798 silly audit report       url: 'https://github.com/advisories/GHSA-c76h-2ccp-4975',
798 silly audit report       title: 'Use of Insufficiently Random Values in undici',
798 silly audit report       severity: 'moderate',
798 silly audit report       vulnerable_versions: '>=4.5.0 <5.28.5',
798 silly audit report       cwe: [Array],
798 silly audit report       cvss: [Object]
798 silly audit report     },
798 silly audit report     {
798 silly audit report       id: 1112496,
798 silly audit report       url: 'https://github.com/advisories/GHSA-g9mf-h72j-4rw9',
798 silly audit report       title: 'Undici has an unbounded decompression chain in HTTP responses on Node.js Fetch API via Content-Encoding leads to resource exhaustion',
798 silly audit report       severity: 'moderate',
798 silly audit report       vulnerable_versions: '<6.23.0',
798 silly audit report       cwe: [Array],
798 silly audit report       cvss: [Object]
798 silly audit report     },
798 silly audit report     {
798 silly audit report       id: 1113069,
798 silly audit report       url: 'https://github.com/advisories/GHSA-cxrh-j4jr-qwg3',
798 silly audit report       title: 'undici Denial of Service attack via bad certificate data',
798 silly audit report       severity: 'low',
798 silly audit report       vulnerable_versions: '<5.29.0',
798 silly audit report       cwe: [Array],
798 silly audit report       cvss: [Object]
798 silly audit report     }
798 silly audit report   ],
798 silly audit report   ajv: [
798 silly audit report     {
798 silly audit report       id: 1113429,
798 silly audit report       url: 'https://github.com/advisories/GHSA-2g4f-4pwh-qvx6',
798 silly audit report       title: 'ajv has ReDoS when using `$data` option',
798 silly audit report       severity: 'moderate',
798 silly audit report       vulnerable_versions: '>=7.0.0-alpha.0 <8.18.0',
798 silly audit report       cwe: [Array],
798 silly audit report       cvss: [Object]
798 silly audit report     }
798 silly audit report   ],
798 silly audit report   tar: [
798 silly audit report     {
798 silly audit report       id: 1113375,
798 silly audit report       url: 'https://github.com/advisories/GHSA-83g3-92jg-28cx',
798 silly audit report       title: 'Arbitrary File Read/Write via Hardlink Target Escape Through Symlink Chain in node-tar Extraction',
798 silly audit report       severity: 'high',
798 silly audit report       vulnerable_versions: '<7.5.8',
798 silly audit report       cwe: [Array],
798 silly audit report       cvss: [Object]
798 silly audit report     }
798 silly audit report   ]
798 silly audit report }
799 silly packumentCache corgi:https://registry.npmjs.org/minimatch cache-miss
800 silly packumentCache corgi:https://registry.npmjs.org/path-to-regexp cache-miss
801 silly packumentCache corgi:https://registry.npmjs.org/undici cache-miss
802 silly packumentCache corgi:https://registry.npmjs.org/ajv cache-miss
803 silly packumentCache corgi:https://registry.npmjs.org/tar cache-miss
804 http cache fsevents@https://registry.npmjs.org/fsevents/-/fsevents-2.3.3.tgz 0ms (cache hit)
805 http cache @vercel/static-build@https://registry.npmjs.org/@vercel/static-build/-/static-build-2.8.41.tgz 0ms (cache hit)
806 http cache vercel@https://registry.npmjs.org/vercel/-/vercel-50.23.2.tgz 0ms (cache hit)
807 http cache @vercel/ruby@https://registry.npmjs.org/@vercel/ruby/-/ruby-2.3.2.tgz 0ms (cache hit)
808 http cache @vercel/python-analysis@https://registry.npmjs.org/@vercel/python-analysis/-/python-analysis-0.7.0.tgz 0ms (cache hit)
809 http cache @vercel/python@https://registry.npmjs.org/@vercel/python/-/python-6.16.1.tgz 0ms (cache hit)
810 http cache @vercel/node@https://registry.npmjs.org/@vercel/node/-/node-5.6.7.tgz 0ms (cache hit)
811 http cache @vercel/next@https://registry.npmjs.org/@vercel/next/-/next-4.15.34.tgz 0ms (cache hit)
812 http cache @vercel/nestjs@https://registry.npmjs.org/@vercel/nestjs/-/nestjs-0.2.44.tgz 0ms (cache hit)
813 http cache @vercel/hono@https://registry.npmjs.org/@vercel/hono/-/hono-0.2.43.tgz 0ms (cache hit)
814 http cache @vercel/go@https://registry.npmjs.org/@vercel/go/-/go-3.4.2.tgz 0ms (cache hit)
815 http cache @vercel/koa@https://registry.npmjs.org/@vercel/koa/-/koa-0.1.23.tgz 0ms (cache hit)
816 http cache @vercel/h3@https://registry.npmjs.org/@vercel/h3/-/h3-0.1.49.tgz 0ms (cache hit)
817 http cache @vercel/gatsby-plugin-vercel-builder@https://registry.npmjs.org/@vercel/gatsby-plugin-vercel-builder/-/gatsby-plugin-vercel-builder-2.0.139.tgz 0ms (cache hit)
818 http cache @vercel/fastify@https://registry.npmjs.org/@vercel/fastify/-/fastify-0.1.43.tgz 0ms (cache hit)
819 http cache @vercel/express@https://registry.npmjs.org/@vercel/express/-/express-0.1.49.tgz 0ms (cache hit)
820 http cache @vercel/elysia@https://registry.npmjs.org/@vercel/elysia/-/elysia-0.1.40.tgz 0ms (cache hit)
821 http cache @vercel/cervel@https://registry.npmjs.org/@vercel/cervel/-/cervel-0.0.24.tgz 0ms (cache hit)
822 http cache @vercel/build-utils@https://registry.npmjs.org/@vercel/build-utils/-/build-utils-13.5.0.tgz 0ms (cache hit)
823 http cache @vercel/backends@https://registry.npmjs.org/@vercel/backends/-/backends-0.0.37.tgz 0ms (cache hit)
824 silly tarball no local data for @vercel/ruby@https://registry.npmjs.org/@vercel/ruby/-/ruby-2.3.2.tgz. Extracting by manifest.
825 silly tarball no local data for @vercel/static-build@https://registry.npmjs.org/@vercel/static-build/-/static-build-2.8.41.tgz. Extracting by manifest.
826 silly tarball no local data for @vercel/python@https://registry.npmjs.org/@vercel/python/-/python-6.16.1.tgz. Extracting by manifest.
827 silly tarball no local data for @vercel/python-analysis@https://registry.npmjs.org/@vercel/python-analysis/-/python-analysis-0.7.0.tgz. Extracting by manifest.
828 silly tarball no local data for vercel@https://registry.npmjs.org/vercel/-/vercel-50.23.2.tgz. Extracting by manifest.
829 silly tarball no local data for @vercel/node@https://registry.npmjs.org/@vercel/node/-/node-5.6.7.tgz. Extracting by manifest.
830 silly tarball no local data for @vercel/next@https://registry.npmjs.org/@vercel/next/-/next-4.15.34.tgz. Extracting by manifest.
831 silly tarball no local data for @vercel/nestjs@https://registry.npmjs.org/@vercel/nestjs/-/nestjs-0.2.44.tgz. Extracting by manifest.
832 silly tarball no local data for @vercel/hono@https://registry.npmjs.org/@vercel/hono/-/hono-0.2.43.tgz. Extracting by manifest.
833 silly tarball no local data for @vercel/go@https://registry.npmjs.org/@vercel/go/-/go-3.4.2.tgz. Extracting by manifest.
834 silly tarball no local data for @vercel/koa@https://registry.npmjs.org/@vercel/koa/-/koa-0.1.23.tgz. Extracting by manifest.
835 silly tarball no local data for @vercel/h3@https://registry.npmjs.org/@vercel/h3/-/h3-0.1.49.tgz. Extracting by manifest.
836 silly tarball no local data for @vercel/gatsby-plugin-vercel-builder@https://registry.npmjs.org/@vercel/gatsby-plugin-vercel-builder/-/gatsby-plugin-vercel-builder-2.0.139.tgz. Extracting by manifest.
837 silly tarball no local data for @vercel/fastify@https://registry.npmjs.org/@vercel/fastify/-/fastify-0.1.43.tgz. Extracting by manifest.
838 silly tarball no local data for @vercel/express@https://registry.npmjs.org/@vercel/express/-/express-0.1.49.tgz. Extracting by manifest.
839 silly tarball no local data for @vercel/elysia@https://registry.npmjs.org/@vercel/elysia/-/elysia-0.1.40.tgz. Extracting by manifest.
840 silly tarball no local data for @vercel/cervel@https://registry.npmjs.org/@vercel/cervel/-/cervel-0.0.24.tgz. Extracting by manifest.
841 silly tarball no local data for @vercel/backends@https://registry.npmjs.org/@vercel/backends/-/backends-0.0.37.tgz. Extracting by manifest.
842 silly tarball no local data for @vercel/build-utils@https://registry.npmjs.org/@vercel/build-utils/-/build-utils-13.5.0.tgz. Extracting by manifest.
843 http fetch GET 200 https://registry.npmjs.org/vercel/-/vercel-50.23.2.tgz 361ms (cache miss)
844 http fetch GET 200 https://registry.npmjs.org/@vercel/koa/-/koa-0.1.23.tgz 425ms (cache miss)
845 http fetch GET 200 https://registry.npmjs.org/@vercel/express/-/express-0.1.49.tgz 485ms (cache miss)
846 http fetch GET 200 https://registry.npmjs.org/undici 874ms (cache revalidated)
847 silly packumentCache corgi:https://registry.npmjs.org/undici set size:409147 disposed:false
848 http fetch GET 200 https://registry.npmjs.org/path-to-regexp 899ms (cache revalidated)
849 silly packumentCache corgi:https://registry.npmjs.org/path-to-regexp set size:63416 disposed:false
850 http fetch GET 200 https://registry.npmjs.org/@vercel/hono/-/hono-0.2.43.tgz 522ms (cache miss)
851 http fetch GET 200 https://registry.npmjs.org/@vercel/h3/-/h3-0.1.49.tgz 521ms (cache miss)
852 http fetch GET 200 https://registry.npmjs.org/@vercel/nestjs/-/nestjs-0.2.44.tgz 528ms (cache miss)
853 http fetch GET 200 https://registry.npmjs.org/tar 903ms (cache revalidated)
854 silly packumentCache corgi:https://registry.npmjs.org/tar set size:195519 disposed:false
855 http fetch GET 200 https://registry.npmjs.org/ajv 910ms (cache revalidated)
856 silly packumentCache corgi:https://registry.npmjs.org/ajv set size:464537 disposed:false
857 http fetch GET 200 https://registry.npmjs.org/minimatch 1007ms (cache updated)
858 silly packumentCache corgi:https://registry.npmjs.org/minimatch set size:undefined disposed:false
859 http fetch GET 200 https://registry.npmjs.org/@vercel/elysia/-/elysia-0.1.40.tgz 642ms (cache miss)
860 silly packumentCache corgi:https://registry.npmjs.org/@ts-morph%2fcommon cache-miss
861 http fetch GET 200 https://registry.npmjs.org/@vercel/ruby/-/ruby-2.3.2.tgz 1022ms (cache miss)
862 http fetch GET 200 https://registry.npmjs.org/@vercel/python-analysis/-/python-analysis-0.7.0.tgz 759ms (cache miss)
863 http fetch GET 200 https://registry.npmjs.org/@vercel/go/-/go-3.4.2.tgz 701ms (cache miss)
864 http fetch GET 200 https://registry.npmjs.org/@vercel/static-build/-/static-build-2.8.41.tgz 1028ms (cache miss)
865 http fetch GET 200 https://registry.npmjs.org/@vercel/node/-/node-5.6.7.tgz 713ms (cache miss)
866 http fetch GET 200 https://registry.npmjs.org/@vercel/next/-/next-4.15.34.tgz 716ms (cache miss)
867 http fetch GET 200 https://registry.npmjs.org/@vercel/backends/-/backends-0.0.37.tgz 707ms (cache miss)
868 http fetch GET 200 https://registry.npmjs.org/@ts-morph%2fcommon 88ms (cache revalidated)
869 silly packumentCache corgi:https://registry.npmjs.org/@ts-morph%2fcommon set size:82125 disposed:false
870 silly packumentCache corgi:https://registry.npmjs.org/@vercel%2fpython-analysis cache-miss
871 http fetch GET 200 https://registry.npmjs.org/@vercel/build-utils/-/build-utils-13.5.0.tgz 818ms (cache miss)
872 http fetch GET 200 https://registry.npmjs.org/@vercel/fastify/-/fastify-0.1.43.tgz 933ms (cache miss)
873 http fetch GET 200 https://registry.npmjs.org/@vercel/cervel/-/cervel-0.0.24.tgz 953ms (cache miss)
874 http fetch GET 200 https://registry.npmjs.org/@vercel/gatsby-plugin-vercel-builder/-/gatsby-plugin-vercel-builder-2.0.139.tgz 1009ms (cache miss)
875 http fetch GET 200 https://registry.npmjs.org/@vercel/python/-/python-6.16.1.tgz 1461ms (cache miss)
876 info run fsevents@2.3.3 install node_modules/fsevents node-gyp rebuild
877 http fetch GET 200 https://registry.npmjs.org/@vercel%2fpython-analysis 1181ms (cache updated)
878 silly packumentCache corgi:https://registry.npmjs.org/@vercel%2fpython-analysis set size:undefined disposed:false
879 silly packumentCache corgi:https://registry.npmjs.org/@vercel%2fremix-builder cache-miss
880 silly packumentCache corgi:https://registry.npmjs.org/@vercel%2fnode cache-miss
881 info run fsevents@2.3.3 install { code: 1, signal: null }
882 verbose reify failed optional dependency /Users/rosario/Desktop/LMS app/admin-dashboard/.npm_cache/_npx/69f9afb961c37556/node_modules/fsevents
883 silly reify mark deleted [
883 silly reify   '/Users/rosario/Desktop/LMS app/admin-dashboard/.npm_cache/_npx/69f9afb961c37556/node_modules/fsevents'
883 silly reify ]
884 http fetch GET 200 https://registry.npmjs.org/@vercel%2fremix-builder 2429ms (cache revalidated)
885 silly packumentCache corgi:https://registry.npmjs.org/@vercel%2fremix-builder set size:131139 disposed:false
886 http fetch GET 200 https://registry.npmjs.org/@vercel%2fnode 2629ms (cache updated)
887 silly packumentCache corgi:https://registry.npmjs.org/@vercel%2fnode set size:undefined disposed:false
888 silly packumentCache corgi:https://registry.npmjs.org/@vercel%2fstatic-config cache-miss
889 http fetch GET 200 https://registry.npmjs.org/@vercel%2fstatic-config 1170ms (cache revalidated)
890 silly packumentCache corgi:https://registry.npmjs.org/@vercel%2fstatic-config set size:44731 disposed:false
891 silly packumentCache corgi:https://registry.npmjs.org/@mapbox%2fnode-pre-gyp cache-miss
892 silly packumentCache corgi:https://registry.npmjs.org/@vercel%2ffun cache-miss
893 http fetch GET 200 https://registry.npmjs.org/@mapbox%2fnode-pre-gyp 41ms (cache revalidated)
894 silly packumentCache corgi:https://registry.npmjs.org/@mapbox%2fnode-pre-gyp set size:47144 disposed:false
895 http fetch GET 200 https://registry.npmjs.org/@vercel%2ffun 877ms (cache revalidated)
896 silly packumentCache corgi:https://registry.npmjs.org/@vercel%2ffun set size:22226 disposed:false
897 silly packumentCache corgi:https://registry.npmjs.org/@vercel%2fbuild-utils cache-miss
898 silly packumentCache corgi:https://registry.npmjs.org/@vercel%2fpython cache-miss
899 http fetch GET 200 https://registry.npmjs.org/@vercel%2fpython 1037ms (cache updated)
900 silly packumentCache corgi:https://registry.npmjs.org/@vercel%2fpython set size:undefined disposed:false
901 http fetch GET 200 https://registry.npmjs.org/@vercel%2fbuild-utils 3587ms (cache updated)
902 silly packumentCache corgi:https://registry.npmjs.org/@vercel%2fbuild-utils set size:undefined disposed:false
903 silly packumentCache corgi:https://registry.npmjs.org/vercel cache-miss
904 http cache https://registry.npmjs.org/vercel 126ms (cache hit)
905 silly packumentCache corgi:https://registry.npmjs.org/vercel set size:3903690 disposed:false
906 silly packumentCache corgi:https://registry.npmjs.org/@vercel%2felysia cache-miss
907 silly packumentCache corgi:https://registry.npmjs.org/@vercel%2fexpress cache-miss
908 silly packumentCache corgi:https://registry.npmjs.org/@vercel%2ffastify cache-miss
909 silly packumentCache corgi:https://registry.npmjs.org/@vercel%2fh3 cache-miss
910 silly packumentCache corgi:https://registry.npmjs.org/@vercel%2fhono cache-miss
911 silly packumentCache corgi:https://registry.npmjs.org/@vercel%2fkoa cache-miss
912 silly packumentCache corgi:https://registry.npmjs.org/@vercel%2fnestjs cache-miss
913 http fetch GET 200 https://registry.npmjs.org/@vercel%2fh3 1405ms (cache updated)
914 silly packumentCache corgi:https://registry.npmjs.org/@vercel%2fh3 set size:undefined disposed:false
915 http fetch GET 200 https://registry.npmjs.org/@vercel%2fkoa 1450ms (cache updated)
916 silly packumentCache corgi:https://registry.npmjs.org/@vercel%2fkoa set size:undefined disposed:false
917 http fetch GET 200 https://registry.npmjs.org/@vercel%2fhono 1917ms (cache updated)
918 silly packumentCache corgi:https://registry.npmjs.org/@vercel%2fhono set size:undefined disposed:false
919 http fetch GET 200 https://registry.npmjs.org/@vercel%2fnestjs 1977ms (cache updated)
920 silly packumentCache corgi:https://registry.npmjs.org/@vercel%2fnestjs set size:undefined disposed:false
921 http fetch GET 200 https://registry.npmjs.org/@vercel%2fexpress 2003ms (cache updated)
922 silly packumentCache corgi:https://registry.npmjs.org/@vercel%2fexpress set size:undefined disposed:false
923 http fetch GET 200 https://registry.npmjs.org/@vercel%2felysia 2514ms (cache updated)
924 silly packumentCache corgi:https://registry.npmjs.org/@vercel%2felysia set size:undefined disposed:false
925 http fetch GET 200 https://registry.npmjs.org/@vercel%2ffastify 2541ms (cache updated)
926 silly packumentCache corgi:https://registry.npmjs.org/@vercel%2ffastify set size:undefined disposed:false
927 silly packumentCache corgi:https://registry.npmjs.org/@vercel%2fhydrogen cache-miss
928 silly packumentCache corgi:https://registry.npmjs.org/@vercel%2fredwood cache-miss
929 silly packumentCache corgi:https://registry.npmjs.org/@vercel%2fstatic-build cache-miss
930 http fetch GET 200 https://registry.npmjs.org/@vercel%2fredwood 1151ms (cache revalidated)
931 silly packumentCache corgi:https://registry.npmjs.org/@vercel%2fredwood set size:260447 disposed:false
932 http fetch GET 200 https://registry.npmjs.org/@vercel%2fstatic-build 1291ms (cache updated)
933 silly packumentCache corgi:https://registry.npmjs.org/@vercel%2fstatic-build set size:undefined disposed:false
934 http fetch GET 200 https://registry.npmjs.org/@vercel%2fhydrogen 1454ms (cache revalidated)
935 silly packumentCache corgi:https://registry.npmjs.org/@vercel%2fhydrogen set size:121917 disposed:false
936 silly packumentCache corgi:https://registry.npmjs.org/@vercel%2fbackends cache-miss
937 silly packumentCache corgi:https://registry.npmjs.org/@vercel%2fgatsby-plugin-vercel-builder cache-miss
938 http fetch GET 200 https://registry.npmjs.org/@vercel%2fbackends 1496ms (cache updated)
939 silly packumentCache corgi:https://registry.npmjs.org/@vercel%2fbackends set size:undefined disposed:false
940 http fetch GET 200 https://registry.npmjs.org/@vercel%2fgatsby-plugin-vercel-builder 2176ms (cache updated)
941 silly packumentCache corgi:https://registry.npmjs.org/@vercel%2fgatsby-plugin-vercel-builder set size:undefined disposed:false
942 silly packumentCache corgi:https://registry.npmjs.org/@vercel%2fcervel cache-miss
943 http fetch GET 200 https://registry.npmjs.org/@vercel%2fcervel 631ms (cache updated)
944 silly packumentCache corgi:https://registry.npmjs.org/@vercel%2fcervel set size:undefined disposed:false
945 verbose cwd /Users/rosario/Desktop/LMS app
946 verbose os Darwin 25.0.0
947 verbose node v24.13.0
948 verbose npm  v11.6.2
949 verbose exit 0
950 info ok
