0 verbose cli /usr/local/bin/node /usr/local/lib/node_modules/npm/bin/npm-cli.js
1 info using npm@11.6.2
2 info using node@v24.13.0
3 silly config load:file:/usr/local/lib/node_modules/npm/npmrc
4 silly config load:file:/Users/rosario/Desktop/LMS app/.npmrc
5 silly config load:file:/Users/rosario/.npmrc
6 silly config load:file:/usr/local/etc/npmrc
7 verbose title npm exec vercel ls --prod
8 verbose argv "exec" "--" "vercel" "ls" "--prod"
9 verbose logfile logs-max:10 dir:/Users/rosario/Desktop/LMS app/admin-dashboard/.npm_cache/_logs/2026-02-22T00_26_21_269Z-
10 verbose logfile /Users/rosario/Desktop/LMS app/admin-dashboard/.npm_cache/_logs/2026-02-22T00_26_21_269Z-debug-0.log
11 silly logfile start cleaning logs, removing 1 files
12 silly logfile done cleaning log files
13 silly packumentCache heap:2348810240 maxSize:587202560 maxEntrySize:293601280
14 http fetch GET 200 https://registry.npmjs.org/vercel 1483ms (cache updated)
15 silly packumentCache heap:2348810240 maxSize:587202560 maxEntrySize:293601280
16 silly packumentCache heap:2348810240 maxSize:587202560 maxEntrySize:293601280
17 silly idealTree buildDeps
18 silly fetch manifest vercel@50.22.1
19 silly packumentCache full:https://registry.npmjs.org/vercel cache-miss
20 http fetch GET 200 https://registry.npmjs.org/vercel 1056ms (cache updated)
21 silly packumentCache full:https://registry.npmjs.org/vercel set size:undefined disposed:false
22 silly placeDep ROOT vercel@50.22.1 OK for:  want: 50.22.1
23 silly fetch manifest jose@5.9.6
24 silly packumentCache full:https://registry.npmjs.org/jose cache-miss
25 silly fetch manifest luxon@^3.4.0
26 silly packumentCache full:https://registry.npmjs.org/luxon cache-miss
27 silly fetch manifest esbuild@0.27.0
28 silly packumentCache full:https://registry.npmjs.org/esbuild cache-miss
29 silly fetch manifest chokidar@4.0.0
30 silly packumentCache full:https://registry.npmjs.org/chokidar cache-miss
31 silly fetch manifest form-data@^4.0.0
32 silly packumentCache full:https://registry.npmjs.org/form-data cache-miss
33 silly fetch manifest @vercel/go@3.4.1
34 silly packumentCache full:https://registry.npmjs.org/@vercel%2fgo cache-miss
35 silly fetch manifest @vercel/h3@0.1.48
36 silly packumentCache full:https://registry.npmjs.org/@vercel%2fh3 cache-miss
37 http fetch GET 200 https://registry.npmjs.org/esbuild 72ms (cache revalidated)
38 silly packumentCache full:https://registry.npmjs.org/esbuild set size:1242223 disposed:false
39 silly fetch manifest @vercel/fun@1.3.0
40 silly packumentCache full:https://registry.npmjs.org/@vercel%2ffun cache-miss
41 http fetch GET 200 https://registry.npmjs.org/chokidar 195ms (cache revalidated)
42 silly packumentCache full:https://registry.npmjs.org/chokidar set size:255902 disposed:false
43 silly fetch manifest @vercel/koa@0.1.22
44 silly packumentCache full:https://registry.npmjs.org/@vercel%2fkoa cache-miss
45 http fetch GET 200 https://registry.npmjs.org/jose 209ms (cache revalidated)
46 silly packumentCache full:https://registry.npmjs.org/jose set size:1390941 disposed:false
47 silly fetch manifest proxy-agent@6.4.0
48 silly packumentCache full:https://registry.npmjs.org/proxy-agent cache-miss
49 http fetch GET 200 https://registry.npmjs.org/form-data 235ms (cache revalidated)
50 silly packumentCache full:https://registry.npmjs.org/form-data set size:153646 disposed:false
51 silly fetch manifest @vercel/blob@2.3.0
52 silly packumentCache full:https://registry.npmjs.org/@vercel%2fblob cache-miss
53 http fetch GET 200 https://registry.npmjs.org/proxy-agent 59ms (cache revalidated)
54 silly packumentCache full:https://registry.npmjs.org/proxy-agent set size:70579 disposed:false
55 silly fetch manifest @vercel/hono@0.2.42
56 silly packumentCache full:https://registry.npmjs.org/@vercel%2fhono cache-miss
57 http fetch GET 200 https://registry.npmjs.org/luxon 429ms (cache revalidated)
58 silly packumentCache full:https://registry.npmjs.org/luxon set size:511002 disposed:false
59 silly fetch manifest @vercel/next@4.15.31
60 silly packumentCache full:https://registry.npmjs.org/@vercel%2fnext cache-miss
61 http fetch GET 200 https://registry.npmjs.org/@vercel%2ffun 1132ms (cache revalidated)
62 silly packumentCache full:https://registry.npmjs.org/@vercel%2ffun set size:76924 disposed:false
63 silly fetch manifest @vercel/node@5.6.6
64 silly packumentCache full:https://registry.npmjs.org/@vercel%2fnode cache-miss
65 http fetch GET 200 https://registry.npmjs.org/@vercel%2fgo 1214ms (cache revalidated)
66 silly packumentCache full:https://registry.npmjs.org/@vercel%2fgo set size:1053891 disposed:false
67 silly fetch manifest @vercel/ruby@2.3.1
68 silly packumentCache full:https://registry.npmjs.org/@vercel%2fruby cache-miss
69 http fetch GET 200 https://registry.npmjs.org/@vercel%2fkoa 1054ms (cache updated)
70 silly packumentCache full:https://registry.npmjs.org/@vercel%2fkoa set size:undefined disposed:false
71 silly fetch manifest @vercel/rust@1.0.5
72 silly packumentCache full:https://registry.npmjs.org/@vercel%2frust cache-miss
73 http fetch GET 200 https://registry.npmjs.org/@vercel%2fblob 1557ms (cache updated)
74 silly packumentCache full:https://registry.npmjs.org/@vercel%2fblob set size:undefined disposed:false
75 silly fetch manifest @vercel/elysia@0.1.39
76 silly packumentCache full:https://registry.npmjs.org/@vercel%2felysia cache-miss
77 http fetch GET 200 https://registry.npmjs.org/@vercel%2fh3 2019ms (cache updated)
78 silly packumentCache full:https://registry.npmjs.org/@vercel%2fh3 set size:undefined disposed:false
79 silly fetch manifest @vercel/nestjs@0.2.43
80 silly packumentCache full:https://registry.npmjs.org/@vercel%2fnestjs cache-miss
81 http fetch GET 200 https://registry.npmjs.org/@vercel%2fnext 1597ms (cache updated)
82 silly packumentCache full:https://registry.npmjs.org/@vercel%2fnext set size:undefined disposed:false
83 silly fetch manifest @vercel/python@6.15.1
84 silly packumentCache full:https://registry.npmjs.org/@vercel%2fpython cache-miss
85 http fetch GET 200 https://registry.npmjs.org/@vercel%2fhono 1897ms (cache updated)
86 silly packumentCache full:https://registry.npmjs.org/@vercel%2fhono set size:undefined disposed:false
87 silly fetch manifest @vercel/express@0.1.48
88 silly packumentCache full:https://registry.npmjs.org/@vercel%2fexpress cache-miss
89 http fetch GET 200 https://registry.npmjs.org/@vercel%2fruby 1381ms (cache revalidated)
90 silly packumentCache full:https://registry.npmjs.org/@vercel%2fruby set size:983335 disposed:false
91 silly fetch manifest @vercel/fastify@0.1.42
92 silly packumentCache full:https://registry.npmjs.org/@vercel%2ffastify cache-miss
93 http fetch GET 200 https://registry.npmjs.org/@vercel%2frust 1384ms (cache revalidated)
94 silly packumentCache full:https://registry.npmjs.org/@vercel%2frust set size:146924 disposed:false
95 silly fetch manifest @vercel/redwood@2.4.9
96 silly packumentCache full:https://registry.npmjs.org/@vercel%2fredwood cache-miss
97 http fetch GET 200 https://registry.npmjs.org/@vercel%2fnode 1478ms (cache updated)
98 silly packumentCache full:https://registry.npmjs.org/@vercel%2fnode set size:undefined disposed:false
99 silly fetch manifest @vercel/backends@0.0.36
100 silly packumentCache full:https://registry.npmjs.org/@vercel%2fbackends cache-miss
101 http fetch GET 200 https://registry.npmjs.org/@vercel%2fexpress 847ms (cache updated)
102 silly packumentCache full:https://registry.npmjs.org/@vercel%2fexpress set size:undefined disposed:false
103 silly fetch manifest @vercel/hydrogen@1.3.5
104 silly packumentCache full:https://registry.npmjs.org/@vercel%2fhydrogen cache-miss
105 http fetch GET 200 https://registry.npmjs.org/@vercel%2felysia 1448ms (cache updated)
106 silly packumentCache full:https://registry.npmjs.org/@vercel%2felysia set size:undefined disposed:false
107 silly fetch manifest @vercel/build-utils@13.4.3
108 silly packumentCache full:https://registry.npmjs.org/@vercel%2fbuild-utils cache-miss
109 http fetch GET 200 https://registry.npmjs.org/@vercel%2fnestjs 1515ms (cache updated)
110 silly packumentCache full:https://registry.npmjs.org/@vercel%2fnestjs set size:undefined disposed:false
111 silly fetch manifest @vercel/detect-agent@1.1.0
112 silly packumentCache full:https://registry.npmjs.org/@vercel%2fdetect-agent cache-miss
113 http fetch GET 200 https://registry.npmjs.org/@vercel%2fredwood 1471ms (cache revalidated)
114 silly packumentCache full:https://registry.npmjs.org/@vercel%2fredwood set size:969237 disposed:false
115 silly fetch manifest @vercel/static-build@2.8.40
116 silly packumentCache full:https://registry.npmjs.org/@vercel%2fstatic-build cache-miss
117 http fetch GET 200 https://registry.npmjs.org/@vercel%2fpython 2191ms (cache updated)
118 silly packumentCache full:https://registry.npmjs.org/@vercel%2fpython set size:undefined disposed:false
119 silly fetch manifest @vercel/remix-builder@5.5.10
120 silly packumentCache full:https://registry.npmjs.org/@vercel%2fremix-builder cache-miss
121 http fetch GET 200 https://registry.npmjs.org/@vercel%2fbackends 1810ms (cache updated)
122 silly packumentCache full:https://registry.npmjs.org/@vercel%2fbackends set size:undefined disposed:false
123 http fetch GET 200 https://registry.npmjs.org/@vercel%2fbuild-utils 1359ms (cache updated)
124 silly packumentCache full:https://registry.npmjs.org/@vercel%2fbuild-utils set size:undefined disposed:false
125 http fetch GET 200 https://registry.npmjs.org/@vercel%2ffastify 2041ms (cache updated)
126 silly packumentCache full:https://registry.npmjs.org/@vercel%2ffastify set size:undefined disposed:false
127 http fetch GET 200 https://registry.npmjs.org/@vercel%2fdetect-agent 1593ms (cache revalidated)
128 silly packumentCache full:https://registry.npmjs.org/@vercel%2fdetect-agent set size:32320 disposed:false
129 http fetch GET 200 https://registry.npmjs.org/@vercel%2fhydrogen 2152ms (cache revalidated)
130 silly packumentCache full:https://registry.npmjs.org/@vercel%2fhydrogen set size:399886 disposed:false
131 http fetch GET 200 https://registry.npmjs.org/@vercel%2fremix-builder 1816ms (cache revalidated)
132 silly packumentCache full:https://registry.npmjs.org/@vercel%2fremix-builder set size:326628 disposed:false
133 http fetch GET 200 https://registry.npmjs.org/@vercel%2fstatic-build 2153ms (cache updated)
134 silly packumentCache full:https://registry.npmjs.org/@vercel%2fstatic-build set size:undefined disposed:false
135 silly fetch manifest typescript@^4.0.0 || ^5.0.0
136 silly packumentCache full:https://registry.npmjs.org/typescript cache-miss
137 http fetch GET 200 https://registry.npmjs.org/typescript 257ms (cache updated)
138 silly packumentCache full:https://registry.npmjs.org/typescript set size:undefined disposed:false
139 silly placeDep ROOT @vercel/backends@0.0.36 OK for: vercel@50.22.1 want: 0.0.36
140 silly placeDep ROOT typescript@5.9.3 OK for: @vercel/backends@0.0.36 want: ^4.0.0 || ^5.0.0
141 silly placeDep ROOT @vercel/blob@2.3.0 OK for: vercel@50.22.1 want: 2.3.0
142 silly placeDep ROOT @vercel/build-utils@13.4.3 OK for: vercel@50.22.1 want: 13.4.3
143 silly placeDep ROOT @vercel/detect-agent@1.1.0 OK for: vercel@50.22.1 want: 1.1.0
144 silly placeDep ROOT @vercel/elysia@0.1.39 OK for: vercel@50.22.1 want: 0.1.39
145 silly placeDep ROOT @vercel/express@0.1.48 OK for: vercel@50.22.1 want: 0.1.48
146 silly placeDep ROOT @vercel/fastify@0.1.42 OK for: vercel@50.22.1 want: 0.1.42
147 silly placeDep ROOT @vercel/fun@1.3.0 OK for: vercel@50.22.1 want: 1.3.0
148 silly placeDep ROOT @vercel/go@3.4.1 OK for: vercel@50.22.1 want: 3.4.1
149 silly placeDep ROOT @vercel/h3@0.1.48 OK for: vercel@50.22.1 want: 0.1.48
150 silly placeDep ROOT @vercel/hono@0.2.42 OK for: vercel@50.22.1 want: 0.2.42
151 silly placeDep ROOT @vercel/hydrogen@1.3.5 OK for: vercel@50.22.1 want: 1.3.5
152 silly placeDep ROOT @vercel/koa@0.1.22 OK for: vercel@50.22.1 want: 0.1.22
153 silly placeDep ROOT @vercel/nestjs@0.2.43 OK for: vercel@50.22.1 want: 0.2.43
154 silly placeDep ROOT @vercel/next@4.15.31 OK for: vercel@50.22.1 want: 4.15.31
155 silly placeDep ROOT @vercel/node@5.6.6 OK for: vercel@50.22.1 want: 5.6.6
156 silly placeDep ROOT @vercel/python@6.15.1 OK for: vercel@50.22.1 want: 6.15.1
157 silly placeDep ROOT @vercel/redwood@2.4.9 OK for: vercel@50.22.1 want: 2.4.9
158 silly placeDep ROOT @vercel/remix-builder@5.5.10 OK for: vercel@50.22.1 want: 5.5.10
159 silly placeDep ROOT @vercel/ruby@2.3.1 OK for: vercel@50.22.1 want: 2.3.1
160 silly placeDep ROOT @vercel/rust@1.0.5 OK for: vercel@50.22.1 want: 1.0.5
161 silly placeDep ROOT @vercel/static-build@2.8.40 OK for: vercel@50.22.1 want: 2.8.40
162 silly placeDep ROOT chokidar@4.0.0 OK for: vercel@50.22.1 want: 4.0.0
163 silly placeDep ROOT esbuild@0.27.0 OK for: vercel@50.22.1 want: 0.27.0
164 silly placeDep ROOT form-data@4.0.5 OK for: vercel@50.22.1 want: ^4.0.0
165 silly placeDep ROOT jose@5.9.6 OK for: vercel@50.22.1 want: 5.9.6
166 silly placeDep ROOT luxon@3.7.2 OK for: vercel@50.22.1 want: ^3.4.0
167 silly placeDep ROOT proxy-agent@6.4.0 OK for: vercel@50.22.1 want: 6.4.0
168 silly fetch manifest tsx@4.21.0
169 silly packumentCache full:https://registry.npmjs.org/tsx cache-miss
170 silly fetch manifest zod@3.22.4
171 silly packumentCache full:https://registry.npmjs.org/zod cache-miss
172 silly fetch manifest srvx@0.8.9
173 silly packumentCache full:https://registry.npmjs.org/srvx cache-miss
174 silly fetch manifest execa@3.2.0
175 silly packumentCache full:https://registry.npmjs.org/execa cache-miss
176 silly fetch manifest fs-extra@11.1.0
177 silly packumentCache full:https://registry.npmjs.org/fs-extra cache-miss
178 silly fetch manifest rolldown@1.0.0-rc.1
179 silly packumentCache full:https://registry.npmjs.org/rolldown cache-miss
180 silly fetch manifest @vercel/nft@1.3.0
181 silly packumentCache full:https://registry.npmjs.org/@vercel%2fnft cache-miss
182 http fetch GET 200 https://registry.npmjs.org/zod 61ms (cache revalidated)
183 silly packumentCache full:https://registry.npmjs.org/zod set size:3489329 disposed:false
184 silly fetch manifest oxc-transform@0.111.0
185 silly packumentCache full:https://registry.npmjs.org/oxc-transform cache-miss
186 http fetch GET 200 https://registry.npmjs.org/execa 73ms (cache revalidated)
187 silly packumentCache full:https://registry.npmjs.org/execa set size:181234 disposed:false
188 silly fetch manifest path-to-regexp@8.3.0
189 silly packumentCache full:https://registry.npmjs.org/path-to-regexp cache-miss
190 http fetch GET 200 https://registry.npmjs.org/fs-extra 74ms (cache revalidated)
191 silly packumentCache full:https://registry.npmjs.org/fs-extra set size:230266 disposed:false
192 silly fetch manifest resolve.exports@2.0.3
193 silly packumentCache full:https://registry.npmjs.org/resolve.exports cache-miss
194 http fetch GET 200 https://registry.npmjs.org/resolve.exports 48ms (cache revalidated)
195 silly packumentCache full:https://registry.npmjs.org/resolve.exports set size:49558 disposed:false
196 silly fetch manifest async-retry@^1.3.3
197 silly packumentCache full:https://registry.npmjs.org/async-retry cache-miss
198 http fetch GET 200 https://registry.npmjs.org/path-to-regexp 50ms (cache revalidated)
199 silly packumentCache full:https://registry.npmjs.org/path-to-regexp set size:207142 disposed:false
200 silly fetch manifest is-buffer@^2.0.5
201 silly packumentCache full:https://registry.npmjs.org/is-buffer cache-miss
202 http fetch GET 200 https://registry.npmjs.org/is-buffer 66ms (cache revalidated)
203 silly packumentCache full:https://registry.npmjs.org/is-buffer set size:34803 disposed:false
204 silly fetch manifest is-node-process@^1.2.0
205 silly packumentCache full:https://registry.npmjs.org/is-node-process cache-miss
206 http fetch GET 200 https://registry.npmjs.org/async-retry 69ms (cache revalidated)
207 silly packumentCache full:https://registry.npmjs.org/async-retry set size:52084 disposed:false
208 silly fetch manifest throttleit@^2.1.0
209 silly packumentCache full:https://registry.npmjs.org/throttleit cache-miss
210 http fetch GET 200 https://registry.npmjs.org/throttleit 58ms (cache revalidated)
211 silly packumentCache full:https://registry.npmjs.org/throttleit set size:14001 disposed:false
212 silly fetch manifest undici@^6.23.0
213 silly packumentCache full:https://registry.npmjs.org/undici cache-miss
214 http fetch GET 200 https://registry.npmjs.org/tsx 361ms (cache revalidated)
215 silly packumentCache full:https://registry.npmjs.org/tsx set size:289592 disposed:false
216 silly fetch manifest @vercel/python-analysis@0.6.0
217 silly packumentCache full:https://registry.npmjs.org/@vercel%2fpython-analysis cache-miss
218 http fetch GET 200 https://registry.npmjs.org/oxc-transform 341ms (cache revalidated)
219 silly packumentCache full:https://registry.npmjs.org/oxc-transform set size:395042 disposed:false
220 silly fetch manifest @vercel/static-config@3.1.2
221 silly packumentCache full:https://registry.npmjs.org/@vercel%2fstatic-config cache-miss
222 http fetch GET 200 https://registry.npmjs.org/is-node-process 332ms (cache revalidated)
223 silly packumentCache full:https://registry.npmjs.org/is-node-process set size:12779 disposed:false
224 silly fetch manifest ts-morph@12.0.0
225 silly packumentCache full:https://registry.npmjs.org/ts-morph cache-miss
226 http fetch GET 200 https://registry.npmjs.org/rolldown 615ms (cache revalidated)
227 silly packumentCache full:https://registry.npmjs.org/rolldown set size:3610799 disposed:false
228 silly fetch manifest @vercel/nft@1.1.1
229 silly packumentCache full:https://registry.npmjs.org/@vercel%2fnft cache-miss
230 http fetch GET 200 https://registry.npmjs.org/@vercel%2fnft 640ms (cache revalidated)
231 silly packumentCache full:https://registry.npmjs.org/@vercel%2fnft set size:562472 disposed:false
232 silly fetch manifest @vercel/cervel@0.0.23
233 silly packumentCache full:https://registry.npmjs.org/@vercel%2fcervel cache-miss
234 http fetch GET 200 https://registry.npmjs.org/@vercel%2fnft 89ms (cache revalidated)
235 silly packumentCache full:https://registry.npmjs.org/@vercel%2fnft set size:562472 disposed:false
236 silly packumentCache full:https://registry.npmjs.org/@vercel%2fnft dispose
237 silly fetch manifest @vercel/static-config@3.1.2
238 silly packumentCache full:https://registry.npmjs.org/@vercel%2fstatic-config cache-miss
239 http fetch GET 200 https://registry.npmjs.org/srvx 926ms (cache revalidated)
240 silly packumentCache full:https://registry.npmjs.org/srvx set size:213968 disposed:false
241 silly fetch manifest @vercel/static-config@3.1.2
242 silly packumentCache full:https://registry.npmjs.org/@vercel%2fstatic-config cache-miss
243 http fetch GET 200 https://registry.npmjs.org/ts-morph 764ms (cache revalidated)
244 silly packumentCache full:https://registry.npmjs.org/ts-morph set size:536115 disposed:false
245 silly fetch manifest @tootallnate/once@2.0.0
246 silly packumentCache full:https://registry.npmjs.org/@tootallnate%2fonce cache-miss
247 http fetch GET 200 https://registry.npmjs.org/undici 1048ms (cache revalidated)
248 silly packumentCache full:https://registry.npmjs.org/undici set size:1271191 disposed:false
249 silly fetch manifest async-listen@1.2.0
250 silly packumentCache full:https://registry.npmjs.org/async-listen cache-miss
251 http fetch GET 200 https://registry.npmjs.org/@tootallnate%2fonce 369ms (cache revalidated)
252 silly packumentCache full:https://registry.npmjs.org/@tootallnate%2fonce set size:22363 disposed:false
253 silly fetch manifest debug@4.3.4
254 silly packumentCache full:https://registry.npmjs.org/debug cache-miss
255 http fetch GET 200 https://registry.npmjs.org/debug 65ms (cache revalidated)
256 silly packumentCache full:https://registry.npmjs.org/debug set size:195840 disposed:false
257 silly fetch manifest generic-pool@3.4.2
258 silly packumentCache full:https://registry.npmjs.org/generic-pool cache-miss
259 http fetch GET 200 https://registry.npmjs.org/@vercel%2fpython-analysis 1480ms (cache updated)
260 silly packumentCache full:https://registry.npmjs.org/@vercel%2fpython-analysis set size:undefined disposed:false
261 silly fetch manifest micro@9.3.5-canary.3
262 silly packumentCache full:https://registry.npmjs.org/micro cache-miss
263 http fetch GET 200 https://registry.npmjs.org/async-listen 671ms (cache revalidated)
264 silly packumentCache full:https://registry.npmjs.org/async-listen set size:27933 disposed:false
265 silly fetch manifest ms@2.1.1
266 silly packumentCache full:https://registry.npmjs.org/ms cache-miss
267 http fetch GET 200 https://registry.npmjs.org/ms 59ms (cache revalidated)
268 silly packumentCache full:https://registry.npmjs.org/ms set size:92208 disposed:false
269 silly fetch manifest node-fetch@2.6.7
270 silly packumentCache full:https://registry.npmjs.org/node-fetch cache-miss
271 http fetch GET 200 https://registry.npmjs.org/node-fetch 58ms (cache revalidated)
272 silly packumentCache full:https://registry.npmjs.org/node-fetch set size:896010 disposed:false
273 silly fetch manifest path-to-regexp@8.2.0
274 silly packumentCache full:https://registry.npmjs.org/path-to-regexp cache-hit
275 silly fetch manifest promisepipe@3.0.0
276 silly packumentCache full:https://registry.npmjs.org/promisepipe cache-miss
277 http fetch GET 200 https://registry.npmjs.org/micro 366ms (cache revalidated)
278 silly packumentCache full:https://registry.npmjs.org/micro set size:214765 disposed:false
279 silly fetch manifest semver@7.5.4
280 silly packumentCache full:https://registry.npmjs.org/semver cache-miss
281 http fetch GET 200 https://registry.npmjs.org/semver 57ms (cache revalidated)
282 silly packumentCache full:https://registry.npmjs.org/semver set size:229678 disposed:false
283 silly fetch manifest stat-mode@0.3.0
284 silly packumentCache full:https://registry.npmjs.org/stat-mode cache-miss
285 http fetch GET 200 https://registry.npmjs.org/stat-mode 386ms (cache revalidated)
286 silly packumentCache full:https://registry.npmjs.org/stat-mode set size:18239 disposed:false
287 silly fetch manifest stream-to-promise@2.2.0
288 silly packumentCache full:https://registry.npmjs.org/stream-to-promise cache-miss
289 http fetch GET 200 https://registry.npmjs.org/generic-pool 925ms (cache revalidated)
290 silly packumentCache full:https://registry.npmjs.org/generic-pool set size:193866 disposed:false
291 silly fetch manifest tar@7.5.7
292 silly packumentCache full:https://registry.npmjs.org/tar cache-miss
293 http fetch GET 200 https://registry.npmjs.org/@vercel%2fstatic-config 1737ms (cache revalidated)
294 silly packumentCache full:https://registry.npmjs.org/@vercel%2fstatic-config set size:183132 disposed:false
295 silly fetch manifest tinyexec@0.3.2
296 silly packumentCache full:https://registry.npmjs.org/tinyexec cache-miss
297 http fetch GET 200 https://registry.npmjs.org/@vercel%2fstatic-config 1962ms (cache revalidated)
298 silly packumentCache full:https://registry.npmjs.org/@vercel%2fstatic-config set size:183132 disposed:false
299 silly packumentCache full:https://registry.npmjs.org/@vercel%2fstatic-config dispose
300 silly fetch manifest tree-kill@1.2.2
301 silly packumentCache full:https://registry.npmjs.org/tree-kill cache-miss
302 http fetch GET 200 https://registry.npmjs.org/@vercel%2fstatic-config 2286ms (cache revalidated)
303 silly packumentCache full:https://registry.npmjs.org/@vercel%2fstatic-config set size:183132 disposed:true
304 silly packumentCache full:https://registry.npmjs.org/@vercel%2fstatic-config dispose
305 silly fetch manifest uid-promise@1.0.0
306 silly packumentCache full:https://registry.npmjs.org/uid-promise cache-miss
307 http fetch GET 200 https://registry.npmjs.org/@vercel%2fcervel 2080ms (cache updated)
308 silly packumentCache full:https://registry.npmjs.org/@vercel%2fcervel set size:undefined disposed:false
309 silly fetch manifest xdg-app-paths@5.1.0
310 silly packumentCache full:https://registry.npmjs.org/xdg-app-paths cache-miss
311 http fetch GET 200 https://registry.npmjs.org/tinyexec 64ms (cache revalidated)
312 silly packumentCache full:https://registry.npmjs.org/tinyexec set size:38584 disposed:false
313 silly fetch manifest yauzl-promise@2.1.3
314 silly packumentCache full:https://registry.npmjs.org/yauzl-promise cache-miss
315 http fetch GET 200 https://registry.npmjs.org/tar 80ms (cache revalidated)
316 silly packumentCache full:https://registry.npmjs.org/tar set size:501367 disposed:false
317 silly fetch manifest etag@1.8.1
318 silly packumentCache full:https://registry.npmjs.org/etag cache-miss
319 http fetch GET 200 https://registry.npmjs.org/tree-kill 92ms (cache revalidated)
320 silly packumentCache full:https://registry.npmjs.org/tree-kill set size:24180 disposed:false
321 silly fetch manifest undici@5.28.4
322 silly packumentCache full:https://registry.npmjs.org/undici cache-miss
323 http cache https://registry.npmjs.org/undici 5ms (cache hit)
324 silly packumentCache full:https://registry.npmjs.org/undici set size:1271191 disposed:false
325 silly fetch manifest mime-types@2.1.35
326 silly packumentCache full:https://registry.npmjs.org/mime-types cache-miss
327 http fetch GET 200 https://registry.npmjs.org/etag 61ms (cache revalidated)
328 silly packumentCache full:https://registry.npmjs.org/etag set size:30032 disposed:false
329 silly fetch manifest node-fetch@2.6.9
330 silly packumentCache full:https://registry.npmjs.org/node-fetch cache-hit
331 silly fetch manifest @types/node@20.11.0
332 silly packumentCache full:https://registry.npmjs.org/@types%2fnode cache-miss
333 http fetch GET 200 https://registry.npmjs.org/mime-types 57ms (cache revalidated)
334 silly packumentCache full:https://registry.npmjs.org/mime-types set size:139110 disposed:false
335 silly fetch manifest async-listen@3.0.0
336 silly packumentCache full:https://registry.npmjs.org/async-listen cache-hit
337 silly fetch manifest edge-runtime@2.5.9
338 silly packumentCache full:https://registry.npmjs.org/edge-runtime cache-miss
339 http fetch GET 200 https://registry.npmjs.org/@types%2fnode 89ms (cache revalidated)
340 silly packumentCache full:https://registry.npmjs.org/@types%2fnode set size:10864169 disposed:false
341 silly fetch manifest path-to-regexp@6.1.0
342 silly packumentCache full:https://registry.npmjs.org/path-to-regexp cache-hit
343 silly fetch manifest es-module-lexer@1.4.1
344 silly packumentCache full:https://registry.npmjs.org/es-module-lexer cache-miss
345 http fetch GET 200 https://registry.npmjs.org/es-module-lexer 67ms (cache revalidated)
346 silly packumentCache full:https://registry.npmjs.org/es-module-lexer set size:203341 disposed:false
347 silly fetch manifest @edge-runtime/vm@3.2.0
348 silly packumentCache full:https://registry.npmjs.org/@edge-runtime%2fvm cache-miss
349 http fetch GET 200 https://registry.npmjs.org/stream-to-promise 373ms (cache revalidated)
350 silly packumentCache full:https://registry.npmjs.org/stream-to-promise set size:30860 disposed:false
351 silly fetch manifest cjs-module-lexer@1.2.3
352 silly packumentCache full:https://registry.npmjs.org/cjs-module-lexer cache-miss
353 http fetch GET 200 https://registry.npmjs.org/promisepipe 937ms (cache revalidated)
354 silly packumentCache full:https://registry.npmjs.org/promisepipe set size:15681 disposed:false
355 silly fetch manifest @vercel/error-utils@2.0.3
356 silly packumentCache full:https://registry.npmjs.org/@vercel%2ferror-utils cache-miss
357 http fetch GET 200 https://registry.npmjs.org/cjs-module-lexer 60ms (cache revalidated)
358 silly packumentCache full:https://registry.npmjs.org/cjs-module-lexer set size:147092 disposed:false
359 silly fetch manifest path-to-regexp-updated@npm:path-to-regexp@6.3.0
360 silly packumentCache full:https://registry.npmjs.org/path-to-regexp cache-hit
361 silly fetch manifest @edge-runtime/node-utils@2.3.0
362 silly packumentCache full:https://registry.npmjs.org/@edge-runtime%2fnode-utils cache-miss
363 http fetch GET 200 https://registry.npmjs.org/uid-promise 915ms (cache revalidated)
364 silly packumentCache full:https://registry.npmjs.org/uid-promise set size:28629 disposed:false
365 silly fetch manifest @edge-runtime/primitives@4.1.0
366 silly packumentCache full:https://registry.npmjs.org/@edge-runtime%2fprimitives cache-miss
367 http fetch GET 200 https://registry.npmjs.org/yauzl-promise 886ms (cache revalidated)
368 silly packumentCache full:https://registry.npmjs.org/yauzl-promise set size:50300 disposed:false
369 silly fetch manifest semver@6.3.1
370 silly packumentCache full:https://registry.npmjs.org/semver cache-hit
371 silly fetch manifest @vercel/error-utils@2.0.3
372 silly packumentCache full:https://registry.npmjs.org/@vercel%2ferror-utils cache-miss
373 http fetch GET 200 https://registry.npmjs.org/xdg-app-paths 903ms (cache revalidated)
374 silly packumentCache full:https://registry.npmjs.org/xdg-app-paths set size:295911 disposed:false
375 silly fetch manifest execa@5
376 silly packumentCache full:https://registry.npmjs.org/execa cache-hit
377 silly fetch manifest @iarna/toml@^2.2.5
378 silly packumentCache full:https://registry.npmjs.org/@iarna%2ftoml cache-miss
379 http fetch GET 200 https://registry.npmjs.org/edge-runtime 839ms (cache revalidated)
380 silly packumentCache full:https://registry.npmjs.org/edge-runtime set size:342321 disposed:false
381 silly fetch manifest @vercel/gatsby-plugin-vercel-builder@2.0.138
382 silly packumentCache full:https://registry.npmjs.org/@vercel%2fgatsby-plugin-vercel-builder cache-miss
383 http fetch GET 200 https://registry.npmjs.org/@edge-runtime%2fvm 1247ms (cache revalidated)
384 silly packumentCache full:https://registry.npmjs.org/@edge-runtime%2fvm set size:269934 disposed:false
385 silly fetch manifest @vercel/gatsby-plugin-vercel-analytics@1.0.11
386 silly packumentCache full:https://registry.npmjs.org/@vercel%2fgatsby-plugin-vercel-analytics cache-miss
387 http fetch GET 200 https://registry.npmjs.org/@iarna%2ftoml 899ms (cache revalidated)
388 silly packumentCache full:https://registry.npmjs.org/@iarna%2ftoml set size:102266 disposed:false
389 silly fetch manifest readdirp@^4.0.1
390 silly packumentCache full:https://registry.npmjs.org/readdirp cache-miss
391 http fetch GET 200 https://registry.npmjs.org/readdirp 60ms (cache revalidated)
392 silly packumentCache full:https://registry.npmjs.org/readdirp set size:107589 disposed:false
393 silly fetch manifest @esbuild/aix-ppc64@0.27.0
394 silly packumentCache full:https://registry.npmjs.org/@esbuild%2faix-ppc64 cache-miss
395 http fetch GET 200 https://registry.npmjs.org/@vercel%2ferror-utils 1020ms (cache revalidated)
396 silly packumentCache full:https://registry.npmjs.org/@vercel%2ferror-utils set size:43669 disposed:false
397 silly fetch manifest @esbuild/linux-arm@0.27.0
398 silly packumentCache full:https://registry.npmjs.org/@esbuild%2flinux-arm cache-miss
399 http fetch GET 200 https://registry.npmjs.org/@vercel%2ferror-utils 1596ms (cache revalidated)
400 silly packumentCache full:https://registry.npmjs.org/@vercel%2ferror-utils set size:43669 disposed:false
401 silly packumentCache full:https://registry.npmjs.org/@vercel%2ferror-utils dispose
402 silly fetch manifest @esbuild/linux-x64@0.27.0
403 silly packumentCache full:https://registry.npmjs.org/@esbuild%2flinux-x64 cache-miss
404 http fetch GET 200 https://registry.npmjs.org/@esbuild%2faix-ppc64 64ms (cache revalidated)
405 silly packumentCache full:https://registry.npmjs.org/@esbuild%2faix-ppc64 set size:56029 disposed:false
406 silly fetch manifest @esbuild/sunos-x64@0.27.0
407 silly packumentCache full:https://registry.npmjs.org/@esbuild%2fsunos-x64 cache-miss
408 http fetch GET 200 https://registry.npmjs.org/@edge-runtime%2fnode-utils 1680ms (cache revalidated)
409 silly packumentCache full:https://registry.npmjs.org/@edge-runtime%2fnode-utils set size:45504 disposed:false
410 silly fetch manifest @esbuild/win32-x64@0.27.0
411 silly packumentCache full:https://registry.npmjs.org/@esbuild%2fwin32-x64 cache-miss
412 http fetch GET 200 https://registry.npmjs.org/@esbuild%2fwin32-x64 272ms (cache revalidated)
413 silly packumentCache full:https://registry.npmjs.org/@esbuild%2fwin32-x64 set size:187476 disposed:false
414 silly fetch manifest @esbuild/darwin-x64@0.27.0
415 silly packumentCache full:https://registry.npmjs.org/@esbuild%2fdarwin-x64 cache-miss
416 http fetch GET 200 https://registry.npmjs.org/@edge-runtime%2fprimitives 1442ms (cache revalidated)
417 silly packumentCache full:https://registry.npmjs.org/@edge-runtime%2fprimitives set size:307646 disposed:false
418 silly fetch manifest @esbuild/linux-ia32@0.27.0
419 silly packumentCache full:https://registry.npmjs.org/@esbuild%2flinux-ia32 cache-miss
420 http fetch GET 200 https://registry.npmjs.org/@esbuild%2flinux-x64 483ms (cache revalidated)
421 silly packumentCache full:https://registry.npmjs.org/@esbuild%2flinux-x64 set size:187244 disposed:false
422 silly fetch manifest @esbuild/netbsd-x64@0.27.0
423 silly packumentCache full:https://registry.npmjs.org/@esbuild%2fnetbsd-x64 cache-miss
424 http fetch GET 200 https://registry.npmjs.org/@vercel%2fgatsby-plugin-vercel-builder 1458ms (cache updated)
425 silly packumentCache full:https://registry.npmjs.org/@vercel%2fgatsby-plugin-vercel-builder set size:undefined disposed:false
426 silly fetch manifest @esbuild/win32-ia32@0.27.0
427 silly packumentCache full:https://registry.npmjs.org/@esbuild%2fwin32-ia32 cache-miss
428 http fetch GET 200 https://registry.npmjs.org/@esbuild%2flinux-arm 627ms (cache revalidated)
429 silly packumentCache full:https://registry.npmjs.org/@esbuild%2flinux-arm set size:186917 disposed:false
430 silly fetch manifest @esbuild/android-arm@0.27.0
431 silly packumentCache full:https://registry.npmjs.org/@esbuild%2fandroid-arm cache-miss
432 http fetch GET 200 https://registry.npmjs.org/@vercel%2fgatsby-plugin-vercel-analytics 1030ms (cache revalidated)
433 silly packumentCache full:https://registry.npmjs.org/@vercel%2fgatsby-plugin-vercel-analytics set size:43718 disposed:false
434 silly fetch manifest @esbuild/android-x64@0.27.0
435 silly packumentCache full:https://registry.npmjs.org/@esbuild%2fandroid-x64 cache-miss
436 http fetch GET 200 https://registry.npmjs.org/@esbuild%2fdarwin-x64 344ms (cache revalidated)
437 silly packumentCache full:https://registry.npmjs.org/@esbuild%2fdarwin-x64 set size:187924 disposed:false
438 silly fetch manifest @esbuild/freebsd-x64@0.27.0
439 silly packumentCache full:https://registry.npmjs.org/@esbuild%2ffreebsd-x64 cache-miss
440 http fetch GET 200 https://registry.npmjs.org/@esbuild%2fsunos-x64 850ms (cache revalidated)
441 silly packumentCache full:https://registry.npmjs.org/@esbuild%2fsunos-x64 set size:187474 disposed:false
442 silly fetch manifest @esbuild/linux-arm64@0.27.0
443 silly packumentCache full:https://registry.npmjs.org/@esbuild%2flinux-arm64 cache-miss
444 http fetch GET 200 https://registry.npmjs.org/@esbuild%2fwin32-ia32 365ms (cache revalidated)
445 silly packumentCache full:https://registry.npmjs.org/@esbuild%2fwin32-ia32 set size:188094 disposed:false
446 silly fetch manifest @esbuild/linux-ppc64@0.27.0
447 silly packumentCache full:https://registry.npmjs.org/@esbuild%2flinux-ppc64 cache-miss
448 http fetch GET 200 https://registry.npmjs.org/@esbuild%2fandroid-arm 257ms (cache revalidated)
449 silly packumentCache full:https://registry.npmjs.org/@esbuild%2fandroid-arm set size:213504 disposed:false
450 silly fetch manifest @esbuild/linux-s390x@0.27.0
451 silly packumentCache full:https://registry.npmjs.org/@esbuild%2flinux-s390x cache-miss
452 http fetch GET 200 https://registry.npmjs.org/@esbuild%2flinux-s390x 368ms (cache revalidated)
453 silly packumentCache full:https://registry.npmjs.org/@esbuild%2flinux-s390x set size:190391 disposed:false
454 silly fetch manifest @esbuild/openbsd-x64@0.27.0
455 silly packumentCache full:https://registry.npmjs.org/@esbuild%2fopenbsd-x64 cache-miss
456 http fetch GET 200 https://registry.npmjs.org/@esbuild%2flinux-ia32 840ms (cache revalidated)
457 silly packumentCache full:https://registry.npmjs.org/@esbuild%2flinux-ia32 set size:187877 disposed:false
458 silly fetch manifest @esbuild/win32-arm64@0.27.0
459 silly packumentCache full:https://registry.npmjs.org/@esbuild%2fwin32-arm64 cache-miss
460 http fetch GET 200 https://registry.npmjs.org/@esbuild%2flinux-ppc64 380ms (cache revalidated)
461 silly packumentCache full:https://registry.npmjs.org/@esbuild%2flinux-ppc64 set size:190895 disposed:false
462 silly fetch manifest @esbuild/darwin-arm64@0.27.0
463 silly packumentCache full:https://registry.npmjs.org/@esbuild%2fdarwin-arm64 cache-miss
464 http fetch GET 200 https://registry.npmjs.org/@esbuild%2ffreebsd-x64 511ms (cache revalidated)
465 silly packumentCache full:https://registry.npmjs.org/@esbuild%2ffreebsd-x64 set size:188756 disposed:false
466 silly fetch manifest @esbuild/netbsd-arm64@0.27.0
467 silly packumentCache full:https://registry.npmjs.org/@esbuild%2fnetbsd-arm64 cache-miss
468 http fetch GET 200 https://registry.npmjs.org/@esbuild%2fnetbsd-x64 889ms (cache revalidated)
469 silly packumentCache full:https://registry.npmjs.org/@esbuild%2fnetbsd-x64 set size:185730 disposed:false
470 silly fetch manifest @esbuild/android-arm64@0.27.0
471 silly packumentCache full:https://registry.npmjs.org/@esbuild%2fandroid-arm64 cache-miss
472 http fetch GET 200 https://registry.npmjs.org/@esbuild%2flinux-arm64 716ms (cache revalidated)
473 silly packumentCache full:https://registry.npmjs.org/@esbuild%2flinux-arm64 set size:188948 disposed:false
474 silly fetch manifest @esbuild/freebsd-arm64@0.27.0
475 silly packumentCache full:https://registry.npmjs.org/@esbuild%2ffreebsd-arm64 cache-miss
476 http fetch GET 200 https://registry.npmjs.org/@esbuild%2fnetbsd-arm64 349ms (cache revalidated)
477 silly packumentCache full:https://registry.npmjs.org/@esbuild%2fnetbsd-arm64 set size:32428 disposed:false
478 silly fetch manifest @esbuild/linux-loong64@0.27.0
479 silly packumentCache full:https://registry.npmjs.org/@esbuild%2flinux-loong64 cache-miss
480 http fetch GET 200 https://registry.npmjs.org/@esbuild%2fdarwin-arm64 364ms (cache revalidated)
481 silly packumentCache full:https://registry.npmjs.org/@esbuild%2fdarwin-arm64 set size:189596 disposed:false
482 silly fetch manifest @esbuild/linux-riscv64@0.27.0
483 silly packumentCache full:https://registry.npmjs.org/@esbuild%2flinux-riscv64 cache-miss
484 http fetch GET 200 https://registry.npmjs.org/@esbuild%2fandroid-x64 1149ms (cache revalidated)
485 silly packumentCache full:https://registry.npmjs.org/@esbuild%2fandroid-x64 set size:187307 disposed:false
486 silly fetch manifest @esbuild/openbsd-arm64@0.27.0
487 silly packumentCache full:https://registry.npmjs.org/@esbuild%2fopenbsd-arm64 cache-miss
488 http fetch GET 200 https://registry.npmjs.org/@esbuild%2flinux-riscv64 266ms (cache revalidated)
489 silly packumentCache full:https://registry.npmjs.org/@esbuild%2flinux-riscv64 set size:190569 disposed:false
490 silly fetch manifest @esbuild/linux-mips64el@0.27.0
491 silly packumentCache full:https://registry.npmjs.org/@esbuild%2flinux-mips64el cache-miss
492 http fetch GET 200 https://registry.npmjs.org/@esbuild%2ffreebsd-arm64 345ms (cache revalidated)
493 silly packumentCache full:https://registry.npmjs.org/@esbuild%2ffreebsd-arm64 set size:190447 disposed:false
494 silly fetch manifest @esbuild/openharmony-arm64@0.27.0
495 silly packumentCache full:https://registry.npmjs.org/@esbuild%2fopenharmony-arm64 cache-miss
496 http fetch GET 200 https://registry.npmjs.org/@esbuild%2fopenbsd-arm64 274ms (cache revalidated)
497 silly packumentCache full:https://registry.npmjs.org/@esbuild%2fopenbsd-arm64 set size:37704 disposed:false
498 silly fetch manifest asynckit@^0.4.0
499 silly packumentCache full:https://registry.npmjs.org/asynckit cache-miss
500 http fetch GET 200 https://registry.npmjs.org/@esbuild%2flinux-loong64 499ms (cache revalidated)
501 silly packumentCache full:https://registry.npmjs.org/@esbuild%2flinux-loong64 set size:243782 disposed:false
502 silly fetch manifest combined-stream@^1.0.8
503 silly packumentCache full:https://registry.npmjs.org/combined-stream cache-miss
504 http fetch GET 200 https://registry.npmjs.org/asynckit 58ms (cache revalidated)
505 silly packumentCache full:https://registry.npmjs.org/asynckit set size:18932 disposed:false
506 silly fetch manifest es-set-tostringtag@^2.1.0
507 silly packumentCache full:https://registry.npmjs.org/es-set-tostringtag cache-miss
508 http fetch GET 200 https://registry.npmjs.org/combined-stream 54ms (cache revalidated)
509 silly packumentCache full:https://registry.npmjs.org/combined-stream set size:40337 disposed:false
510 silly fetch manifest hasown@^2.0.2
511 silly packumentCache full:https://registry.npmjs.org/hasown cache-miss
512 http fetch GET 200 https://registry.npmjs.org/es-set-tostringtag 56ms (cache revalidated)
513 silly packumentCache full:https://registry.npmjs.org/es-set-tostringtag set size:22094 disposed:false
514 silly fetch manifest mime-types@^2.1.12
515 silly packumentCache full:https://registry.npmjs.org/mime-types cache-hit
516 silly fetch manifest debug@^4.3.4
517 silly packumentCache full:https://registry.npmjs.org/debug cache-hit
518 silly fetch manifest lru-cache@^7.14.1
519 silly packumentCache full:https://registry.npmjs.org/lru-cache cache-miss
520 http fetch GET 200 https://registry.npmjs.org/hasown 65ms (cache revalidated)
521 silly packumentCache full:https://registry.npmjs.org/hasown set size:12476 disposed:false
522 silly fetch manifest agent-base@^7.0.2
523 silly packumentCache full:https://registry.npmjs.org/agent-base cache-miss
524 http fetch GET 200 https://registry.npmjs.org/@esbuild%2flinux-mips64el 349ms (cache revalidated)
525 silly packumentCache full:https://registry.npmjs.org/@esbuild%2flinux-mips64el set size:192558 disposed:false
526 silly fetch manifest proxy-from-env@^1.1.0
527 silly packumentCache full:https://registry.npmjs.org/proxy-from-env cache-miss
528 http fetch GET 200 https://registry.npmjs.org/lru-cache 61ms (cache revalidated)
529 silly packumentCache full:https://registry.npmjs.org/lru-cache set size:413591 disposed:false
530 silly fetch manifest pac-proxy-agent@^7.0.1
531 silly packumentCache full:https://registry.npmjs.org/pac-proxy-agent cache-miss
532 http fetch GET 200 https://registry.npmjs.org/agent-base 65ms (cache revalidated)
533 silly packumentCache full:https://registry.npmjs.org/agent-base set size:67460 disposed:false
534 silly fetch manifest http-proxy-agent@^7.0.1
535 silly packumentCache full:https://registry.npmjs.org/http-proxy-agent cache-miss
536 http fetch GET 200 https://registry.npmjs.org/pac-proxy-agent 52ms (cache revalidated)
537 silly packumentCache full:https://registry.npmjs.org/pac-proxy-agent set size:59229 disposed:false
538 silly fetch manifest https-proxy-agent@^7.0.3
539 silly packumentCache full:https://registry.npmjs.org/https-proxy-agent cache-miss
540 http fetch GET 200 https://registry.npmjs.org/@esbuild%2fwin32-arm64 1078ms (cache revalidated)
541 silly packumentCache full:https://registry.npmjs.org/@esbuild%2fwin32-arm64 set size:189169 disposed:false
542 silly fetch manifest socks-proxy-agent@^8.0.2
543 silly packumentCache full:https://registry.npmjs.org/socks-proxy-agent cache-miss
544 http fetch GET 200 https://registry.npmjs.org/@esbuild%2fopenharmony-arm64 415ms (cache revalidated)
545 silly packumentCache full:https://registry.npmjs.org/@esbuild%2fopenharmony-arm64 set size:21007 disposed:false
546 http fetch GET 200 https://registry.npmjs.org/http-proxy-agent 60ms (cache revalidated)
547 silly packumentCache full:https://registry.npmjs.org/http-proxy-agent set size:50096 disposed:false
548 http fetch GET 200 https://registry.npmjs.org/https-proxy-agent 55ms (cache revalidated)
549 silly packumentCache full:https://registry.npmjs.org/https-proxy-agent set size:76241 disposed:false
550 http fetch GET 200 https://registry.npmjs.org/socks-proxy-agent 50ms (cache revalidated)
551 silly packumentCache full:https://registry.npmjs.org/socks-proxy-agent set size:96838 disposed:false
552 http fetch GET 200 https://registry.npmjs.org/proxy-from-env 542ms (cache revalidated)
553 silly packumentCache full:https://registry.npmjs.org/proxy-from-env set size:18911 disposed:false
554 http fetch GET 200 https://registry.npmjs.org/@esbuild%2fandroid-arm64 1415ms (cache revalidated)
555 silly packumentCache full:https://registry.npmjs.org/@esbuild%2fandroid-arm64 set size:192279 disposed:false
556 http fetch GET 200 https://registry.npmjs.org/@esbuild%2fopenbsd-x64 1558ms (cache revalidated)
557 silly packumentCache full:https://registry.npmjs.org/@esbuild%2fopenbsd-x64 set size:188762 disposed:false
558 silly placeDep ROOT @vercel/nft@1.3.0 OK for: @vercel/backends@0.0.36 want: 1.3.0
559 silly placeDep ROOT execa@3.2.0 OK for: @vercel/backends@0.0.36 want: 3.2.0
560 silly placeDep ROOT fs-extra@11.1.0 OK for: @vercel/backends@0.0.36 want: 11.1.0
561 silly placeDep ROOT oxc-transform@0.111.0 OK for: @vercel/backends@0.0.36 want: 0.111.0
562 silly placeDep ROOT path-to-regexp@8.3.0 OK for: @vercel/backends@0.0.36 want: 8.3.0
563 silly placeDep ROOT resolve.exports@2.0.3 OK for: @vercel/backends@0.0.36 want: 2.0.3
564 silly placeDep ROOT rolldown@1.0.0-rc.1 OK for: @vercel/backends@0.0.36 want: 1.0.0-rc.1
565 silly placeDep ROOT srvx@0.8.9 OK for: @vercel/backends@0.0.36 want: 0.8.9
566 silly placeDep ROOT tsx@4.21.0 OK for: @vercel/backends@0.0.36 want: 4.21.0
567 silly placeDep ROOT zod@3.22.4 OK for: @vercel/backends@0.0.36 want: 3.22.4
568 silly fetch manifest glob@^13.0.0
569 silly packumentCache full:https://registry.npmjs.org/glob cache-miss
570 silly fetch manifest acorn@^8.6.0
571 silly packumentCache full:https://registry.npmjs.org/acorn cache-miss
572 silly fetch manifest bindings@^1.4.0
573 silly packumentCache full:https://registry.npmjs.org/bindings cache-miss
574 silly fetch manifest picomatch@^4.0.2
575 silly packumentCache full:https://registry.npmjs.org/picomatch cache-miss
576 silly fetch manifest async-sema@^3.1.1
577 silly packumentCache full:https://registry.npmjs.org/async-sema cache-miss
578 silly fetch manifest graceful-fs@^4.2.9
579 silly packumentCache full:https://registry.npmjs.org/graceful-fs cache-miss
580 silly fetch manifest resolve-from@^5.0.0
581 silly packumentCache full:https://registry.npmjs.org/resolve-from cache-miss
582 http fetch GET 200 https://registry.npmjs.org/graceful-fs 73ms (cache revalidated)
583 silly packumentCache full:https://registry.npmjs.org/graceful-fs set size:124285 disposed:false
584 silly fetch manifest estree-walker@2.0.2
585 silly packumentCache full:https://registry.npmjs.org/estree-walker cache-miss
586 http fetch GET 200 https://registry.npmjs.org/resolve-from 80ms (cache revalidated)
587 silly packumentCache full:https://registry.npmjs.org/resolve-from set size:12911 disposed:false
588 silly fetch manifest node-gyp-build@^4.2.2
589 silly packumentCache full:https://registry.npmjs.org/node-gyp-build cache-miss
590 http fetch GET 200 https://registry.npmjs.org/picomatch 81ms (cache revalidated)
591 silly packumentCache full:https://registry.npmjs.org/picomatch set size:118818 disposed:false
592 silly fetch manifest @rollup/pluginutils@^5.1.3
593 silly packumentCache full:https://registry.npmjs.org/@rollup%2fpluginutils cache-miss
594 http fetch GET 200 https://registry.npmjs.org/acorn 82ms (cache revalidated)
595 silly packumentCache full:https://registry.npmjs.org/acorn set size:379626 disposed:false
596 silly fetch manifest @mapbox/node-pre-gyp@^2.0.0
597 silly packumentCache full:https://registry.npmjs.org/@mapbox%2fnode-pre-gyp cache-miss
598 http fetch GET 200 https://registry.npmjs.org/glob 130ms (cache updated)
599 silly packumentCache full:https://registry.npmjs.org/glob set size:undefined disposed:false
600 silly fetch manifest acorn-import-attributes@^1.9.5
601 silly packumentCache full:https://registry.npmjs.org/acorn-import-attributes cache-miss
602 http fetch GET 200 https://registry.npmjs.org/estree-walker 60ms (cache revalidated)
603 silly packumentCache full:https://registry.npmjs.org/estree-walker set size:60887 disposed:false
604 silly fetch manifest onetime@^5.1.0
605 silly packumentCache full:https://registry.npmjs.org/onetime cache-miss
606 http fetch GET 200 https://registry.npmjs.org/onetime 46ms (cache revalidated)
607 silly packumentCache full:https://registry.npmjs.org/onetime set size:32314 disposed:false
608 silly fetch manifest is-stream@^2.0.0
609 silly packumentCache full:https://registry.npmjs.org/is-stream cache-miss
610 http fetch GET 200 https://registry.npmjs.org/is-stream 55ms (cache revalidated)
611 silly packumentCache full:https://registry.npmjs.org/is-stream set size:18582 disposed:false
612 silly fetch manifest p-finally@^2.0.0
613 silly packumentCache full:https://registry.npmjs.org/p-finally cache-miss
614 http fetch GET 200 https://registry.npmjs.org/p-finally 58ms (cache revalidated)
615 silly packumentCache full:https://registry.npmjs.org/p-finally set size:11668 disposed:false
616 silly fetch manifest get-stream@^5.0.0
617 silly packumentCache full:https://registry.npmjs.org/get-stream cache-miss
618 http fetch GET 200 https://registry.npmjs.org/get-stream 57ms (cache revalidated)
619 silly packumentCache full:https://registry.npmjs.org/get-stream set size:57536 disposed:false
620 silly fetch manifest cross-spawn@^7.0.0
621 silly packumentCache full:https://registry.npmjs.org/cross-spawn cache-miss
622 http fetch GET 200 https://registry.npmjs.org/bindings 358ms (cache revalidated)
623 silly packumentCache full:https://registry.npmjs.org/bindings set size:31303 disposed:false
624 silly fetch manifest signal-exit@^3.0.2
625 silly packumentCache full:https://registry.npmjs.org/signal-exit cache-miss
626 http fetch GET 200 https://registry.npmjs.org/node-gyp-build 328ms (cache revalidated)
627 silly packumentCache full:https://registry.npmjs.org/node-gyp-build set size:84545 disposed:false
628 silly fetch manifest merge-stream@^2.0.0
629 silly packumentCache full:https://registry.npmjs.org/merge-stream cache-miss
630 http fetch GET 200 https://registry.npmjs.org/signal-exit 58ms (cache revalidated)
631 silly packumentCache full:https://registry.npmjs.org/signal-exit set size:53489 disposed:false
632 silly fetch manifest npm-run-path@^4.0.0
633 silly packumentCache full:https://registry.npmjs.org/npm-run-path cache-miss
634 http fetch GET 200 https://registry.npmjs.org/cross-spawn 68ms (cache revalidated)
635 silly packumentCache full:https://registry.npmjs.org/cross-spawn set size:109066 disposed:false
636 silly fetch manifest human-signals@^1.1.1
637 silly packumentCache full:https://registry.npmjs.org/human-signals cache-miss
638 http fetch GET 200 https://registry.npmjs.org/@rollup%2fpluginutils 348ms (cache revalidated)
639 silly packumentCache full:https://registry.npmjs.org/@rollup%2fpluginutils set size:118597 disposed:false
640 silly fetch manifest strip-final-newline@^2.0.0
641 silly packumentCache full:https://registry.npmjs.org/strip-final-newline cache-miss
642 http fetch GET 200 https://registry.npmjs.org/merge-stream 58ms (cache revalidated)
643 silly packumentCache full:https://registry.npmjs.org/merge-stream set size:22168 disposed:false
644 silly fetch manifest jsonfile@^6.0.1
645 silly packumentCache full:https://registry.npmjs.org/jsonfile cache-miss
646 http fetch GET 200 https://registry.npmjs.org/npm-run-path 62ms (cache revalidated)
647 silly packumentCache full:https://registry.npmjs.org/npm-run-path set size:33596 disposed:false
648 silly fetch manifest graceful-fs@^4.2.0
649 silly packumentCache full:https://registry.npmjs.org/graceful-fs cache-hit
650 silly fetch manifest universalify@^2.0.0
651 silly packumentCache full:https://registry.npmjs.org/universalify cache-miss
652 http fetch GET 200 https://registry.npmjs.org/human-signals 57ms (cache revalidated)
653 silly packumentCache full:https://registry.npmjs.org/human-signals set size:47322 disposed:false
654 silly fetch manifest @oxc-transform/binding-darwin-x64@0.111.0
655 silly packumentCache full:https://registry.npmjs.org/@oxc-transform%2fbinding-darwin-x64 cache-miss
656 http fetch GET 200 https://registry.npmjs.org/strip-final-newline 61ms (cache revalidated)
657 silly packumentCache full:https://registry.npmjs.org/strip-final-newline set size:9328 disposed:false
658 silly fetch manifest @oxc-transform/binding-freebsd-x64@0.111.0
659 silly packumentCache full:https://registry.npmjs.org/@oxc-transform%2fbinding-freebsd-x64 cache-miss
660 http fetch GET 200 https://registry.npmjs.org/jsonfile 59ms (cache revalidated)
661 silly packumentCache full:https://registry.npmjs.org/jsonfile set size:51505 disposed:false
662 silly fetch manifest @oxc-transform/binding-wasm32-wasi@0.111.0
663 silly packumentCache full:https://registry.npmjs.org/@oxc-transform%2fbinding-wasm32-wasi cache-miss
664 http fetch GET 200 https://registry.npmjs.org/universalify 60ms (cache revalidated)
665 silly packumentCache full:https://registry.npmjs.org/universalify set size:19431 disposed:false
666 silly fetch manifest @oxc-transform/binding-darwin-arm64@0.111.0
667 silly packumentCache full:https://registry.npmjs.org/@oxc-transform%2fbinding-darwin-arm64 cache-miss
668 http fetch GET 200 https://registry.npmjs.org/async-sema 941ms (cache revalidated)
669 silly packumentCache full:https://registry.npmjs.org/async-sema set size:46655 disposed:false
670 silly fetch manifest @oxc-transform/binding-android-arm64@0.111.0
671 silly packumentCache full:https://registry.npmjs.org/@oxc-transform%2fbinding-android-arm64 cache-miss
672 http fetch GET 200 https://registry.npmjs.org/acorn-import-attributes 933ms (cache revalidated)
673 silly packumentCache full:https://registry.npmjs.org/acorn-import-attributes set size:16911 disposed:false
674 silly fetch manifest @oxc-transform/binding-linux-x64-gnu@0.111.0
675 silly packumentCache full:https://registry.npmjs.org/@oxc-transform%2fbinding-linux-x64-gnu cache-miss
676 http fetch GET 200 https://registry.npmjs.org/@mapbox%2fnode-pre-gyp 1288ms (cache revalidated)
677 silly packumentCache full:https://registry.npmjs.org/@mapbox%2fnode-pre-gyp set size:134009 disposed:false
678 silly fetch manifest @oxc-transform/binding-linux-x64-musl@0.111.0
679 silly packumentCache full:https://registry.npmjs.org/@oxc-transform%2fbinding-linux-x64-musl cache-miss
680 http fetch GET 200 https://registry.npmjs.org/@oxc-transform%2fbinding-wasm32-wasi 1059ms (cache revalidated)
681 silly packumentCache full:https://registry.npmjs.org/@oxc-transform%2fbinding-wasm32-wasi set size:138875 disposed:false
682 silly fetch manifest @oxc-transform/binding-win32-x64-msvc@0.111.0
683 silly packumentCache full:https://registry.npmjs.org/@oxc-transform%2fbinding-win32-x64-msvc cache-miss
684 http fetch GET 200 https://registry.npmjs.org/@oxc-transform%2fbinding-darwin-arm64 1604ms (cache revalidated)
685 silly packumentCache full:https://registry.npmjs.org/@oxc-transform%2fbinding-darwin-arm64 set size:240683 disposed:false
686 silly fetch manifest @oxc-transform/binding-linux-arm64-gnu@0.111.0
687 silly packumentCache full:https://registry.npmjs.org/@oxc-transform%2fbinding-linux-arm64-gnu cache-miss
688 http fetch GET 200 https://registry.npmjs.org/@oxc-transform%2fbinding-linux-x64-musl 850ms (cache revalidated)
689 silly packumentCache full:https://registry.npmjs.org/@oxc-transform%2fbinding-linux-x64-musl set size:242614 disposed:false
690 silly fetch manifest @oxc-transform/binding-linux-ppc64-gnu@0.111.0
691 silly packumentCache full:https://registry.npmjs.org/@oxc-transform%2fbinding-linux-ppc64-gnu cache-miss
692 http fetch GET 200 https://registry.npmjs.org/@oxc-transform%2fbinding-freebsd-x64 1937ms (cache revalidated)
693 silly packumentCache full:https://registry.npmjs.org/@oxc-transform%2fbinding-freebsd-x64 set size:100550 disposed:false
694 silly fetch manifest @oxc-transform/binding-linux-s390x-gnu@0.111.0
695 silly packumentCache full:https://registry.npmjs.org/@oxc-transform%2fbinding-linux-s390x-gnu cache-miss
696 http fetch GET 200 https://registry.npmjs.org/@oxc-transform%2fbinding-darwin-x64 2014ms (cache revalidated)
697 silly packumentCache full:https://registry.npmjs.org/@oxc-transform%2fbinding-darwin-x64 set size:236501 disposed:false
698 silly fetch manifest @oxc-transform/binding-win32-ia32-msvc@0.111.0
699 silly packumentCache full:https://registry.npmjs.org/@oxc-transform%2fbinding-win32-ia32-msvc cache-miss
700 http fetch GET 200 https://registry.npmjs.org/@oxc-transform%2fbinding-android-arm64 1781ms (cache revalidated)
701 silly packumentCache full:https://registry.npmjs.org/@oxc-transform%2fbinding-android-arm64 set size:90614 disposed:false
702 silly fetch manifest @oxc-transform/binding-android-arm-eabi@0.111.0
703 silly packumentCache full:https://registry.npmjs.org/@oxc-transform%2fbinding-android-arm-eabi cache-miss
704 http fetch GET 200 https://registry.npmjs.org/@oxc-transform%2fbinding-win32-x64-msvc 1379ms (cache revalidated)
705 silly packumentCache full:https://registry.npmjs.org/@oxc-transform%2fbinding-win32-x64-msvc set size:240648 disposed:false
706 silly fetch manifest @oxc-transform/binding-linux-arm64-musl@0.111.0
707 silly packumentCache full:https://registry.npmjs.org/@oxc-transform%2fbinding-linux-arm64-musl cache-miss
708 http fetch GET 200 https://registry.npmjs.org/@oxc-transform%2fbinding-linux-x64-gnu 2155ms (cache revalidated)
709 silly packumentCache full:https://registry.npmjs.org/@oxc-transform%2fbinding-linux-x64-gnu set size:241746 disposed:false
710 silly fetch manifest @oxc-transform/binding-win32-arm64-msvc@0.111.0
711 silly packumentCache full:https://registry.npmjs.org/@oxc-transform%2fbinding-win32-arm64-msvc cache-miss
712 http fetch GET 200 https://registry.npmjs.org/@oxc-transform%2fbinding-linux-arm64-gnu 1197ms (cache revalidated)
713 silly packumentCache full:https://registry.npmjs.org/@oxc-transform%2fbinding-linux-arm64-gnu set size:245988 disposed:false
714 silly fetch manifest @oxc-transform/binding-linux-riscv64-gnu@0.111.0
715 silly packumentCache full:https://registry.npmjs.org/@oxc-transform%2fbinding-linux-riscv64-gnu cache-miss
716 http fetch GET 200 https://registry.npmjs.org/@oxc-transform%2fbinding-win32-ia32-msvc 1479ms (cache revalidated)
717 silly packumentCache full:https://registry.npmjs.org/@oxc-transform%2fbinding-win32-ia32-msvc set size:18404 disposed:false
718 silly fetch manifest @oxc-transform/binding-openharmony-arm64@0.111.0
719 silly packumentCache full:https://registry.npmjs.org/@oxc-transform%2fbinding-openharmony-arm64 cache-miss
720 http fetch GET 200 https://registry.npmjs.org/@oxc-transform%2fbinding-linux-s390x-gnu 1621ms (cache revalidated)
721 silly packumentCache full:https://registry.npmjs.org/@oxc-transform%2fbinding-linux-s390x-gnu set size:103026 disposed:false
722 silly fetch manifest @oxc-transform/binding-linux-riscv64-musl@0.111.0
723 silly packumentCache full:https://registry.npmjs.org/@oxc-transform%2fbinding-linux-riscv64-musl cache-miss
724 http fetch GET 200 https://registry.npmjs.org/@oxc-transform%2fbinding-android-arm-eabi 1469ms (cache revalidated)
725 silly packumentCache full:https://registry.npmjs.org/@oxc-transform%2fbinding-android-arm-eabi set size:18480 disposed:false
726 silly fetch manifest @oxc-transform/binding-linux-arm-gnueabihf@0.111.0
727 silly packumentCache full:https://registry.npmjs.org/@oxc-transform%2fbinding-linux-arm-gnueabihf cache-miss
728 http fetch GET 200 https://registry.npmjs.org/@oxc-transform%2fbinding-linux-ppc64-gnu 1983ms (cache revalidated)
729 silly packumentCache full:https://registry.npmjs.org/@oxc-transform%2fbinding-linux-ppc64-gnu set size:18573 disposed:false
730 silly fetch manifest @oxc-transform/binding-linux-arm-musleabihf@0.111.0
731 silly packumentCache full:https://registry.npmjs.org/@oxc-transform%2fbinding-linux-arm-musleabihf cache-miss
732 http fetch GET 200 https://registry.npmjs.org/@oxc-transform%2fbinding-linux-arm64-musl 1568ms (cache revalidated)
733 silly packumentCache full:https://registry.npmjs.org/@oxc-transform%2fbinding-linux-arm64-musl set size:246855 disposed:false
734 silly fetch manifest @oxc-project/types@=0.110.0
735 silly packumentCache full:https://registry.npmjs.org/@oxc-project%2ftypes cache-miss
736 http fetch GET 200 https://registry.npmjs.org/@oxc-transform%2fbinding-win32-arm64-msvc 1476ms (cache revalidated)
737 silly packumentCache full:https://registry.npmjs.org/@oxc-transform%2fbinding-win32-arm64-msvc set size:244894 disposed:false
738 silly fetch manifest @rolldown/pluginutils@1.0.0-rc.1
739 silly packumentCache full:https://registry.npmjs.org/@rolldown%2fpluginutils cache-miss
740 http fetch GET 200 https://registry.npmjs.org/@oxc-transform%2fbinding-linux-riscv64-gnu 1442ms (cache revalidated)
741 silly packumentCache full:https://registry.npmjs.org/@oxc-transform%2fbinding-linux-riscv64-gnu set size:103899 disposed:false
742 silly fetch manifest @rolldown/binding-darwin-x64@1.0.0-rc.1
743 silly packumentCache full:https://registry.npmjs.org/@rolldown%2fbinding-darwin-x64 cache-miss
744 http fetch GET 200 https://registry.npmjs.org/@oxc-transform%2fbinding-openharmony-arm64 897ms (cache revalidated)
745 silly packumentCache full:https://registry.npmjs.org/@oxc-transform%2fbinding-openharmony-arm64 set size:27886 disposed:false
746 silly fetch manifest @rolldown/binding-freebsd-x64@1.0.0-rc.1
747 silly packumentCache full:https://registry.npmjs.org/@rolldown%2fbinding-freebsd-x64 cache-miss
748 http fetch GET 200 https://registry.npmjs.org/@oxc-transform%2fbinding-linux-riscv64-musl 987ms (cache revalidated)
749 silly packumentCache full:https://registry.npmjs.org/@oxc-transform%2fbinding-linux-riscv64-musl set size:18782 disposed:false
750 silly fetch manifest @rolldown/binding-wasm32-wasi@1.0.0-rc.1
751 silly packumentCache full:https://registry.npmjs.org/@rolldown%2fbinding-wasm32-wasi cache-miss
752 http fetch GET 200 https://registry.npmjs.org/@oxc-transform%2fbinding-linux-arm-musleabihf 846ms (cache revalidated)
753 silly packumentCache full:https://registry.npmjs.org/@oxc-transform%2fbinding-linux-arm-musleabihf set size:94378 disposed:false
754 silly fetch manifest @rolldown/binding-darwin-arm64@1.0.0-rc.1
755 silly packumentCache full:https://registry.npmjs.org/@rolldown%2fbinding-darwin-arm64 cache-miss
756 http fetch GET 200 https://registry.npmjs.org/@oxc-transform%2fbinding-linux-arm-gnueabihf 1374ms (cache revalidated)
757 silly packumentCache full:https://registry.npmjs.org/@oxc-transform%2fbinding-linux-arm-gnueabihf set size:137898 disposed:false
758 silly fetch manifest @rolldown/binding-android-arm64@1.0.0-rc.1
759 silly packumentCache full:https://registry.npmjs.org/@rolldown%2fbinding-android-arm64 cache-miss
760 http fetch GET 200 https://registry.npmjs.org/@rolldown%2fbinding-freebsd-x64 1124ms (cache revalidated)
761 silly packumentCache full:https://registry.npmjs.org/@rolldown%2fbinding-freebsd-x64 set size:1007707 disposed:false
762 silly fetch manifest @rolldown/binding-linux-x64-gnu@1.0.0-rc.1
763 silly packumentCache full:https://registry.npmjs.org/@rolldown%2fbinding-linux-x64-gnu cache-miss
764 http fetch GET 200 https://registry.npmjs.org/@rolldown%2fbinding-darwin-x64 1212ms (cache revalidated)
765 silly packumentCache full:https://registry.npmjs.org/@rolldown%2fbinding-darwin-x64 set size:1328200 disposed:false
766 silly fetch manifest @rolldown/binding-linux-x64-musl@1.0.0-rc.1
767 silly packumentCache full:https://registry.npmjs.org/@rolldown%2fbinding-linux-x64-musl cache-miss
768 http fetch GET 200 https://registry.npmjs.org/@rolldown%2fbinding-wasm32-wasi 976ms (cache revalidated)
769 silly packumentCache full:https://registry.npmjs.org/@rolldown%2fbinding-wasm32-wasi set size:1314235 disposed:false
770 silly fetch manifest @rolldown/binding-win32-x64-msvc@1.0.0-rc.1
771 silly packumentCache full:https://registry.npmjs.org/@rolldown%2fbinding-win32-x64-msvc cache-miss
772 http fetch GET 200 https://registry.npmjs.org/@oxc-project%2ftypes 1481ms (cache revalidated)
773 silly packumentCache full:https://registry.npmjs.org/@oxc-project%2ftypes set size:193526 disposed:false
774 silly fetch manifest @rolldown/binding-linux-arm64-gnu@1.0.0-rc.1
775 silly packumentCache full:https://registry.npmjs.org/@rolldown%2fbinding-linux-arm64-gnu cache-miss
776 http fetch GET 200 https://registry.npmjs.org/@rolldown%2fbinding-darwin-arm64 1572ms (cache revalidated)
777 silly packumentCache full:https://registry.npmjs.org/@rolldown%2fbinding-darwin-arm64 set size:1339544 disposed:false
778 silly fetch manifest @rolldown/binding-linux-arm64-musl@1.0.0-rc.1
779 silly packumentCache full:https://registry.npmjs.org/@rolldown%2fbinding-linux-arm64-musl cache-miss
780 http fetch GET 200 https://registry.npmjs.org/@rolldown%2fpluginutils 1940ms (cache revalidated)
781 silly packumentCache full:https://registry.npmjs.org/@rolldown%2fpluginutils set size:259041 disposed:false
782 silly fetch manifest @rolldown/binding-win32-arm64-msvc@1.0.0-rc.1
783 silly packumentCache full:https://registry.npmjs.org/@rolldown%2fbinding-win32-arm64-msvc cache-miss
784 http fetch GET 200 https://registry.npmjs.org/@rolldown%2fbinding-linux-x64-gnu 1331ms (cache revalidated)
785 silly packumentCache full:https://registry.npmjs.org/@rolldown%2fbinding-linux-x64-gnu set size:1352731 disposed:false
786 silly fetch manifest @rolldown/binding-openharmony-arm64@1.0.0-rc.1
787 silly packumentCache full:https://registry.npmjs.org/@rolldown%2fbinding-openharmony-arm64 cache-miss
788 http fetch GET 200 https://registry.npmjs.org/@rolldown%2fbinding-win32-x64-msvc 1402ms (cache revalidated)
789 silly packumentCache full:https://registry.npmjs.org/@rolldown%2fbinding-win32-x64-msvc set size:1345627 disposed:false
790 silly fetch manifest @rolldown/binding-linux-arm-gnueabihf@1.0.0-rc.1
791 silly packumentCache full:https://registry.npmjs.org/@rolldown%2fbinding-linux-arm-gnueabihf cache-miss
792 http fetch GET 200 https://registry.npmjs.org/@rolldown%2fbinding-android-arm64 2150ms (cache revalidated)
793 silly packumentCache full:https://registry.npmjs.org/@rolldown%2fbinding-android-arm64 set size:113853 disposed:false
794 silly fetch manifest cookie-es@^2.0.0
795 silly packumentCache full:https://registry.npmjs.org/cookie-es cache-miss
796 http fetch GET 200 https://registry.npmjs.org/@rolldown%2fbinding-linux-arm64-gnu 1751ms (cache revalidated)
797 silly packumentCache full:https://registry.npmjs.org/@rolldown%2fbinding-linux-arm64-gnu set size:1364119 disposed:false
798 silly fetch manifest get-tsconfig@^4.7.5
799 silly packumentCache full:https://registry.npmjs.org/get-tsconfig cache-miss
800 http fetch GET 200 https://registry.npmjs.org/get-tsconfig 65ms (cache revalidated)
801 silly packumentCache full:https://registry.npmjs.org/get-tsconfig set size:112628 disposed:false
802 silly fetch manifest fsevents@~2.3.3
803 silly packumentCache full:https://registry.npmjs.org/fsevents cache-miss
804 http fetch GET 200 https://registry.npmjs.org/fsevents 89ms (cache miss)
805 silly packumentCache full:https://registry.npmjs.org/fsevents set size:undefined disposed:false
806 http fetch GET 200 https://registry.npmjs.org/@rolldown%2fbinding-linux-x64-musl 1971ms (cache revalidated)
807 silly packumentCache full:https://registry.npmjs.org/@rolldown%2fbinding-linux-x64-musl set size:1357262 disposed:false
808 http fetch GET 200 https://registry.npmjs.org/@rolldown%2fbinding-linux-arm64-musl 1371ms (cache revalidated)
809 silly packumentCache full:https://registry.npmjs.org/@rolldown%2fbinding-linux-arm64-musl set size:1368606 disposed:false
810 http fetch GET 200 https://registry.npmjs.org/@rolldown%2fbinding-win32-arm64-msvc 1635ms (cache revalidated)
811 silly packumentCache full:https://registry.npmjs.org/@rolldown%2fbinding-win32-arm64-msvc set size:1359351 disposed:false
812 http fetch GET 200 https://registry.npmjs.org/@rolldown%2fbinding-openharmony-arm64 1129ms (cache revalidated)
813 silly packumentCache full:https://registry.npmjs.org/@rolldown%2fbinding-openharmony-arm64 set size:74990 disposed:false
814 http fetch GET 200 https://registry.npmjs.org/cookie-es 921ms (cache revalidated)
815 silly packumentCache full:https://registry.npmjs.org/cookie-es set size:19705 disposed:false
816 http fetch GET 200 https://registry.npmjs.org/@rolldown%2fbinding-linux-arm-gnueabihf 1960ms (cache revalidated)
817 silly packumentCache full:https://registry.npmjs.org/@rolldown%2fbinding-linux-arm-gnueabihf set size:1373463 disposed:false
818 silly placeDep ROOT async-retry@1.3.3 OK for: @vercel/blob@2.3.0 want: ^1.3.3
819 silly placeDep ROOT is-buffer@2.0.5 OK for: @vercel/blob@2.3.0 want: ^2.0.5
820 silly placeDep ROOT is-node-process@1.2.0 OK for: @vercel/blob@2.3.0 want: ^1.2.0
821 silly placeDep ROOT throttleit@2.1.0 OK for: @vercel/blob@2.3.0 want: ^2.1.0
822 silly placeDep ROOT undici@6.23.0 OK for: @vercel/blob@2.3.0 want: ^6.23.0
823 silly fetch manifest retry@0.13.1
824 silly packumentCache full:https://registry.npmjs.org/retry cache-miss
825 http fetch GET 200 https://registry.npmjs.org/retry 95ms (cache revalidated)
826 silly packumentCache full:https://registry.npmjs.org/retry set size:31161 disposed:false
827 silly placeDep ROOT @vercel/python-analysis@0.6.0 OK for: @vercel/build-utils@13.4.3 want: 0.6.0
828 silly fetch manifest js-yaml@4.1.1
829 silly packumentCache full:https://registry.npmjs.org/js-yaml cache-miss
830 silly fetch manifest fs-extra@11.1.1
831 silly packumentCache full:https://registry.npmjs.org/fs-extra cache-hit
832 silly fetch manifest minimatch@10.1.1
833 silly packumentCache full:https://registry.npmjs.org/minimatch cache-miss
834 silly fetch manifest smol-toml@1.5.2
835 silly packumentCache full:https://registry.npmjs.org/smol-toml cache-miss
836 silly fetch manifest @renovatebot/pep440@4.2.1
837 silly packumentCache full:https://registry.npmjs.org/@renovatebot%2fpep440 cache-miss
838 silly fetch manifest pip-requirements-js@1.0.2
839 silly packumentCache full:https://registry.npmjs.org/pip-requirements-js cache-miss
840 silly fetch manifest @bytecodealliance/preview2-shim@0.17.6
841 silly packumentCache full:https://registry.npmjs.org/@bytecodealliance%2fpreview2-shim cache-miss
842 http fetch GET 200 https://registry.npmjs.org/js-yaml 336ms (cache revalidated)
843 silly packumentCache full:https://registry.npmjs.org/js-yaml set size:152232 disposed:false
844 http fetch GET 200 https://registry.npmjs.org/minimatch 356ms (cache revalidated)
845 silly packumentCache full:https://registry.npmjs.org/minimatch set size:315610 disposed:false
846 http fetch GET 200 https://registry.npmjs.org/smol-toml 669ms (cache revalidated)
847 silly packumentCache full:https://registry.npmjs.org/smol-toml set size:64179 disposed:false
848 http fetch GET 200 https://registry.npmjs.org/pip-requirements-js 1189ms (cache revalidated)
849 silly packumentCache full:https://registry.npmjs.org/pip-requirements-js set size:26371 disposed:false
850 http fetch GET 200 https://registry.npmjs.org/@bytecodealliance%2fpreview2-shim 1611ms (cache revalidated)
851 silly packumentCache full:https://registry.npmjs.org/@bytecodealliance%2fpreview2-shim set size:100556 disposed:false
852 http fetch GET 200 https://registry.npmjs.org/@renovatebot%2fpep440 1724ms (cache revalidated)
853 silly packumentCache full:https://registry.npmjs.org/@renovatebot%2fpep440 set size:150144 disposed:false
854 silly placeDep ROOT @vercel/static-config@3.1.2 OK for: @vercel/elysia@0.1.39 want: 3.1.2
855 silly fetch manifest ajv@8.6.3
856 silly packumentCache full:https://registry.npmjs.org/ajv cache-miss
857 silly fetch manifest json-schema-to-ts@1.6.4
858 silly packumentCache full:https://registry.npmjs.org/json-schema-to-ts cache-miss
859 http fetch GET 200 https://registry.npmjs.org/ajv 138ms (cache revalidated)
860 silly packumentCache full:https://registry.npmjs.org/ajv set size:1120197 disposed:false
861 http fetch GET 200 https://registry.npmjs.org/json-schema-to-ts 165ms (cache revalidated)
862 silly packumentCache full:https://registry.npmjs.org/json-schema-to-ts set size:287972 disposed:false
863 silly placeDep ROOT @vercel/cervel@0.0.23 OK for: @vercel/express@0.1.48 want: 0.0.23
864 silly placeDep node_modules/@vercel/express @vercel/nft@1.1.1 OK for: @vercel/express@0.1.48 want: 1.1.1
865 silly placeDep ROOT ts-morph@12.0.0 OK for: @vercel/express@0.1.48 want: 12.0.0
866 silly fetch manifest @ts-morph/common@~0.11.0
867 silly packumentCache full:https://registry.npmjs.org/@ts-morph%2fcommon cache-miss
868 silly fetch manifest code-block-writer@^10.1.1
869 silly packumentCache full:https://registry.npmjs.org/code-block-writer cache-miss
870 http fetch GET 200 https://registry.npmjs.org/code-block-writer 622ms (cache revalidated)
871 silly packumentCache full:https://registry.npmjs.org/code-block-writer set size:203952 disposed:false
872 http fetch GET 200 https://registry.npmjs.org/@ts-morph%2fcommon 1629ms (cache revalidated)
873 silly packumentCache full:https://registry.npmjs.org/@ts-morph%2fcommon set size:161186 disposed:false
874 silly fetch manifest encoding@^0.1.0
875 silly packumentCache full:https://registry.npmjs.org/encoding cache-miss
876 http fetch GET 200 https://registry.npmjs.org/encoding 81ms (cache revalidated)
877 silly packumentCache full:https://registry.npmjs.org/encoding set size:17833 disposed:false
878 silly placeDep ROOT @tootallnate/once@2.0.0 OK for: @vercel/fun@1.3.0 want: 2.0.0
879 silly placeDep ROOT async-listen@1.2.0 OK for: @vercel/fun@1.3.0 want: 1.2.0
880 silly placeDep ROOT debug@4.3.4 OK for: @vercel/fun@1.3.0 want: 4.3.4
881 silly placeDep ROOT generic-pool@3.4.2 OK for: @vercel/fun@1.3.0 want: 3.4.2
882 silly placeDep ROOT micro@9.3.5-canary.3 OK for: @vercel/fun@1.3.0 want: 9.3.5-canary.3
883 silly placeDep ROOT ms@2.1.1 OK for: @vercel/fun@1.3.0 want: 2.1.1
884 silly placeDep ROOT node-fetch@2.6.7 OK for: @vercel/fun@1.3.0 want: 2.6.7
885 silly placeDep node_modules/@vercel/fun path-to-regexp@8.2.0 OK for: @vercel/fun@1.3.0 want: 8.2.0
886 silly placeDep ROOT promisepipe@3.0.0 OK for: @vercel/fun@1.3.0 want: 3.0.0
887 silly placeDep ROOT semver@7.5.4 OK for: @vercel/fun@1.3.0 want: 7.5.4
888 silly placeDep ROOT stat-mode@0.3.0 OK for: @vercel/fun@1.3.0 want: 0.3.0
889 silly placeDep ROOT stream-to-promise@2.2.0 OK for: @vercel/fun@1.3.0 want: 2.2.0
890 silly placeDep ROOT tar@7.5.7 OK for: @vercel/fun@1.3.0 want: 7.5.7
891 silly placeDep ROOT tinyexec@0.3.2 OK for: @vercel/fun@1.3.0 want: 0.3.2
892 silly placeDep ROOT tree-kill@1.2.2 OK for: @vercel/fun@1.3.0 want: 1.2.2
893 silly placeDep ROOT uid-promise@1.0.0 OK for: @vercel/fun@1.3.0 want: 1.0.0
894 silly placeDep ROOT xdg-app-paths@5.1.0 OK for: @vercel/fun@1.3.0 want: 5.1.0
895 silly placeDep ROOT yauzl-promise@2.1.3 OK for: @vercel/fun@1.3.0 want: 2.1.3
896 silly fetch manifest ms@2.1.2
897 silly packumentCache full:https://registry.npmjs.org/ms cache-hit
898 silly fetch manifest arg@4.1.0
899 silly packumentCache full:https://registry.npmjs.org/arg cache-miss
900 silly fetch manifest raw-body@2.4.1
901 silly packumentCache full:https://registry.npmjs.org/raw-body cache-miss
902 silly fetch manifest content-type@1.0.4
903 silly packumentCache full:https://registry.npmjs.org/content-type cache-miss
904 silly fetch manifest whatwg-url@^5.0.0
905 silly packumentCache full:https://registry.npmjs.org/whatwg-url cache-miss
906 silly fetch manifest lru-cache@^6.0.0
907 silly packumentCache full:https://registry.npmjs.org/lru-cache cache-hit
908 silly fetch manifest any-promise@~1.3.0
909 silly packumentCache full:https://registry.npmjs.org/any-promise cache-miss
910 silly fetch manifest end-of-stream@~1.1.0
911 silly packumentCache full:https://registry.npmjs.org/end-of-stream cache-miss
912 silly fetch manifest stream-to-array@~2.3.0
913 silly packumentCache full:https://registry.npmjs.org/stream-to-array cache-miss
914 http fetch GET 200 https://registry.npmjs.org/arg 93ms (cache revalidated)
915 silly packumentCache full:https://registry.npmjs.org/arg set size:67204 disposed:false
916 silly fetch manifest chownr@^3.0.0
917 silly packumentCache full:https://registry.npmjs.org/chownr cache-miss
918 http fetch GET 200 https://registry.npmjs.org/end-of-stream 99ms (cache revalidated)
919 silly packumentCache full:https://registry.npmjs.org/end-of-stream set size:27842 disposed:false
920 silly fetch manifest yallist@^5.0.0
921 silly packumentCache full:https://registry.npmjs.org/yallist cache-miss
922 http fetch GET 200 https://registry.npmjs.org/whatwg-url 109ms (cache revalidated)
923 silly packumentCache full:https://registry.npmjs.org/whatwg-url set size:170765 disposed:false
924 silly fetch manifest minipass@^7.1.2
925 silly packumentCache full:https://registry.npmjs.org/minipass cache-miss
926 http fetch GET 200 https://registry.npmjs.org/any-promise 123ms (cache revalidated)
927 silly packumentCache full:https://registry.npmjs.org/any-promise set size:20233 disposed:false
928 silly fetch manifest minizlib@^3.1.0
929 silly packumentCache full:https://registry.npmjs.org/minizlib cache-miss
930 http fetch GET 200 https://registry.npmjs.org/raw-body 129ms (cache revalidated)
931 silly packumentCache full:https://registry.npmjs.org/raw-body set size:117822 disposed:false
932 silly fetch manifest @isaacs/fs-minipass@^4.0.0
933 silly packumentCache full:https://registry.npmjs.org/@isaacs%2ffs-minipass cache-miss
934 http fetch GET 200 https://registry.npmjs.org/content-type 137ms (cache revalidated)
935 silly packumentCache full:https://registry.npmjs.org/content-type set size:17311 disposed:false
936 silly fetch manifest xdg-portable@^7.0.0
937 silly packumentCache full:https://registry.npmjs.org/xdg-portable cache-miss
938 http fetch GET 200 https://registry.npmjs.org/yallist 110ms (cache revalidated)
939 silly packumentCache full:https://registry.npmjs.org/yallist set size:34610 disposed:false
940 silly fetch manifest yauzl@^2.9.1
941 silly packumentCache full:https://registry.npmjs.org/yauzl cache-miss
942 http fetch GET 200 https://registry.npmjs.org/chownr 126ms (cache revalidated)
943 silly packumentCache full:https://registry.npmjs.org/chownr set size:22157 disposed:false
944 silly fetch manifest yauzl-clone@^1.0.4
945 silly packumentCache full:https://registry.npmjs.org/yauzl-clone cache-miss
946 http fetch GET 200 https://registry.npmjs.org/minizlib 98ms (cache revalidated)
947 silly packumentCache full:https://registry.npmjs.org/minizlib set size:62862 disposed:false
948 http fetch GET 200 https://registry.npmjs.org/minipass 109ms (cache revalidated)
949 silly packumentCache full:https://registry.npmjs.org/minipass set size:276925 disposed:false
950 http fetch GET 200 https://registry.npmjs.org/@isaacs%2ffs-minipass 96ms (cache revalidated)
951 silly packumentCache full:https://registry.npmjs.org/@isaacs%2ffs-minipass set size:7912 disposed:false
952 http fetch GET 200 https://registry.npmjs.org/yauzl-clone 64ms (cache revalidated)
953 silly packumentCache full:https://registry.npmjs.org/yauzl-clone set size:25046 disposed:false
954 http fetch GET 200 https://registry.npmjs.org/yauzl 66ms (cache revalidated)
955 silly packumentCache full:https://registry.npmjs.org/yauzl set size:97051 disposed:false
956 http fetch GET 200 https://registry.npmjs.org/stream-to-array 892ms (cache revalidated)
957 silly packumentCache full:https://registry.npmjs.org/stream-to-array set size:17179 disposed:false
958 http fetch GET 200 https://registry.npmjs.org/xdg-portable 972ms (cache revalidated)
959 silly packumentCache full:https://registry.npmjs.org/xdg-portable set size:329210 disposed:false
960 silly placeDep node_modules/@vercel/hono @vercel/nft@1.1.1 OK for: @vercel/hono@0.2.42 want: 1.1.1
961 silly placeDep node_modules/@vercel/next @vercel/nft@1.1.1 OK for: @vercel/next@4.15.31 want: 1.1.1
962 silly fetch manifest rollup@^1.20.0||^2.0.0||^3.0.0||^4.0.0
963 silly packumentCache full:https://registry.npmjs.org/rollup cache-miss
964 http fetch GET 200 https://registry.npmjs.org/rollup 363ms (cache updated)
965 silly packumentCache full:https://registry.npmjs.org/rollup set size:undefined disposed:false
966 silly placeDep ROOT @mapbox/node-pre-gyp@2.0.3 OK for: @vercel/nft@1.3.0 want: ^2.0.0
967 silly placeDep ROOT @rollup/pluginutils@5.3.0 OK for: @vercel/nft@1.3.0 want: ^5.1.3
968 silly placeDep ROOT acorn@8.16.0 OK for: @vercel/nft@1.3.0 want: ^8.6.0
969 silly placeDep ROOT acorn-import-attributes@1.9.5 OK for: @vercel/nft@1.3.0 want: ^1.9.5
970 silly placeDep ROOT async-sema@3.1.1 OK for: @vercel/nft@1.3.0 want: ^3.1.1
971 silly placeDep ROOT bindings@1.5.0 OK for: @vercel/nft@1.3.0 want: ^1.4.0
972 silly placeDep ROOT estree-walker@2.0.2 OK for: @vercel/nft@1.3.0 want: 2.0.2
973 silly placeDep ROOT glob@13.0.6 OK for: @vercel/nft@1.3.0 want: ^13.0.0
974 silly placeDep ROOT graceful-fs@4.2.11 OK for: @vercel/nft@1.3.0 want: ^4.2.9
975 silly placeDep ROOT node-gyp-build@4.8.4 OK for: @vercel/nft@1.3.0 want: ^4.2.2
976 silly placeDep ROOT picomatch@4.0.3 OK for: @vercel/nft@1.3.0 want: ^4.0.2
977 silly placeDep ROOT resolve-from@5.0.0 OK for: @vercel/nft@1.3.0 want: ^5.0.0
978 silly fetch manifest nopt@^8.0.0
979 silly packumentCache full:https://registry.npmjs.org/nopt cache-miss
980 silly fetch manifest consola@^3.2.3
981 silly packumentCache full:https://registry.npmjs.org/consola cache-miss
982 silly fetch manifest detect-libc@^2.0.0
983 silly packumentCache full:https://registry.npmjs.org/detect-libc cache-miss
984 silly fetch manifest https-proxy-agent@^7.0.5
985 silly packumentCache full:https://registry.npmjs.org/https-proxy-agent cache-hit
986 silly fetch manifest @types/estree@^1.0.0
987 silly packumentCache full:https://registry.npmjs.org/@types%2festree cache-miss
988 silly fetch manifest estree-walker@^2.0.2
989 silly packumentCache full:https://registry.npmjs.org/estree-walker cache-hit
990 silly fetch manifest file-uri-to-path@1.0.0
991 silly packumentCache full:https://registry.npmjs.org/file-uri-to-path cache-miss
992 silly fetch manifest minimatch@^10.2.2
993 silly packumentCache full:https://registry.npmjs.org/minimatch cache-hit
994 silly fetch manifest minipass@^7.1.3
995 silly packumentCache full:https://registry.npmjs.org/minipass cache-hit
996 silly fetch manifest path-scurry@^2.0.2
997 silly packumentCache full:https://registry.npmjs.org/path-scurry cache-miss
998 http fetch GET 200 https://registry.npmjs.org/consola 65ms (cache revalidated)
999 silly packumentCache full:https://registry.npmjs.org/consola set size:324648 disposed:false
1000 http fetch GET 200 https://registry.npmjs.org/nopt 90ms (cache revalidated)
1001 silly packumentCache full:https://registry.npmjs.org/nopt set size:71592 disposed:false
1002 http fetch GET 200 https://registry.npmjs.org/detect-libc 92ms (cache revalidated)
1003 silly packumentCache full:https://registry.npmjs.org/detect-libc set size:47861 disposed:false
1004 http fetch GET 200 https://registry.npmjs.org/file-uri-to-path 145ms (cache revalidated)
1005 silly packumentCache full:https://registry.npmjs.org/file-uri-to-path set size:10154 disposed:false
1006 http fetch GET 200 https://registry.npmjs.org/@types%2festree 147ms (cache revalidated)
1007 silly packumentCache full:https://registry.npmjs.org/@types%2festree set size:74091 disposed:false
1008 http fetch GET 200 https://registry.npmjs.org/path-scurry 148ms (cache updated)
1009 silly packumentCache full:https://registry.npmjs.org/path-scurry set size:undefined disposed:false
1010 silly placeDep ROOT consola@3.4.2 OK for: @mapbox/node-pre-gyp@2.0.3 want: ^3.2.3
1011 silly placeDep ROOT detect-libc@2.1.2 OK for: @mapbox/node-pre-gyp@2.0.3 want: ^2.0.0
1012 silly placeDep ROOT https-proxy-agent@7.0.6 OK for: @mapbox/node-pre-gyp@2.0.3 want: ^7.0.5
1013 silly placeDep ROOT nopt@8.1.0 OK for: @mapbox/node-pre-gyp@2.0.3 want: ^8.0.0
1014 silly fetch manifest agent-base@^7.1.2
1015 silly packumentCache full:https://registry.npmjs.org/agent-base cache-hit
1016 silly fetch manifest abbrev@^3.0.0
1017 silly packumentCache full:https://registry.npmjs.org/abbrev cache-miss
1018 http fetch GET 200 https://registry.npmjs.org/abbrev 81ms (cache revalidated)
1019 silly packumentCache full:https://registry.npmjs.org/abbrev set size:21777 disposed:false
1020 silly placeDep ROOT @types/estree@1.0.8 OK for: @rollup/pluginutils@5.3.0 want: ^1.0.0
1021 silly placeDep ROOT @edge-runtime/node-utils@2.3.0 OK for: @vercel/node@5.6.6 want: 2.3.0
1022 silly placeDep ROOT @edge-runtime/primitives@4.1.0 OK for: @vercel/node@5.6.6 want: 4.1.0
1023 silly placeDep ROOT @edge-runtime/vm@3.2.0 OK for: @vercel/node@5.6.6 want: 3.2.0
1024 silly placeDep ROOT @types/node@20.11.0 OK for: @vercel/node@5.6.6 want: 20.11.0
1025 silly placeDep ROOT @vercel/error-utils@2.0.3 OK for: @vercel/node@5.6.6 want: 2.0.3
1026 silly placeDep node_modules/@vercel/node @vercel/nft@1.1.1 OK for: @vercel/node@5.6.6 want: 1.1.1
1027 silly placeDep node_modules/@vercel/node async-listen@3.0.0 OK for: @vercel/node@5.6.6 want: 3.0.0
1028 silly placeDep ROOT cjs-module-lexer@1.2.3 OK for: @vercel/node@5.6.6 want: 1.2.3
1029 silly placeDep ROOT edge-runtime@2.5.9 OK for: @vercel/node@5.6.6 want: 2.5.9
1030 silly placeDep ROOT es-module-lexer@1.4.1 OK for: @vercel/node@5.6.6 want: 1.4.1
1031 silly placeDep ROOT etag@1.8.1 OK for: @vercel/node@5.6.6 want: 1.8.1
1032 silly placeDep ROOT mime-types@2.1.35 OK for: @vercel/node@5.6.6 want: 2.1.35
1033 silly placeDep node_modules/@vercel/node node-fetch@2.6.9 OK for: @vercel/node@5.6.6 want: 2.6.9
1034 silly placeDep node_modules/@vercel/node path-to-regexp@6.1.0 OK for: @vercel/node@5.6.6 want: 6.1.0
1035 silly placeDep ROOT path-to-regexp-updated@6.3.0 OK for: @vercel/node@5.6.6 want: npm:path-to-regexp@6.3.0
1036 silly placeDep node_modules/@vercel/node undici@5.28.4 OK for: @vercel/node@5.6.6 want: 5.28.4
1037 silly fetch manifest undici-types@~5.26.4
1038 silly packumentCache full:https://registry.npmjs.org/undici-types cache-miss
1039 silly fetch manifest mri@1.2.0
1040 silly packumentCache full:https://registry.npmjs.org/mri cache-miss
1041 silly fetch manifest pretty-ms@7.0.1
1042 silly packumentCache full:https://registry.npmjs.org/pretty-ms cache-miss
1043 silly fetch manifest time-span@4.0.0
1044 silly packumentCache full:https://registry.npmjs.org/time-span cache-miss
1045 silly fetch manifest picocolors@1.0.0
1046 silly packumentCache full:https://registry.npmjs.org/picocolors cache-miss
1047 silly fetch manifest signal-exit@4.0.2
1048 silly packumentCache full:https://registry.npmjs.org/signal-exit cache-hit
1049 silly fetch manifest async-listen@3.0.1
1050 silly packumentCache full:https://registry.npmjs.org/async-listen cache-hit
1051 silly fetch manifest @edge-runtime/format@2.2.1
1052 silly packumentCache full:https://registry.npmjs.org/@edge-runtime%2fformat cache-miss
1053 silly fetch manifest @edge-runtime/ponyfill@2.4.2
1054 silly packumentCache full:https://registry.npmjs.org/@edge-runtime%2fponyfill cache-miss
1055 http fetch GET 200 https://registry.npmjs.org/pretty-ms 118ms (cache revalidated)
1056 silly packumentCache full:https://registry.npmjs.org/pretty-ms set size:61783 disposed:false
1057 silly fetch manifest mime-db@1.52.0
1058 silly packumentCache full:https://registry.npmjs.org/mime-db cache-miss
1059 http fetch GET 200 https://registry.npmjs.org/mri 123ms (cache revalidated)
1060 silly packumentCache full:https://registry.npmjs.org/mri set size:28195 disposed:false
1061 silly fetch manifest @fastify/busboy@^2.0.0
1062 silly packumentCache full:https://registry.npmjs.org/@fastify%2fbusboy cache-miss
1063 http fetch GET 200 https://registry.npmjs.org/picocolors 124ms (cache revalidated)
1064 silly packumentCache full:https://registry.npmjs.org/picocolors set size:16648 disposed:false
1065 http fetch GET 200 https://registry.npmjs.org/undici-types 125ms (cache revalidated)
1066 silly packumentCache full:https://registry.npmjs.org/undici-types set size:171546 disposed:false
1067 http fetch GET 200 https://registry.npmjs.org/mime-db 126ms (cache revalidated)
1068 silly packumentCache full:https://registry.npmjs.org/mime-db set size:164953 disposed:false
1069 http fetch GET 200 https://registry.npmjs.org/@fastify%2fbusboy 358ms (cache revalidated)
1070 silly packumentCache full:https://registry.npmjs.org/@fastify%2fbusboy set size:62317 disposed:false
1071 http fetch GET 200 https://registry.npmjs.org/@edge-runtime%2fformat 715ms (cache revalidated)
1072 silly packumentCache full:https://registry.npmjs.org/@edge-runtime%2fformat set size:99857 disposed:false
1073 http fetch GET 200 https://registry.npmjs.org/time-span 925ms (cache revalidated)
1074 silly packumentCache full:https://registry.npmjs.org/time-span set size:18816 disposed:false
1075 http fetch GET 200 https://registry.npmjs.org/@edge-runtime%2fponyfill 1411ms (cache revalidated)
1076 silly packumentCache full:https://registry.npmjs.org/@edge-runtime%2fponyfill set size:65733 disposed:false
1077 silly placeDep ROOT undici-types@5.26.5 OK for: @types/node@20.11.0 want: ~5.26.4
1078 silly placeDep ROOT @bytecodealliance/preview2-shim@0.17.6 OK for: @vercel/python-analysis@0.6.0 want: 0.17.6
1079 silly placeDep ROOT @renovatebot/pep440@4.2.1 OK for: @vercel/python-analysis@0.6.0 want: 4.2.1
1080 silly placeDep node_modules/@vercel/python-analysis fs-extra@11.1.1 OK for: @vercel/python-analysis@0.6.0 want: 11.1.1
1081 silly placeDep ROOT js-yaml@4.1.1 OK for: @vercel/python-analysis@0.6.0 want: 4.1.1
1082 silly placeDep ROOT minimatch@10.1.1 OK for: @vercel/python-analysis@0.6.0 want: 10.1.1
1083 silly placeDep ROOT pip-requirements-js@1.0.2 OK for: @vercel/python-analysis@0.6.0 want: 1.0.2
1084 silly placeDep ROOT smol-toml@1.5.2 OK for: @vercel/python-analysis@0.6.0 want: 1.5.2
1085 silly fetch manifest argparse@^2.0.1
1086 silly packumentCache full:https://registry.npmjs.org/argparse cache-miss
1087 silly fetch manifest @isaacs/brace-expansion@^5.0.0
1088 silly packumentCache full:https://registry.npmjs.org/@isaacs%2fbrace-expansion cache-miss
1089 silly fetch manifest ohm-js@^17.1.0
1090 silly packumentCache full:https://registry.npmjs.org/ohm-js cache-miss
1091 http fetch GET 200 https://registry.npmjs.org/argparse 81ms (cache revalidated)
1092 silly packumentCache full:https://registry.npmjs.org/argparse set size:49266 disposed:false
1093 http fetch GET 200 https://registry.npmjs.org/@isaacs%2fbrace-expansion 89ms (cache revalidated)
1094 silly packumentCache full:https://registry.npmjs.org/@isaacs%2fbrace-expansion set size:7366 disposed:false
1095 http fetch GET 200 https://registry.npmjs.org/ohm-js 387ms (cache updated)
1096 silly packumentCache full:https://registry.npmjs.org/ohm-js set size:undefined disposed:false
1097 silly placeDep node_modules/@vercel/redwood @vercel/nft@1.1.1 OK for: @vercel/redwood@2.4.9 want: 1.1.1
1098 silly placeDep node_modules/@vercel/redwood semver@6.3.1 OK for: @vercel/redwood@2.4.9 want: 6.3.1
1099 silly placeDep node_modules/@vercel/remix-builder @vercel/nft@1.1.1 OK for: @vercel/remix-builder@5.5.10 want: 1.1.1
1100 silly placeDep node_modules/@vercel/remix-builder path-to-regexp@6.1.0 OK for: @vercel/remix-builder@5.5.10 want: 6.1.0
1101 silly placeDep ROOT @iarna/toml@2.2.5 OK for: @vercel/rust@1.0.5 want: ^2.2.5
1102 silly placeDep node_modules/@vercel/rust execa@5.1.1 OK for: @vercel/rust@1.0.5 want: 5
1103 silly fetch manifest onetime@^5.1.2
1104 silly packumentCache full:https://registry.npmjs.org/onetime cache-hit
1105 silly fetch manifest get-stream@^6.0.0
1106 silly packumentCache full:https://registry.npmjs.org/get-stream cache-hit
1107 silly fetch manifest cross-spawn@^7.0.3
1108 silly packumentCache full:https://registry.npmjs.org/cross-spawn cache-hit
1109 silly fetch manifest signal-exit@^3.0.3
1110 silly packumentCache full:https://registry.npmjs.org/signal-exit cache-hit
1111 silly fetch manifest npm-run-path@^4.0.1
1112 silly packumentCache full:https://registry.npmjs.org/npm-run-path cache-hit
1113 silly fetch manifest human-signals@^2.1.0
1114 silly packumentCache full:https://registry.npmjs.org/human-signals cache-hit
1115 silly placeDep ROOT @vercel/gatsby-plugin-vercel-analytics@1.0.11 OK for: @vercel/static-build@2.8.40 want: 1.0.11
1116 silly placeDep ROOT @vercel/gatsby-plugin-vercel-builder@2.0.138 OK for: @vercel/static-build@2.8.40 want: 2.0.138
1117 silly fetch manifest web-vitals@0.2.4
1118 silly packumentCache full:https://registry.npmjs.org/web-vitals cache-miss
1119 silly fetch manifest @sinclair/typebox@0.25.24
1120 silly packumentCache full:https://registry.npmjs.org/@sinclair%2ftypebox cache-miss
1121 http fetch GET 200 https://registry.npmjs.org/web-vitals 130ms (cache revalidated)
1122 silly packumentCache full:https://registry.npmjs.org/web-vitals set size:478277 disposed:false
1123 http fetch GET 200 https://registry.npmjs.org/@sinclair%2ftypebox 148ms (cache revalidated)
1124 silly packumentCache full:https://registry.npmjs.org/@sinclair%2ftypebox set size:1145528 disposed:false
1125 silly placeDep ROOT web-vitals@0.2.4 OK for: @vercel/gatsby-plugin-vercel-analytics@1.0.11 want: 0.2.4
1126 silly placeDep ROOT @sinclair/typebox@0.25.24 OK for: @vercel/gatsby-plugin-vercel-builder@2.0.138 want: 0.25.24
1127 silly placeDep ROOT ajv@8.6.3 OK for: @vercel/static-config@3.1.2 want: 8.6.3
1128 silly placeDep ROOT json-schema-to-ts@1.6.4 OK for: @vercel/static-config@3.1.2 want: 1.6.4
1129 silly fetch manifest uri-js@^4.2.2
1130 silly packumentCache full:https://registry.npmjs.org/uri-js cache-miss
1131 silly fetch manifest fast-deep-equal@^3.1.1
1132 silly packumentCache full:https://registry.npmjs.org/fast-deep-equal cache-miss
1133 silly fetch manifest require-from-string@^2.0.2
1134 silly packumentCache full:https://registry.npmjs.org/require-from-string cache-miss
1135 silly fetch manifest json-schema-traverse@^1.0.0
1136 silly packumentCache full:https://registry.npmjs.org/json-schema-traverse cache-miss
1137 silly fetch manifest ts-toolbelt@^6.15.5
1138 silly packumentCache full:https://registry.npmjs.org/ts-toolbelt cache-miss
1139 silly fetch manifest @types/json-schema@^7.0.6
1140 silly packumentCache full:https://registry.npmjs.org/@types%2fjson-schema cache-miss
1141 http fetch GET 200 https://registry.npmjs.org/uri-js 101ms (cache revalidated)
1142 silly packumentCache full:https://registry.npmjs.org/uri-js set size:42559 disposed:false
1143 http fetch GET 200 https://registry.npmjs.org/fast-deep-equal 109ms (cache revalidated)
1144 silly packumentCache full:https://registry.npmjs.org/fast-deep-equal set size:48634 disposed:false
1145 http fetch GET 200 https://registry.npmjs.org/require-from-string 110ms (cache revalidated)
1146 silly packumentCache full:https://registry.npmjs.org/require-from-string set size:15128 disposed:false
1147 http fetch GET 200 https://registry.npmjs.org/json-schema-traverse 110ms (cache revalidated)
1148 silly packumentCache full:https://registry.npmjs.org/json-schema-traverse set size:23537 disposed:false
1149 http fetch GET 200 https://registry.npmjs.org/@types%2fjson-schema 125ms (cache revalidated)
1150 silly packumentCache full:https://registry.npmjs.org/@types%2fjson-schema set size:44704 disposed:false
1151 http fetch GET 200 https://registry.npmjs.org/ts-toolbelt 856ms (cache revalidated)
1152 silly packumentCache full:https://registry.npmjs.org/ts-toolbelt set size:10549005 disposed:false
1153 silly placeDep ROOT fast-deep-equal@3.1.3 OK for: ajv@8.6.3 want: ^3.1.1
1154 silly placeDep ROOT json-schema-traverse@1.0.0 OK for: ajv@8.6.3 want: ^1.0.0
1155 silly placeDep ROOT require-from-string@2.0.2 OK for: ajv@8.6.3 want: ^2.0.2
1156 silly placeDep ROOT uri-js@4.4.1 OK for: ajv@8.6.3 want: ^4.2.2
1157 silly fetch manifest punycode@^2.1.0
1158 silly packumentCache full:https://registry.npmjs.org/punycode cache-miss
1159 http fetch GET 200 https://registry.npmjs.org/punycode 81ms (cache revalidated)
1160 silly packumentCache full:https://registry.npmjs.org/punycode set size:61302 disposed:false
1161 silly placeDep ROOT retry@0.13.1 OK for: async-retry@1.3.3 want: 0.13.1
1162 silly placeDep ROOT file-uri-to-path@1.0.0 OK for: bindings@1.5.0 want: 1.0.0
1163 silly placeDep ROOT readdirp@4.1.2 OK for: chokidar@4.0.0 want: ^4.0.1
1164 silly placeDep node_modules/debug ms@2.1.2 OK for: debug@4.3.4 want: 2.1.2
1165 silly placeDep ROOT @edge-runtime/format@2.2.1 OK for: edge-runtime@2.5.9 want: 2.2.1
1166 silly placeDep ROOT @edge-runtime/ponyfill@2.4.2 OK for: edge-runtime@2.5.9 want: 2.4.2
1167 silly placeDep node_modules/edge-runtime async-listen@3.0.1 OK for: edge-runtime@2.5.9 want: 3.0.1
1168 silly placeDep ROOT mri@1.2.0 OK for: edge-runtime@2.5.9 want: 1.2.0
1169 silly placeDep ROOT picocolors@1.0.0 OK for: edge-runtime@2.5.9 want: 1.0.0
1170 silly placeDep ROOT pretty-ms@7.0.1 OK for: edge-runtime@2.5.9 want: 7.0.1
1171 silly placeDep ROOT signal-exit@4.0.2 OK for: edge-runtime@2.5.9 want: 4.0.2
1172 silly placeDep ROOT time-span@4.0.0 OK for: edge-runtime@2.5.9 want: 4.0.0
1173 silly fetch manifest parse-ms@^2.1.0
1174 silly packumentCache full:https://registry.npmjs.org/parse-ms cache-miss
1175 silly fetch manifest convert-hrtime@^3.0.0
1176 silly packumentCache full:https://registry.npmjs.org/convert-hrtime cache-miss
1177 http fetch GET 200 https://registry.npmjs.org/parse-ms 149ms (cache revalidated)
1178 silly packumentCache full:https://registry.npmjs.org/parse-ms set size:18020 disposed:false
1179 http fetch GET 200 https://registry.npmjs.org/convert-hrtime 408ms (cache revalidated)
1180 silly packumentCache full:https://registry.npmjs.org/convert-hrtime set size:12856 disposed:false
1181 silly placeDep ROOT @esbuild/aix-ppc64@0.27.0 OK for: esbuild@0.27.0 want: 0.27.0
1182 silly placeDep ROOT @esbuild/android-arm@0.27.0 OK for: esbuild@0.27.0 want: 0.27.0
1183 silly placeDep ROOT @esbuild/android-arm64@0.27.0 OK for: esbuild@0.27.0 want: 0.27.0
1184 silly placeDep ROOT @esbuild/android-x64@0.27.0 OK for: esbuild@0.27.0 want: 0.27.0
1185 silly placeDep ROOT @esbuild/darwin-arm64@0.27.0 OK for: esbuild@0.27.0 want: 0.27.0
1186 silly placeDep ROOT @esbuild/darwin-x64@0.27.0 OK for: esbuild@0.27.0 want: 0.27.0
1187 silly placeDep ROOT @esbuild/freebsd-arm64@0.27.0 OK for: esbuild@0.27.0 want: 0.27.0
1188 silly placeDep ROOT @esbuild/freebsd-x64@0.27.0 OK for: esbuild@0.27.0 want: 0.27.0
1189 silly placeDep ROOT @esbuild/linux-arm@0.27.0 OK for: esbuild@0.27.0 want: 0.27.0
1190 silly placeDep ROOT @esbuild/linux-arm64@0.27.0 OK for: esbuild@0.27.0 want: 0.27.0
1191 silly placeDep ROOT @esbuild/linux-ia32@0.27.0 OK for: esbuild@0.27.0 want: 0.27.0
1192 silly placeDep ROOT @esbuild/linux-loong64@0.27.0 OK for: esbuild@0.27.0 want: 0.27.0
1193 silly placeDep ROOT @esbuild/linux-mips64el@0.27.0 OK for: esbuild@0.27.0 want: 0.27.0
1194 silly placeDep ROOT @esbuild/linux-ppc64@0.27.0 OK for: esbuild@0.27.0 want: 0.27.0
1195 silly placeDep ROOT @esbuild/linux-riscv64@0.27.0 OK for: esbuild@0.27.0 want: 0.27.0
1196 silly placeDep ROOT @esbuild/linux-s390x@0.27.0 OK for: esbuild@0.27.0 want: 0.27.0
1197 silly placeDep ROOT @esbuild/linux-x64@0.27.0 OK for: esbuild@0.27.0 want: 0.27.0
1198 silly placeDep ROOT @esbuild/netbsd-arm64@0.27.0 OK for: esbuild@0.27.0 want: 0.27.0
1199 silly placeDep ROOT @esbuild/netbsd-x64@0.27.0 OK for: esbuild@0.27.0 want: 0.27.0
1200 silly placeDep ROOT @esbuild/openbsd-arm64@0.27.0 OK for: esbuild@0.27.0 want: 0.27.0
1201 silly placeDep ROOT @esbuild/openbsd-x64@0.27.0 OK for: esbuild@0.27.0 want: 0.27.0
1202 silly placeDep ROOT @esbuild/openharmony-arm64@0.27.0 OK for: esbuild@0.27.0 want: 0.27.0
1203 silly placeDep ROOT @esbuild/sunos-x64@0.27.0 OK for: esbuild@0.27.0 want: 0.27.0
1204 silly placeDep ROOT @esbuild/win32-arm64@0.27.0 OK for: esbuild@0.27.0 want: 0.27.0
1205 silly placeDep ROOT @esbuild/win32-ia32@0.27.0 OK for: esbuild@0.27.0 want: 0.27.0
1206 silly placeDep ROOT @esbuild/win32-x64@0.27.0 OK for: esbuild@0.27.0 want: 0.27.0
1207 silly placeDep ROOT cross-spawn@7.0.6 OK for: execa@3.2.0 want: ^7.0.0
1208 silly placeDep ROOT get-stream@5.2.0 OK for: execa@3.2.0 want: ^5.0.0
1209 silly placeDep ROOT human-signals@1.1.1 OK for: execa@3.2.0 want: ^1.1.1
1210 silly placeDep ROOT is-stream@2.0.1 OK for: execa@3.2.0 want: ^2.0.0
1211 silly placeDep ROOT merge-stream@2.0.0 OK for: execa@3.2.0 want: ^2.0.0
1212 silly placeDep ROOT npm-run-path@4.0.1 OK for: execa@3.2.0 want: ^4.0.0
1213 silly placeDep ROOT onetime@5.1.2 OK for: execa@3.2.0 want: ^5.1.0
1214 silly placeDep ROOT p-finally@2.0.1 OK for: execa@3.2.0 want: ^2.0.0
1215 silly placeDep node_modules/execa signal-exit@3.0.7 OK for: execa@3.2.0 want: ^3.0.2
1216 silly placeDep ROOT strip-final-newline@2.0.0 OK for: execa@3.2.0 want: ^2.0.0
1217 silly fetch manifest which@^2.0.1
1218 silly packumentCache full:https://registry.npmjs.org/which cache-miss
1219 silly fetch manifest path-key@^3.1.0
1220 silly packumentCache full:https://registry.npmjs.org/path-key cache-miss
1221 silly fetch manifest shebang-command@^2.0.0
1222 silly packumentCache full:https://registry.npmjs.org/shebang-command cache-miss
1223 silly fetch manifest pump@^3.0.0
1224 silly packumentCache full:https://registry.npmjs.org/pump cache-miss
1225 silly fetch manifest path-key@^3.0.0
1226 silly packumentCache full:https://registry.npmjs.org/path-key cache-miss
1227 silly fetch manifest mimic-fn@^2.1.0
1228 silly packumentCache full:https://registry.npmjs.org/mimic-fn cache-miss
1229 http fetch GET 200 https://registry.npmjs.org/pump 207ms (cache revalidated)
1230 silly packumentCache full:https://registry.npmjs.org/pump set size:39621 disposed:false
1231 http fetch GET 200 https://registry.npmjs.org/path-key 236ms (cache revalidated)
1232 silly packumentCache full:https://registry.npmjs.org/path-key set size:16975 disposed:false
1233 http fetch GET 200 https://registry.npmjs.org/shebang-command 268ms (cache revalidated)
1234 silly packumentCache full:https://registry.npmjs.org/shebang-command set size:8525 disposed:false
1235 http fetch GET 200 https://registry.npmjs.org/which 271ms (cache revalidated)
1236 silly packumentCache full:https://registry.npmjs.org/which set size:67805 disposed:false
1237 http fetch GET 200 https://registry.npmjs.org/path-key 283ms (cache revalidated)
1238 silly packumentCache full:https://registry.npmjs.org/path-key set size:16975 disposed:false
1239 silly packumentCache full:https://registry.npmjs.org/path-key dispose
1240 http fetch GET 200 https://registry.npmjs.org/mimic-fn 512ms (cache revalidated)
1241 silly packumentCache full:https://registry.npmjs.org/mimic-fn set size:22257 disposed:false
1242 silly placeDep ROOT path-key@3.1.1 OK for: cross-spawn@7.0.6 want: ^3.1.0
1243 silly placeDep ROOT shebang-command@2.0.0 OK for: cross-spawn@7.0.6 want: ^2.0.0
1244 silly placeDep ROOT which@2.0.2 OK for: cross-spawn@7.0.6 want: ^2.0.1
1245 silly fetch manifest shebang-regex@^3.0.0
1246 silly packumentCache full:https://registry.npmjs.org/shebang-regex cache-miss
1247 silly fetch manifest isexe@^2.0.0
1248 silly packumentCache full:https://registry.npmjs.org/isexe cache-miss
1249 http fetch GET 200 https://registry.npmjs.org/isexe 112ms (cache revalidated)
1250 silly packumentCache full:https://registry.npmjs.org/isexe set size:31756 disposed:false
1251 http fetch GET 200 https://registry.npmjs.org/shebang-regex 126ms (cache revalidated)
1252 silly packumentCache full:https://registry.npmjs.org/shebang-regex set size:9763 disposed:false
1253 silly placeDep ROOT asynckit@0.4.0 OK for: form-data@4.0.5 want: ^0.4.0
1254 silly placeDep ROOT combined-stream@1.0.8 OK for: form-data@4.0.5 want: ^1.0.8
1255 silly placeDep ROOT es-set-tostringtag@2.1.0 OK for: form-data@4.0.5 want: ^2.1.0
1256 silly placeDep ROOT hasown@2.0.2 OK for: form-data@4.0.5 want: ^2.0.2
1257 silly fetch manifest delayed-stream@~1.0.0
1258 silly packumentCache full:https://registry.npmjs.org/delayed-stream cache-miss
1259 silly fetch manifest es-errors@^1.3.0
1260 silly packumentCache full:https://registry.npmjs.org/es-errors cache-miss
1261 silly fetch manifest get-intrinsic@^1.2.6
1262 silly packumentCache full:https://registry.npmjs.org/get-intrinsic cache-miss
1263 silly fetch manifest has-tostringtag@^1.0.2
1264 silly packumentCache full:https://registry.npmjs.org/has-tostringtag cache-miss
1265 silly fetch manifest function-bind@^1.1.2
1266 silly packumentCache full:https://registry.npmjs.org/function-bind cache-miss
1267 http fetch GET 200 https://registry.npmjs.org/get-intrinsic 97ms (cache revalidated)
1268 silly packumentCache full:https://registry.npmjs.org/get-intrinsic set size:60985 disposed:false
1269 http fetch GET 200 https://registry.npmjs.org/function-bind 106ms (cache revalidated)
1270 silly packumentCache full:https://registry.npmjs.org/function-bind set size:15733 disposed:false
1271 http fetch GET 200 https://registry.npmjs.org/delayed-stream 109ms (cache revalidated)
1272 silly packumentCache full:https://registry.npmjs.org/delayed-stream set size:15820 disposed:false
1273 http fetch GET 200 https://registry.npmjs.org/has-tostringtag 110ms (cache revalidated)
1274 silly packumentCache full:https://registry.npmjs.org/has-tostringtag set size:13945 disposed:false
1275 http fetch GET 200 https://registry.npmjs.org/es-errors 111ms (cache revalidated)
1276 silly packumentCache full:https://registry.npmjs.org/es-errors set size:16918 disposed:false
1277 silly placeDep ROOT delayed-stream@1.0.0 OK for: combined-stream@1.0.8 want: ~1.0.0
1278 silly placeDep ROOT es-errors@1.3.0 OK for: es-set-tostringtag@2.1.0 want: ^1.3.0
1279 silly placeDep ROOT get-intrinsic@1.3.0 OK for: es-set-tostringtag@2.1.0 want: ^1.2.6
1280 silly placeDep ROOT has-tostringtag@1.0.2 OK for: es-set-tostringtag@2.1.0 want: ^1.0.2
1281 silly fetch manifest gopd@^1.2.0
1282 silly packumentCache full:https://registry.npmjs.org/gopd cache-miss
1283 silly fetch manifest get-proto@^1.0.1
1284 silly packumentCache full:https://registry.npmjs.org/get-proto cache-miss
1285 silly fetch manifest has-symbols@^1.1.0
1286 silly packumentCache full:https://registry.npmjs.org/has-symbols cache-miss
1287 silly fetch manifest es-object-atoms@^1.1.1
1288 silly packumentCache full:https://registry.npmjs.org/es-object-atoms cache-miss
1289 silly fetch manifest math-intrinsics@^1.1.0
1290 silly packumentCache full:https://registry.npmjs.org/math-intrinsics cache-miss
1291 silly fetch manifest es-define-property@^1.0.1
1292 silly packumentCache full:https://registry.npmjs.org/es-define-property cache-miss
1293 silly fetch manifest call-bind-apply-helpers@^1.0.2
1294 silly packumentCache full:https://registry.npmjs.org/call-bind-apply-helpers cache-miss
1295 http fetch GET 200 https://registry.npmjs.org/has-symbols 91ms (cache revalidated)
1296 silly packumentCache full:https://registry.npmjs.org/has-symbols set size:21550 disposed:false
1297 silly fetch manifest has-symbols@^1.0.3
1298 silly packumentCache full:https://registry.npmjs.org/has-symbols cache-hit
1299 http fetch GET 200 https://registry.npmjs.org/gopd 125ms (cache revalidated)
1300 silly packumentCache full:https://registry.npmjs.org/gopd set size:11458 disposed:false
1301 http fetch GET 200 https://registry.npmjs.org/math-intrinsics 122ms (cache revalidated)
1302 silly packumentCache full:https://registry.npmjs.org/math-intrinsics set size:9265 disposed:false
1303 http fetch GET 200 https://registry.npmjs.org/get-proto 125ms (cache revalidated)
1304 silly packumentCache full:https://registry.npmjs.org/get-proto set size:8300 disposed:false
1305 http fetch GET 200 https://registry.npmjs.org/es-define-property 122ms (cache revalidated)
1306 silly packumentCache full:https://registry.npmjs.org/es-define-property set size:8542 disposed:false
1307 http fetch GET 200 https://registry.npmjs.org/call-bind-apply-helpers 123ms (cache revalidated)
1308 silly packumentCache full:https://registry.npmjs.org/call-bind-apply-helpers set size:12744 disposed:false
1309 http fetch GET 200 https://registry.npmjs.org/es-object-atoms 124ms (cache revalidated)
1310 silly packumentCache full:https://registry.npmjs.org/es-object-atoms set size:15304 disposed:false
1311 silly placeDep ROOT jsonfile@6.2.0 OK for: fs-extra@11.1.0 want: ^6.0.1
1312 silly placeDep ROOT universalify@2.0.1 OK for: fs-extra@11.1.0 want: ^2.0.0
1313 silly placeDep ROOT call-bind-apply-helpers@1.0.2 OK for: get-intrinsic@1.3.0 want: ^1.0.2
1314 silly placeDep ROOT es-define-property@1.0.1 OK for: get-intrinsic@1.3.0 want: ^1.0.1
1315 silly placeDep ROOT es-object-atoms@1.1.1 OK for: get-intrinsic@1.3.0 want: ^1.1.1
1316 silly placeDep ROOT function-bind@1.1.2 OK for: get-intrinsic@1.3.0 want: ^1.1.2
1317 silly placeDep ROOT get-proto@1.0.1 OK for: get-intrinsic@1.3.0 want: ^1.0.1
1318 silly placeDep ROOT gopd@1.2.0 OK for: get-intrinsic@1.3.0 want: ^1.2.0
1319 silly placeDep ROOT has-symbols@1.1.0 OK for: get-intrinsic@1.3.0 want: ^1.1.0
1320 silly placeDep ROOT math-intrinsics@1.1.0 OK for: get-intrinsic@1.3.0 want: ^1.1.0
1321 silly fetch manifest dunder-proto@^1.0.1
1322 silly packumentCache full:https://registry.npmjs.org/dunder-proto cache-miss
1323 http fetch GET 200 https://registry.npmjs.org/dunder-proto 76ms (cache revalidated)
1324 silly packumentCache full:https://registry.npmjs.org/dunder-proto set size:8256 disposed:false
1325 silly placeDep ROOT dunder-proto@1.0.1 OK for: get-proto@1.0.1 want: ^1.0.1
1326 silly placeDep ROOT pump@3.0.3 OK for: get-stream@5.2.0 want: ^3.0.0
1327 silly fetch manifest end-of-stream@^1.1.0
1328 silly packumentCache full:https://registry.npmjs.org/end-of-stream cache-hit
1329 silly fetch manifest once@^1.3.1
1330 silly packumentCache full:https://registry.npmjs.org/once cache-miss
1331 http fetch GET 200 https://registry.npmjs.org/once 62ms (cache revalidated)
1332 silly packumentCache full:https://registry.npmjs.org/once set size:11768 disposed:false
1333 silly placeDep node_modules/glob minimatch@10.2.2 OK for: glob@13.0.6 want: ^10.2.2
1334 silly placeDep ROOT minipass@7.1.3 OK for: glob@13.0.6 want: ^7.1.3
1335 silly placeDep ROOT path-scurry@2.0.2 OK for: glob@13.0.6 want: ^2.0.2
1336 silly fetch manifest brace-expansion@^5.0.2
1337 silly packumentCache full:https://registry.npmjs.org/brace-expansion cache-miss
1338 silly fetch manifest lru-cache@^11.0.0
1339 silly packumentCache full:https://registry.npmjs.org/lru-cache cache-hit
1340 http fetch GET 200 https://registry.npmjs.org/brace-expansion 65ms (cache revalidated)
1341 silly packumentCache full:https://registry.npmjs.org/brace-expansion set size:51042 disposed:false
1342 silly placeDep ROOT agent-base@7.1.4 OK for: https-proxy-agent@7.0.6 want: ^7.1.2
1343 silly placeDep ROOT argparse@2.0.1 OK for: js-yaml@4.1.1 want: ^2.0.1
1344 silly placeDep ROOT @types/json-schema@7.0.15 OK for: json-schema-to-ts@1.6.4 want: ^7.0.6
1345 silly placeDep ROOT ts-toolbelt@6.15.5 OK for: json-schema-to-ts@1.6.4 want: ^6.15.5
1346 silly placeDep ROOT arg@4.1.0 OK for: micro@9.3.5-canary.3 want: 4.1.0
1347 silly placeDep ROOT content-type@1.0.4 OK for: micro@9.3.5-canary.3 want: 1.0.4
1348 silly placeDep ROOT raw-body@2.4.1 OK for: micro@9.3.5-canary.3 want: 2.4.1
1349 silly fetch manifest bytes@3.1.0
1350 silly packumentCache full:https://registry.npmjs.org/bytes cache-miss
1351 silly fetch manifest unpipe@1.0.0
1352 silly packumentCache full:https://registry.npmjs.org/unpipe cache-miss
1353 silly fetch manifest iconv-lite@0.4.24
1354 silly packumentCache full:https://registry.npmjs.org/iconv-lite cache-miss
1355 silly fetch manifest http-errors@1.7.3
1356 silly packumentCache full:https://registry.npmjs.org/http-errors cache-miss
1357 http fetch GET 200 https://registry.npmjs.org/unpipe 102ms (cache revalidated)
1358 silly packumentCache full:https://registry.npmjs.org/unpipe set size:3609 disposed:false
1359 http fetch GET 200 https://registry.npmjs.org/bytes 103ms (cache revalidated)
1360 silly packumentCache full:https://registry.npmjs.org/bytes set size:37018 disposed:false
1361 http fetch GET 200 https://registry.npmjs.org/http-errors 104ms (cache revalidated)
1362 silly packumentCache full:https://registry.npmjs.org/http-errors set size:71987 disposed:false
1363 http fetch GET 200 https://registry.npmjs.org/iconv-lite 108ms (cache revalidated)
1364 silly packumentCache full:https://registry.npmjs.org/iconv-lite set size:120557 disposed:false
1365 silly placeDep ROOT mime-db@1.52.0 OK for: mime-types@2.1.35 want: 1.52.0
1366 silly placeDep ROOT @isaacs/brace-expansion@5.0.1 OK for: minimatch@10.1.1 want: ^5.0.0
1367 silly fetch manifest @isaacs/balanced-match@^4.0.1
1368 silly packumentCache full:https://registry.npmjs.org/@isaacs%2fbalanced-match cache-miss
1369 http fetch GET 200 https://registry.npmjs.org/@isaacs%2fbalanced-match 74ms (cache revalidated)
1370 silly packumentCache full:https://registry.npmjs.org/@isaacs%2fbalanced-match set size:7823 disposed:false
1371 silly placeDep ROOT @isaacs/balanced-match@4.0.1 OK for: @isaacs/brace-expansion@5.0.1 want: ^4.0.1
1372 silly placeDep ROOT whatwg-url@5.0.0 OK for: node-fetch@2.6.7 want: ^5.0.0
1373 silly fetch manifest tr46@~0.0.3
1374 silly packumentCache full:https://registry.npmjs.org/tr46 cache-miss
1375 silly fetch manifest webidl-conversions@^3.0.0
1376 silly packumentCache full:https://registry.npmjs.org/webidl-conversions cache-miss
1377 http fetch GET 200 https://registry.npmjs.org/webidl-conversions 55ms (cache revalidated)
1378 silly packumentCache full:https://registry.npmjs.org/webidl-conversions set size:46073 disposed:false
1379 http fetch GET 200 https://registry.npmjs.org/tr46 57ms (cache revalidated)
1380 silly packumentCache full:https://registry.npmjs.org/tr46 set size:47377 disposed:false
1381 silly placeDep ROOT abbrev@3.0.1 OK for: nopt@8.1.0 want: ^3.0.0
1382 silly placeDep ROOT mimic-fn@2.1.0 OK for: onetime@5.1.2 want: ^2.1.0
1383 silly placeDep ROOT @oxc-transform/binding-android-arm-eabi@0.111.0 OK for: oxc-transform@0.111.0 want: 0.111.0
1384 silly placeDep ROOT @oxc-transform/binding-android-arm64@0.111.0 OK for: oxc-transform@0.111.0 want: 0.111.0
1385 silly placeDep ROOT @oxc-transform/binding-darwin-arm64@0.111.0 OK for: oxc-transform@0.111.0 want: 0.111.0
1386 silly placeDep ROOT @oxc-transform/binding-darwin-x64@0.111.0 OK for: oxc-transform@0.111.0 want: 0.111.0
1387 silly placeDep ROOT @oxc-transform/binding-freebsd-x64@0.111.0 OK for: oxc-transform@0.111.0 want: 0.111.0
1388 silly placeDep ROOT @oxc-transform/binding-linux-arm-gnueabihf@0.111.0 OK for: oxc-transform@0.111.0 want: 0.111.0
1389 silly placeDep ROOT @oxc-transform/binding-linux-arm-musleabihf@0.111.0 OK for: oxc-transform@0.111.0 want: 0.111.0
1390 silly placeDep ROOT @oxc-transform/binding-linux-arm64-gnu@0.111.0 OK for: oxc-transform@0.111.0 want: 0.111.0
1391 silly placeDep ROOT @oxc-transform/binding-linux-arm64-musl@0.111.0 OK for: oxc-transform@0.111.0 want: 0.111.0
1392 silly placeDep ROOT @oxc-transform/binding-linux-ppc64-gnu@0.111.0 OK for: oxc-transform@0.111.0 want: 0.111.0
1393 silly placeDep ROOT @oxc-transform/binding-linux-riscv64-gnu@0.111.0 OK for: oxc-transform@0.111.0 want: 0.111.0
1394 silly placeDep ROOT @oxc-transform/binding-linux-riscv64-musl@0.111.0 OK for: oxc-transform@0.111.0 want: 0.111.0
1395 silly placeDep ROOT @oxc-transform/binding-linux-s390x-gnu@0.111.0 OK for: oxc-transform@0.111.0 want: 0.111.0
1396 silly placeDep ROOT @oxc-transform/binding-linux-x64-gnu@0.111.0 OK for: oxc-transform@0.111.0 want: 0.111.0
1397 silly placeDep ROOT @oxc-transform/binding-linux-x64-musl@0.111.0 OK for: oxc-transform@0.111.0 want: 0.111.0
1398 silly placeDep ROOT @oxc-transform/binding-openharmony-arm64@0.111.0 OK for: oxc-transform@0.111.0 want: 0.111.0
1399 silly placeDep ROOT @oxc-transform/binding-wasm32-wasi@0.111.0 OK for: oxc-transform@0.111.0 want: 0.111.0
1400 silly placeDep ROOT @oxc-transform/binding-win32-arm64-msvc@0.111.0 OK for: oxc-transform@0.111.0 want: 0.111.0
1401 silly placeDep ROOT @oxc-transform/binding-win32-ia32-msvc@0.111.0 OK for: oxc-transform@0.111.0 want: 0.111.0
1402 silly placeDep ROOT @oxc-transform/binding-win32-x64-msvc@0.111.0 OK for: oxc-transform@0.111.0 want: 0.111.0
1403 silly fetch manifest @napi-rs/wasm-runtime@^1.1.1
1404 silly packumentCache full:https://registry.npmjs.org/@napi-rs%2fwasm-runtime cache-miss
1405 http fetch GET 200 https://registry.npmjs.org/@napi-rs%2fwasm-runtime 73ms (cache revalidated)
1406 silly packumentCache full:https://registry.npmjs.org/@napi-rs%2fwasm-runtime set size:63456 disposed:false
1407 silly placeDep ROOT @napi-rs/wasm-runtime@1.1.1 OK for: @oxc-transform/binding-wasm32-wasi@0.111.0 want: ^1.1.1
1408 silly fetch manifest @emnapi/core@^1.7.1
1409 silly packumentCache full:https://registry.npmjs.org/@emnapi%2fcore cache-miss
1410 silly fetch manifest @emnapi/runtime@^1.7.1
1411 silly packumentCache full:https://registry.npmjs.org/@emnapi%2fruntime cache-miss
1412 silly fetch manifest @tybys/wasm-util@^0.10.1
1413 silly packumentCache full:https://registry.npmjs.org/@tybys%2fwasm-util cache-miss
1414 http fetch GET 200 https://registry.npmjs.org/@emnapi%2fruntime 97ms (cache revalidated)
1415 silly packumentCache full:https://registry.npmjs.org/@emnapi%2fruntime set size:99452 disposed:false
1416 http fetch GET 200 https://registry.npmjs.org/@tybys%2fwasm-util 105ms (cache revalidated)
1417 silly packumentCache full:https://registry.npmjs.org/@tybys%2fwasm-util set size:55410 disposed:false
1418 http fetch GET 200 https://registry.npmjs.org/@emnapi%2fcore 106ms (cache revalidated)
1419 silly packumentCache full:https://registry.npmjs.org/@emnapi%2fcore set size:96861 disposed:false
1420 silly placeDep ROOT @emnapi/core@1.8.1 OK for: @napi-rs/wasm-runtime@1.1.1 want: ^1.7.1
1421 silly placeDep ROOT @emnapi/runtime@1.8.1 OK for: @napi-rs/wasm-runtime@1.1.1 want: ^1.7.1
1422 silly placeDep ROOT @tybys/wasm-util@0.10.1 OK for: @napi-rs/wasm-runtime@1.1.1 want: ^0.10.1
1423 silly fetch manifest @emnapi/wasi-threads@1.1.0
1424 silly packumentCache full:https://registry.npmjs.org/@emnapi%2fwasi-threads cache-miss
1425 silly fetch manifest tslib@^2.4.0
1426 silly packumentCache full:https://registry.npmjs.org/tslib cache-miss
1427 silly fetch manifest tslib@^2.4.0
1428 silly packumentCache full:https://registry.npmjs.org/tslib cache-miss
1429 silly fetch manifest tslib@^2.4.0
1430 silly packumentCache full:https://registry.npmjs.org/tslib cache-miss
1431 http fetch GET 200 https://registry.npmjs.org/tslib 432ms (cache revalidated)
1432 silly packumentCache full:https://registry.npmjs.org/tslib set size:108760 disposed:false
1433 http fetch GET 200 https://registry.npmjs.org/tslib 438ms (cache revalidated)
1434 silly packumentCache full:https://registry.npmjs.org/tslib set size:108760 disposed:false
1435 silly packumentCache full:https://registry.npmjs.org/tslib dispose
1436 http fetch GET 200 https://registry.npmjs.org/tslib 442ms (cache revalidated)
1437 silly packumentCache full:https://registry.npmjs.org/tslib set size:108760 disposed:true
1438 silly packumentCache full:https://registry.npmjs.org/tslib dispose
1439 http fetch GET 200 https://registry.npmjs.org/@emnapi%2fwasi-threads 447ms (cache revalidated)
1440 silly packumentCache full:https://registry.npmjs.org/@emnapi%2fwasi-threads set size:19454 disposed:false
1441 silly placeDep ROOT @emnapi/wasi-threads@1.1.0 OK for: @emnapi/core@1.8.1 want: 1.1.0
1442 silly placeDep ROOT tslib@2.8.1 OK for: @emnapi/core@1.8.1 want: ^2.4.0
1443 silly placeDep ROOT lru-cache@11.2.6 OK for: path-scurry@2.0.2 want: ^11.0.0
1444 silly placeDep ROOT ohm-js@17.5.0 OK for: pip-requirements-js@1.0.2 want: ^17.1.0
1445 silly placeDep ROOT parse-ms@2.1.0 OK for: pretty-ms@7.0.1 want: ^2.1.0
1446 silly placeDep ROOT http-proxy-agent@7.0.2 OK for: proxy-agent@6.4.0 want: ^7.0.1
1447 silly placeDep node_modules/proxy-agent lru-cache@7.18.3 OK for: proxy-agent@6.4.0 want: ^7.14.1
1448 silly placeDep ROOT pac-proxy-agent@7.2.0 OK for: proxy-agent@6.4.0 want: ^7.0.1
1449 silly placeDep ROOT proxy-from-env@1.1.0 OK for: proxy-agent@6.4.0 want: ^1.1.0
1450 silly placeDep ROOT socks-proxy-agent@8.0.5 OK for: proxy-agent@6.4.0 want: ^8.0.2
1451 silly fetch manifest @tootallnate/quickjs-emscripten@^0.23.0
1452 silly packumentCache full:https://registry.npmjs.org/@tootallnate%2fquickjs-emscripten cache-miss
1453 silly fetch manifest get-uri@^6.0.1
1454 silly packumentCache full:https://registry.npmjs.org/get-uri cache-miss
1455 silly fetch manifest pac-resolver@^7.0.1
1456 silly packumentCache full:https://registry.npmjs.org/pac-resolver cache-miss
1457 silly fetch manifest socks-proxy-agent@^8.0.5
1458 silly packumentCache full:https://registry.npmjs.org/socks-proxy-agent cache-hit
1459 silly fetch manifest socks@^2.8.3
1460 silly packumentCache full:https://registry.npmjs.org/socks cache-miss
1461 http fetch GET 200 https://registry.npmjs.org/pac-resolver 64ms (cache revalidated)
1462 silly packumentCache full:https://registry.npmjs.org/pac-resolver set size:54112 disposed:false
1463 http fetch GET 200 https://registry.npmjs.org/get-uri 110ms (cache revalidated)
1464 silly packumentCache full:https://registry.npmjs.org/get-uri set size:57591 disposed:false
1465 http fetch GET 200 https://registry.npmjs.org/@tootallnate%2fquickjs-emscripten 118ms (cache revalidated)
1466 silly packumentCache full:https://registry.npmjs.org/@tootallnate%2fquickjs-emscripten set size:27622 disposed:false
1467 http fetch GET 200 https://registry.npmjs.org/socks 118ms (cache revalidated)
1468 silly packumentCache full:https://registry.npmjs.org/socks set size:168523 disposed:false
1469 silly placeDep ROOT @tootallnate/quickjs-emscripten@0.23.0 OK for: pac-proxy-agent@7.2.0 want: ^0.23.0
1470 silly placeDep ROOT get-uri@6.0.5 OK for: pac-proxy-agent@7.2.0 want: ^6.0.1
1471 silly placeDep ROOT pac-resolver@7.0.1 OK for: pac-proxy-agent@7.2.0 want: ^7.0.1
1472 silly fetch manifest basic-ftp@^5.0.2
1473 silly packumentCache full:https://registry.npmjs.org/basic-ftp cache-miss
1474 silly fetch manifest data-uri-to-buffer@^6.0.2
1475 silly packumentCache full:https://registry.npmjs.org/data-uri-to-buffer cache-miss
1476 silly fetch manifest degenerator@^5.0.0
1477 silly packumentCache full:https://registry.npmjs.org/degenerator cache-miss
1478 silly fetch manifest netmask@^2.0.2
1479 silly packumentCache full:https://registry.npmjs.org/netmask cache-miss
1480 http fetch GET 200 https://registry.npmjs.org/data-uri-to-buffer 93ms (cache revalidated)
1481 silly packumentCache full:https://registry.npmjs.org/data-uri-to-buffer set size:43253 disposed:false
1482 http fetch GET 200 https://registry.npmjs.org/degenerator 99ms (cache revalidated)
1483 silly packumentCache full:https://registry.npmjs.org/degenerator set size:71179 disposed:false
1484 http fetch GET 200 https://registry.npmjs.org/basic-ftp 103ms (cache revalidated)
1485 silly packumentCache full:https://registry.npmjs.org/basic-ftp set size:274853 disposed:false
1486 http fetch GET 200 https://registry.npmjs.org/netmask 106ms (cache revalidated)
1487 silly packumentCache full:https://registry.npmjs.org/netmask set size:21537 disposed:false
1488 silly placeDep ROOT basic-ftp@5.1.0 OK for: get-uri@6.0.5 want: ^5.0.2
1489 silly placeDep ROOT data-uri-to-buffer@6.0.2 OK for: get-uri@6.0.5 want: ^6.0.2
1490 silly placeDep ROOT degenerator@5.0.1 OK for: pac-resolver@7.0.1 want: ^5.0.0
1491 silly placeDep ROOT netmask@2.0.2 OK for: pac-resolver@7.0.1 want: ^2.0.2
1492 silly fetch manifest ast-types@^0.13.4
1493 silly packumentCache full:https://registry.npmjs.org/ast-types cache-miss
1494 silly fetch manifest escodegen@^2.1.0
1495 silly packumentCache full:https://registry.npmjs.org/escodegen cache-miss
1496 silly fetch manifest esprima@^4.0.1
1497 silly packumentCache full:https://registry.npmjs.org/esprima cache-miss
1498 http fetch GET 200 https://registry.npmjs.org/esprima 56ms (cache revalidated)
1499 silly packumentCache full:https://registry.npmjs.org/esprima set size:118410 disposed:false
1500 http fetch GET 200 https://registry.npmjs.org/escodegen 63ms (cache revalidated)
1501 silly packumentCache full:https://registry.npmjs.org/escodegen set size:119723 disposed:false
1502 http fetch GET 200 https://registry.npmjs.org/ast-types 71ms (cache revalidated)
1503 silly packumentCache full:https://registry.npmjs.org/ast-types set size:443020 disposed:false
1504 silly placeDep ROOT ast-types@0.13.4 OK for: degenerator@5.0.1 want: ^0.13.4
1505 silly placeDep ROOT escodegen@2.1.0 OK for: degenerator@5.0.1 want: ^2.1.0
1506 silly placeDep ROOT esprima@4.0.1 OK for: degenerator@5.0.1 want: ^4.0.1
1507 silly fetch manifest estraverse@^5.2.0
1508 silly packumentCache full:https://registry.npmjs.org/estraverse cache-miss
1509 silly fetch manifest esutils@^2.0.2
1510 silly packumentCache full:https://registry.npmjs.org/esutils cache-miss
1511 silly fetch manifest source-map@~0.6.1
1512 silly packumentCache full:https://registry.npmjs.org/source-map cache-miss
1513 http fetch GET 200 https://registry.npmjs.org/source-map 105ms (cache revalidated)
1514 silly packumentCache full:https://registry.npmjs.org/source-map set size:226141 disposed:false
1515 http fetch GET 200 https://registry.npmjs.org/esutils 118ms (cache revalidated)
1516 silly packumentCache full:https://registry.npmjs.org/esutils set size:29522 disposed:false
1517 http fetch GET 200 https://registry.npmjs.org/estraverse 119ms (cache revalidated)
1518 silly packumentCache full:https://registry.npmjs.org/estraverse set size:62412 disposed:false
1519 silly placeDep ROOT estraverse@5.3.0 OK for: escodegen@2.1.0 want: ^5.2.0
1520 silly placeDep ROOT esutils@2.0.3 OK for: escodegen@2.1.0 want: ^2.0.2
1521 silly placeDep ROOT source-map@0.6.1 OK for: escodegen@2.1.0 want: ~0.6.1
1522 silly placeDep ROOT end-of-stream@1.4.5 OK for: pump@3.0.3 want: ^1.1.0
1523 silly placeDep ROOT once@1.4.0 OK for: pump@3.0.3 want: ^1.3.1
1524 silly fetch manifest once@^1.4.0
1525 silly packumentCache full:https://registry.npmjs.org/once cache-hit
1526 silly fetch manifest wrappy@1
1527 silly packumentCache full:https://registry.npmjs.org/wrappy cache-miss
1528 http fetch GET 200 https://registry.npmjs.org/wrappy 74ms (cache revalidated)
1529 silly packumentCache full:https://registry.npmjs.org/wrappy set size:7682 disposed:false
1530 silly placeDep ROOT wrappy@1.0.2 OK for: once@1.4.0 want: 1
1531 silly placeDep ROOT bytes@3.1.0 OK for: raw-body@2.4.1 want: 3.1.0
1532 silly placeDep ROOT http-errors@1.7.3 OK for: raw-body@2.4.1 want: 1.7.3
1533 silly placeDep ROOT iconv-lite@0.4.24 OK for: raw-body@2.4.1 want: 0.4.24
1534 silly placeDep ROOT unpipe@1.0.0 OK for: raw-body@2.4.1 want: 1.0.0
1535 silly fetch manifest depd@~1.1.2
1536 silly packumentCache full:https://registry.npmjs.org/depd cache-miss
1537 silly fetch manifest inherits@2.0.4
1538 silly packumentCache full:https://registry.npmjs.org/inherits cache-miss
1539 silly fetch manifest statuses@>= 1.5.0 < 2
1540 silly packumentCache full:https://registry.npmjs.org/statuses cache-miss
1541 silly fetch manifest toidentifier@1.0.0
1542 silly packumentCache full:https://registry.npmjs.org/toidentifier cache-miss
1543 silly fetch manifest setprototypeof@1.1.1
1544 silly packumentCache full:https://registry.npmjs.org/setprototypeof cache-miss
1545 silly fetch manifest safer-buffer@>= 2.1.2 < 3
1546 silly packumentCache full:https://registry.npmjs.org/safer-buffer cache-miss
1547 http fetch GET 200 https://registry.npmjs.org/depd 69ms (cache revalidated)
1548 silly packumentCache full:https://registry.npmjs.org/depd set size:40182 disposed:false
1549 http fetch GET 200 https://registry.npmjs.org/statuses 87ms (cache revalidated)
1550 silly packumentCache full:https://registry.npmjs.org/statuses set size:37117 disposed:false
1551 http fetch GET 200 https://registry.npmjs.org/safer-buffer 87ms (cache revalidated)
1552 silly packumentCache full:https://registry.npmjs.org/safer-buffer set size:18521 disposed:false
1553 http fetch GET 200 https://registry.npmjs.org/setprototypeof 87ms (cache revalidated)
1554 silly packumentCache full:https://registry.npmjs.org/setprototypeof set size:14532 disposed:false
1555 http fetch GET 200 https://registry.npmjs.org/inherits 89ms (cache revalidated)
1556 silly packumentCache full:https://registry.npmjs.org/inherits set size:12925 disposed:false
1557 http fetch GET 200 https://registry.npmjs.org/toidentifier 89ms (cache revalidated)
1558 silly packumentCache full:https://registry.npmjs.org/toidentifier set size:12006 disposed:false
1559 silly placeDep ROOT depd@1.1.2 OK for: http-errors@1.7.3 want: ~1.1.2
1560 silly placeDep ROOT inherits@2.0.4 OK for: http-errors@1.7.3 want: 2.0.4
1561 silly placeDep ROOT setprototypeof@1.1.1 OK for: http-errors@1.7.3 want: 1.1.1
1562 silly placeDep ROOT statuses@1.5.0 OK for: http-errors@1.7.3 want: >= 1.5.0 < 2
1563 silly placeDep ROOT toidentifier@1.0.0 OK for: http-errors@1.7.3 want: 1.0.0
1564 silly placeDep ROOT safer-buffer@2.1.2 OK for: iconv-lite@0.4.24 want: >= 2.1.2 < 3
1565 silly placeDep ROOT @oxc-project/types@0.110.0 OK for: rolldown@1.0.0-rc.1 want: =0.110.0
1566 silly placeDep ROOT @rolldown/binding-android-arm64@1.0.0-rc.1 OK for: rolldown@1.0.0-rc.1 want: 1.0.0-rc.1
1567 silly placeDep ROOT @rolldown/binding-darwin-arm64@1.0.0-rc.1 OK for: rolldown@1.0.0-rc.1 want: 1.0.0-rc.1
1568 silly placeDep ROOT @rolldown/binding-darwin-x64@1.0.0-rc.1 OK for: rolldown@1.0.0-rc.1 want: 1.0.0-rc.1
1569 silly placeDep ROOT @rolldown/binding-freebsd-x64@1.0.0-rc.1 OK for: rolldown@1.0.0-rc.1 want: 1.0.0-rc.1
1570 silly placeDep ROOT @rolldown/binding-linux-arm-gnueabihf@1.0.0-rc.1 OK for: rolldown@1.0.0-rc.1 want: 1.0.0-rc.1
1571 silly placeDep ROOT @rolldown/binding-linux-arm64-gnu@1.0.0-rc.1 OK for: rolldown@1.0.0-rc.1 want: 1.0.0-rc.1
1572 silly placeDep ROOT @rolldown/binding-linux-arm64-musl@1.0.0-rc.1 OK for: rolldown@1.0.0-rc.1 want: 1.0.0-rc.1
1573 silly placeDep ROOT @rolldown/binding-linux-x64-gnu@1.0.0-rc.1 OK for: rolldown@1.0.0-rc.1 want: 1.0.0-rc.1
1574 silly placeDep ROOT @rolldown/binding-linux-x64-musl@1.0.0-rc.1 OK for: rolldown@1.0.0-rc.1 want: 1.0.0-rc.1
1575 silly placeDep ROOT @rolldown/binding-openharmony-arm64@1.0.0-rc.1 OK for: rolldown@1.0.0-rc.1 want: 1.0.0-rc.1
1576 silly placeDep ROOT @rolldown/binding-wasm32-wasi@1.0.0-rc.1 OK for: rolldown@1.0.0-rc.1 want: 1.0.0-rc.1
1577 silly placeDep ROOT @rolldown/binding-win32-arm64-msvc@1.0.0-rc.1 OK for: rolldown@1.0.0-rc.1 want: 1.0.0-rc.1
1578 silly placeDep ROOT @rolldown/binding-win32-x64-msvc@1.0.0-rc.1 OK for: rolldown@1.0.0-rc.1 want: 1.0.0-rc.1
1579 silly placeDep ROOT @rolldown/pluginutils@1.0.0-rc.1 OK for: rolldown@1.0.0-rc.1 want: 1.0.0-rc.1
1580 silly placeDep node_modules/semver lru-cache@6.0.0 OK for: semver@7.5.4 want: ^6.0.0
1581 silly fetch manifest yallist@^4.0.0
1582 silly packumentCache full:https://registry.npmjs.org/yallist cache-hit
1583 silly placeDep ROOT shebang-regex@3.0.0 OK for: shebang-command@2.0.0 want: ^3.0.0
1584 silly placeDep ROOT socks@2.8.7 OK for: socks-proxy-agent@8.0.5 want: ^2.8.3
1585 silly fetch manifest ip-address@^10.0.1
1586 silly packumentCache full:https://registry.npmjs.org/ip-address cache-miss
1587 silly fetch manifest smart-buffer@^4.2.0
1588 silly packumentCache full:https://registry.npmjs.org/smart-buffer cache-miss
1589 http fetch GET 200 https://registry.npmjs.org/smart-buffer 99ms (cache revalidated)
1590 silly packumentCache full:https://registry.npmjs.org/smart-buffer set size:87065 disposed:false
1591 http fetch GET 200 https://registry.npmjs.org/ip-address 106ms (cache revalidated)
1592 silly packumentCache full:https://registry.npmjs.org/ip-address set size:135050 disposed:false
1593 silly placeDep ROOT ip-address@10.1.0 OK for: socks@2.8.7 want: ^10.0.1
1594 silly placeDep ROOT smart-buffer@4.2.0 OK for: socks@2.8.7 want: ^4.2.0
1595 silly placeDep ROOT cookie-es@2.0.0 OK for: srvx@0.8.9 want: ^2.0.0
1596 silly placeDep ROOT any-promise@1.3.0 OK for: stream-to-promise@2.2.0 want: ~1.3.0
1597 silly placeDep node_modules/stream-to-promise end-of-stream@1.1.0 OK for: stream-to-promise@2.2.0 want: ~1.1.0
1598 silly placeDep ROOT stream-to-array@2.3.0 OK for: stream-to-promise@2.2.0 want: ~2.3.0
1599 silly fetch manifest once@~1.3.0
1600 silly packumentCache full:https://registry.npmjs.org/once cache-hit
1601 silly placeDep ROOT @isaacs/fs-minipass@4.0.1 OK for: tar@7.5.7 want: ^4.0.0
1602 silly placeDep ROOT chownr@3.0.0 OK for: tar@7.5.7 want: ^3.0.0
1603 silly placeDep ROOT minizlib@3.1.0 OK for: tar@7.5.7 want: ^3.1.0
1604 silly placeDep ROOT yallist@5.0.0 OK for: tar@7.5.7 want: ^5.0.0
1605 silly placeDep ROOT convert-hrtime@3.0.0 OK for: time-span@4.0.0 want: ^3.0.0
1606 silly placeDep ROOT @ts-morph/common@0.11.1 OK for: ts-morph@12.0.0 want: ~0.11.0
1607 silly placeDep ROOT code-block-writer@10.1.1 OK for: ts-morph@12.0.0 want: ^10.1.1
1608 silly fetch manifest mkdirp@^1.0.4
1609 silly packumentCache full:https://registry.npmjs.org/mkdirp cache-miss
1610 silly fetch manifest fast-glob@^3.2.7
1611 silly packumentCache full:https://registry.npmjs.org/fast-glob cache-miss
1612 silly fetch manifest minimatch@^3.0.4
1613 silly packumentCache full:https://registry.npmjs.org/minimatch cache-hit
1614 silly fetch manifest path-browserify@^1.0.1
1615 silly packumentCache full:https://registry.npmjs.org/path-browserify cache-miss
1616 http fetch GET 200 https://registry.npmjs.org/mkdirp 88ms (cache revalidated)
1617 silly packumentCache full:https://registry.npmjs.org/mkdirp set size:116455 disposed:false
1618 http fetch GET 200 https://registry.npmjs.org/path-browserify 91ms (cache revalidated)
1619 silly packumentCache full:https://registry.npmjs.org/path-browserify set size:17399 disposed:false
1620 http fetch GET 200 https://registry.npmjs.org/fast-glob 92ms (cache revalidated)
1621 silly packumentCache full:https://registry.npmjs.org/fast-glob set size:220556 disposed:false
1622 silly placeDep ROOT fast-glob@3.3.3 OK for: @ts-morph/common@0.11.1 want: ^3.2.7
1623 silly placeDep node_modules/@ts-morph/common minimatch@3.1.2 OK for: @ts-morph/common@0.11.1 want: ^3.0.4
1624 silly placeDep ROOT mkdirp@1.0.4 OK for: @ts-morph/common@0.11.1 want: ^1.0.4
1625 silly placeDep ROOT path-browserify@1.0.1 OK for: @ts-morph/common@0.11.1 want: ^1.0.1
1626 silly fetch manifest @nodelib/fs.stat@^2.0.2
1627 silly packumentCache full:https://registry.npmjs.org/@nodelib%2ffs.stat cache-miss
1628 silly fetch manifest @nodelib/fs.walk@^1.2.3
1629 silly packumentCache full:https://registry.npmjs.org/@nodelib%2ffs.walk cache-miss
1630 silly fetch manifest glob-parent@^5.1.2
1631 silly packumentCache full:https://registry.npmjs.org/glob-parent cache-miss
1632 silly fetch manifest merge2@^1.3.0
1633 silly packumentCache full:https://registry.npmjs.org/merge2 cache-miss
1634 silly fetch manifest micromatch@^4.0.8
1635 silly packumentCache full:https://registry.npmjs.org/micromatch cache-miss
1636 silly fetch manifest brace-expansion@^1.1.7
1637 silly packumentCache full:https://registry.npmjs.org/brace-expansion cache-hit
1638 http fetch GET 200 https://registry.npmjs.org/micromatch 62ms (cache revalidated)
1639 silly packumentCache full:https://registry.npmjs.org/micromatch set size:240630 disposed:false
1640 http fetch GET 200 https://registry.npmjs.org/@nodelib%2ffs.walk 71ms (cache revalidated)
1641 silly packumentCache full:https://registry.npmjs.org/@nodelib%2ffs.walk set size:41589 disposed:false
1642 http fetch GET 200 https://registry.npmjs.org/glob-parent 72ms (cache revalidated)
1643 silly packumentCache full:https://registry.npmjs.org/glob-parent set size:42445 disposed:false
1644 http fetch GET 200 https://registry.npmjs.org/@nodelib%2ffs.stat 79ms (cache revalidated)
1645 silly packumentCache full:https://registry.npmjs.org/@nodelib%2ffs.stat set size:36993 disposed:false
1646 http fetch GET 200 https://registry.npmjs.org/merge2 84ms (cache revalidated)
1647 silly packumentCache full:https://registry.npmjs.org/merge2 set size:46159 disposed:false
1648 silly placeDep ROOT @nodelib/fs.stat@2.0.5 OK for: fast-glob@3.3.3 want: ^2.0.2
1649 silly placeDep ROOT @nodelib/fs.walk@1.2.8 OK for: fast-glob@3.3.3 want: ^1.2.3
1650 silly placeDep ROOT glob-parent@5.1.2 OK for: fast-glob@3.3.3 want: ^5.1.2
1651 silly placeDep ROOT merge2@1.4.1 OK for: fast-glob@3.3.3 want: ^1.3.0
1652 silly placeDep ROOT micromatch@4.0.8 OK for: fast-glob@3.3.3 want: ^4.0.8
1653 silly fetch manifest fastq@^1.6.0
1654 silly packumentCache full:https://registry.npmjs.org/fastq cache-miss
1655 silly fetch manifest @nodelib/fs.scandir@2.1.5
1656 silly packumentCache full:https://registry.npmjs.org/@nodelib%2ffs.scandir cache-miss
1657 silly fetch manifest is-glob@^4.0.1
1658 silly packumentCache full:https://registry.npmjs.org/is-glob cache-miss
1659 silly fetch manifest braces@^3.0.3
1660 silly packumentCache full:https://registry.npmjs.org/braces cache-miss
1661 silly fetch manifest picomatch@^2.3.1
1662 silly packumentCache full:https://registry.npmjs.org/picomatch cache-hit
1663 http fetch GET 200 https://registry.npmjs.org/fastq 66ms (cache revalidated)
1664 silly packumentCache full:https://registry.npmjs.org/fastq set size:78301 disposed:false
1665 http fetch GET 200 https://registry.npmjs.org/braces 67ms (cache revalidated)
1666 silly packumentCache full:https://registry.npmjs.org/braces set size:114529 disposed:false
1667 http fetch GET 200 https://registry.npmjs.org/@nodelib%2ffs.scandir 73ms (cache revalidated)
1668 silly packumentCache full:https://registry.npmjs.org/@nodelib%2ffs.scandir set size:49256 disposed:false
1669 http fetch GET 200 https://registry.npmjs.org/is-glob 77ms (cache revalidated)
1670 silly packumentCache full:https://registry.npmjs.org/is-glob set size:40530 disposed:false
1671 silly placeDep ROOT @nodelib/fs.scandir@2.1.5 OK for: @nodelib/fs.walk@1.2.8 want: 2.1.5
1672 silly placeDep ROOT fastq@1.20.1 OK for: @nodelib/fs.walk@1.2.8 want: ^1.6.0
1673 silly fetch manifest run-parallel@^1.1.9
1674 silly packumentCache full:https://registry.npmjs.org/run-parallel cache-miss
1675 silly fetch manifest reusify@^1.0.4
1676 silly packumentCache full:https://registry.npmjs.org/reusify cache-miss
1677 http fetch GET 200 https://registry.npmjs.org/reusify 86ms (cache revalidated)
1678 silly packumentCache full:https://registry.npmjs.org/reusify set size:14249 disposed:false
1679 http fetch GET 200 https://registry.npmjs.org/run-parallel 87ms (cache revalidated)
1680 silly packumentCache full:https://registry.npmjs.org/run-parallel set size:35172 disposed:false
1681 silly placeDep ROOT run-parallel@1.2.0 OK for: @nodelib/fs.scandir@2.1.5 want: ^1.1.9
1682 silly fetch manifest queue-microtask@^1.2.2
1683 silly packumentCache full:https://registry.npmjs.org/queue-microtask cache-miss
1684 http fetch GET 200 https://registry.npmjs.org/queue-microtask 65ms (cache revalidated)
1685 silly packumentCache full:https://registry.npmjs.org/queue-microtask set size:36088 disposed:false
1686 silly placeDep ROOT reusify@1.1.0 OK for: fastq@1.20.1 want: ^1.0.4
1687 silly placeDep ROOT is-glob@4.0.3 OK for: glob-parent@5.1.2 want: ^4.0.1
1688 silly fetch manifest is-extglob@^2.1.1
1689 silly packumentCache full:https://registry.npmjs.org/is-extglob cache-miss
1690 http fetch GET 200 https://registry.npmjs.org/is-extglob 75ms (cache revalidated)
1691 silly packumentCache full:https://registry.npmjs.org/is-extglob set size:11766 disposed:false
1692 silly placeDep ROOT is-extglob@2.1.1 OK for: is-glob@4.0.3 want: ^2.1.1
1693 silly placeDep ROOT braces@3.0.3 OK for: micromatch@4.0.8 want: ^3.0.3
1694 silly placeDep node_modules/micromatch picomatch@2.3.1 OK for: micromatch@4.0.8 want: ^2.3.1
1695 silly fetch manifest fill-range@^7.1.1
1696 silly packumentCache full:https://registry.npmjs.org/fill-range cache-miss
1697 http fetch GET 200 https://registry.npmjs.org/fill-range 73ms (cache revalidated)
1698 silly packumentCache full:https://registry.npmjs.org/fill-range set size:90212 disposed:false
1699 silly placeDep ROOT fill-range@7.1.1 OK for: braces@3.0.3 want: ^7.1.1
1700 silly fetch manifest to-regex-range@^5.0.1
1701 silly packumentCache full:https://registry.npmjs.org/to-regex-range cache-miss
1702 http fetch GET 200 https://registry.npmjs.org/to-regex-range 78ms (cache revalidated)
1703 silly packumentCache full:https://registry.npmjs.org/to-regex-range set size:61569 disposed:false
1704 silly placeDep ROOT to-regex-range@5.0.1 OK for: fill-range@7.1.1 want: ^5.0.1
1705 silly fetch manifest is-number@^7.0.0
1706 silly packumentCache full:https://registry.npmjs.org/is-number cache-miss
1707 http fetch GET 200 https://registry.npmjs.org/is-number 77ms (cache revalidated)
1708 silly packumentCache full:https://registry.npmjs.org/is-number set size:36183 disposed:false
1709 silly placeDep ROOT queue-microtask@1.2.3 OK for: run-parallel@1.2.0 want: ^1.2.2
1710 silly placeDep ROOT is-number@7.0.0 OK for: to-regex-range@5.0.1 want: ^7.0.0
1711 silly placeDep ROOT fsevents@2.3.3 OK for: tsx@4.21.0 want: ~2.3.3
1712 silly placeDep ROOT get-tsconfig@4.13.6 OK for: tsx@4.21.0 want: ^4.7.5
1713 silly fetch manifest resolve-pkg-maps@^1.0.0
1714 silly packumentCache full:https://registry.npmjs.org/resolve-pkg-maps cache-miss
1715 http fetch GET 200 https://registry.npmjs.org/resolve-pkg-maps 69ms (cache revalidated)
1716 silly packumentCache full:https://registry.npmjs.org/resolve-pkg-maps set size:11615 disposed:false
1717 silly placeDep ROOT resolve-pkg-maps@1.0.0 OK for: get-tsconfig@4.13.6 want: ^1.0.0
1718 silly placeDep ROOT punycode@2.3.1 OK for: uri-js@4.4.1 want: ^2.1.0
1719 silly placeDep ROOT tr46@0.0.3 OK for: whatwg-url@5.0.0 want: ~0.0.3
1720 silly placeDep ROOT webidl-conversions@3.0.1 OK for: whatwg-url@5.0.0 want: ^3.0.0
1721 silly placeDep ROOT isexe@2.0.0 OK for: which@2.0.2 want: ^2.0.0
1722 silly placeDep ROOT xdg-portable@7.3.0 OK for: xdg-app-paths@5.1.0 want: ^7.0.0
1723 silly fetch manifest os-paths@^4.0.1
1724 silly packumentCache full:https://registry.npmjs.org/os-paths cache-miss
1725 http fetch GET 200 https://registry.npmjs.org/os-paths 55ms (cache revalidated)
1726 silly packumentCache full:https://registry.npmjs.org/os-paths set size:337111 disposed:false
1727 silly placeDep ROOT os-paths@4.4.0 OK for: xdg-portable@7.3.0 want: ^4.0.1
1728 silly placeDep ROOT yauzl@2.10.0 OK for: yauzl-promise@2.1.3 want: ^2.9.1
1729 silly placeDep ROOT yauzl-clone@1.0.4 OK for: yauzl-promise@2.1.3 want: ^1.0.4
1730 silly fetch manifest fd-slicer@~1.1.0
1731 silly packumentCache full:https://registry.npmjs.org/fd-slicer cache-miss
1732 silly fetch manifest buffer-crc32@~0.2.3
1733 silly packumentCache full:https://registry.npmjs.org/buffer-crc32 cache-miss
1734 silly fetch manifest events-intercept@^2.0.0
1735 silly packumentCache full:https://registry.npmjs.org/events-intercept cache-miss
1736 http fetch GET 200 https://registry.npmjs.org/buffer-crc32 74ms (cache revalidated)
1737 silly packumentCache full:https://registry.npmjs.org/buffer-crc32 set size:58100 disposed:false
1738 http fetch GET 200 https://registry.npmjs.org/fd-slicer 93ms (cache revalidated)
1739 silly packumentCache full:https://registry.npmjs.org/fd-slicer set size:25525 disposed:false
1740 http fetch GET 200 https://registry.npmjs.org/events-intercept 894ms (cache revalidated)
1741 silly packumentCache full:https://registry.npmjs.org/events-intercept set size:17802 disposed:false
1742 silly placeDep ROOT buffer-crc32@0.2.13 OK for: yauzl@2.10.0 want: ~0.2.3
1743 silly placeDep ROOT fd-slicer@1.1.0 OK for: yauzl@2.10.0 want: ~1.1.0
1744 silly fetch manifest pend@~1.2.0
1745 silly packumentCache full:https://registry.npmjs.org/pend cache-miss
1746 http fetch GET 200 https://registry.npmjs.org/pend 80ms (cache revalidated)
1747 silly packumentCache full:https://registry.npmjs.org/pend set size:8066 disposed:false
1748 silly placeDep ROOT pend@1.2.0 OK for: fd-slicer@1.1.0 want: ~1.2.0
1749 silly placeDep ROOT events-intercept@2.0.0 OK for: yauzl-clone@1.0.4 want: ^2.0.0
1750 silly placeDep ROOT brace-expansion@1.1.12 OK for: minimatch@3.1.2 want: ^1.1.7
1751 silly fetch manifest concat-map@0.0.1
1752 silly packumentCache full:https://registry.npmjs.org/concat-map cache-miss
1753 silly fetch manifest balanced-match@^1.0.0
1754 silly packumentCache full:https://registry.npmjs.org/balanced-match cache-miss
1755 http fetch GET 200 https://registry.npmjs.org/balanced-match 64ms (cache revalidated)
1756 silly packumentCache full:https://registry.npmjs.org/balanced-match set size:36751 disposed:false
1757 http fetch GET 200 https://registry.npmjs.org/concat-map 68ms (cache revalidated)
1758 silly packumentCache full:https://registry.npmjs.org/concat-map set size:9290 disposed:false
1759 silly placeDep ROOT balanced-match@1.0.2 OK for: brace-expansion@1.1.12 want: ^1.0.0
1760 silly placeDep ROOT concat-map@0.0.1 OK for: brace-expansion@1.1.12 want: 0.0.1
1761 silly placeDep ROOT @fastify/busboy@2.1.1 OK for: undici@5.28.4 want: ^2.0.0
1762 silly placeDep node_modules/@vercel/rust get-stream@6.0.1 OK for: execa@5.1.1 want: ^6.0.0
1763 silly placeDep node_modules/@vercel/rust human-signals@2.1.0 OK for: execa@5.1.1 want: ^2.1.0
1764 silly placeDep node_modules/@vercel/rust signal-exit@3.0.7 OK for: execa@5.1.1 want: ^3.0.3
1765 silly placeDep node_modules/glob brace-expansion@5.0.2 OK for: minimatch@10.2.2 want: ^5.0.2
1766 silly fetch manifest balanced-match@^4.0.2
1767 silly packumentCache full:https://registry.npmjs.org/balanced-match cache-hit
1768 silly placeDep node_modules/glob balanced-match@4.0.3 OK for: brace-expansion@5.0.2 want: ^4.0.2
1769 silly placeDep node_modules/semver yallist@4.0.0 OK for: lru-cache@6.0.0 want: ^4.0.0
1770 silly placeDep node_modules/stream-to-promise once@1.3.3 OK for: end-of-stream@1.1.0 want: ~1.3.0
1771 silly reify moves {}
1772 silly audit bulk request {
1772 silly audit   vercel: [ '50.22.1' ],
1772 silly audit   '@vercel/backends': [ '0.0.36' ],
1772 silly audit   typescript: [ '5.9.3' ],
1772 silly audit   '@vercel/blob': [ '2.3.0' ],
1772 silly audit   '@vercel/build-utils': [ '13.4.3' ],
1772 silly audit   '@vercel/detect-agent': [ '1.1.0' ],
1772 silly audit   '@vercel/elysia': [ '0.1.39' ],
1772 silly audit   '@vercel/express': [ '0.1.48' ],
1772 silly audit   '@vercel/fastify': [ '0.1.42' ],
1772 silly audit   '@vercel/fun': [ '1.3.0' ],
1772 silly audit   '@vercel/go': [ '3.4.1' ],
1772 silly audit   '@vercel/h3': [ '0.1.48' ],
1772 silly audit   '@vercel/hono': [ '0.2.42' ],
1772 silly audit   '@vercel/hydrogen': [ '1.3.5' ],
1772 silly audit   '@vercel/koa': [ '0.1.22' ],
1772 silly audit   '@vercel/nestjs': [ '0.2.43' ],
1772 silly audit   '@vercel/next': [ '4.15.31' ],
1772 silly audit   '@vercel/node': [ '5.6.6' ],
1772 silly audit   '@vercel/python': [ '6.15.1' ],
1772 silly audit   '@vercel/redwood': [ '2.4.9' ],
1772 silly audit   '@vercel/remix-builder': [ '5.5.10' ],
1772 silly audit   '@vercel/ruby': [ '2.3.1' ],
1772 silly audit   '@vercel/rust': [ '1.0.5' ],
1772 silly audit   '@vercel/static-build': [ '2.8.40' ],
1772 silly audit   chokidar: [ '4.0.0' ],
1772 silly audit   esbuild: [ '0.27.0' ],
1772 silly audit   'form-data': [ '4.0.5' ],
1772 silly audit   jose: [ '5.9.6' ],
1772 silly audit   luxon: [ '3.7.2' ],
1772 silly audit   'proxy-agent': [ '6.4.0' ],
1772 silly audit   '@vercel/nft': [ '1.3.0', '1.1.1' ],
1772 silly audit   execa: [ '3.2.0', '5.1.1' ],
1772 silly audit   'fs-extra': [ '11.1.0', '11.1.1' ],
1772 silly audit   'oxc-transform': [ '0.111.0' ],
1772 silly audit   'path-to-regexp': [ '8.3.0', '8.2.0', '6.1.0', '6.3.0' ],
1772 silly audit   'resolve.exports': [ '2.0.3' ],
1772 silly audit   rolldown: [ '1.0.0-rc.1' ],
1772 silly audit   srvx: [ '0.8.9' ],
1772 silly audit   tsx: [ '4.21.0' ],
1772 silly audit   zod: [ '3.22.4' ],
1772 silly audit   'async-retry': [ '1.3.3' ],
1772 silly audit   'is-buffer': [ '2.0.5' ],
1772 silly audit   'is-node-process': [ '1.2.0' ],
1772 silly audit   throttleit: [ '2.1.0' ],
1772 silly audit   undici: [ '6.23.0', '5.28.4' ],
1772 silly audit   '@vercel/python-analysis': [ '0.6.0' ],
1772 silly audit   '@vercel/static-config': [ '3.1.2' ],
1772 silly audit   '@vercel/cervel': [ '0.0.23' ],
1772 silly audit   'ts-morph': [ '12.0.0' ],
1772 silly audit   '@tootallnate/once': [ '2.0.0' ],
1772 silly audit   'async-listen': [ '1.2.0', '3.0.0', '3.0.1' ],
1772 silly audit   debug: [ '4.3.4' ],
1772 silly audit   'generic-pool': [ '3.4.2' ],
1772 silly audit   micro: [ '9.3.5-canary.3' ],
1772 silly audit   ms: [ '2.1.1', '2.1.2' ],
1772 silly audit   'node-fetch': [ '2.6.7', '2.6.9' ],
1772 silly audit   promisepipe: [ '3.0.0' ],
1772 silly audit   semver: [ '7.5.4', '6.3.1' ],
1772 silly audit   'stat-mode': [ '0.3.0' ],
1772 silly audit   'stream-to-promise': [ '2.2.0' ],
1772 silly audit   tar: [ '7.5.7' ],
1772 silly audit   tinyexec: [ '0.3.2' ],
1772 silly audit   'tree-kill': [ '1.2.2' ],
1772 silly audit   'uid-promise': [ '1.0.0' ],
1772 silly audit   'xdg-app-paths': [ '5.1.0' ],
1772 silly audit   'yauzl-promise': [ '2.1.3' ],
1772 silly audit   '@mapbox/node-pre-gyp': [ '2.0.3' ],
1772 silly audit   '@rollup/pluginutils': [ '5.3.0' ],
1772 silly audit   acorn: [ '8.16.0' ],
1772 silly audit   'acorn-import-attributes': [ '1.9.5' ],
1772 silly audit   'async-sema': [ '3.1.1' ],
1772 silly audit   bindings: [ '1.5.0' ],
1772 silly audit   'estree-walker': [ '2.0.2' ],
1772 silly audit   glob: [ '13.0.6' ],
1772 silly audit   'graceful-fs': [ '4.2.11' ],
1772 silly audit   'node-gyp-build': [ '4.8.4' ],
1772 silly audit   picomatch: [ '4.0.3', '2.3.1' ],
1772 silly audit   'resolve-from': [ '5.0.0' ],
1772 silly audit   consola: [ '3.4.2' ],
1772 silly audit   'detect-libc': [ '2.1.2' ],
1772 silly audit   'https-proxy-agent': [ '7.0.6' ],
1772 silly audit   nopt: [ '8.1.0' ],
1772 silly audit   '@types/estree': [ '1.0.8' ],
1772 silly audit   '@edge-runtime/node-utils': [ '2.3.0' ],
1772 silly audit   '@edge-runtime/primitives': [ '4.1.0' ],
1772 silly audit   '@edge-runtime/vm': [ '3.2.0' ],
1772 silly audit   '@types/node': [ '20.11.0' ],
1772 silly audit   '@vercel/error-utils': [ '2.0.3' ],
1772 silly audit   'cjs-module-lexer': [ '1.2.3' ],
1772 silly audit   'edge-runtime': [ '2.5.9' ],
1772 silly audit   'es-module-lexer': [ '1.4.1' ],
1772 silly audit   etag: [ '1.8.1' ],
1772 silly audit   'mime-types': [ '2.1.35' ],
1772 silly audit   'undici-types': [ '5.26.5' ],
1772 silly audit   '@bytecodealliance/preview2-shim': [ '0.17.6' ],
1772 silly audit   '@renovatebot/pep440': [ '4.2.1' ],
1772 silly audit   'js-yaml': [ '4.1.1' ],
1772 silly audit   minimatch: [ '10.1.1', '10.2.2', '3.1.2' ],
1772 silly audit   'pip-requirements-js': [ '1.0.2' ],
1772 silly audit   'smol-toml': [ '1.5.2' ],
1772 silly audit   '@iarna/toml': [ '2.2.5' ],
1772 silly audit   '@vercel/gatsby-plugin-vercel-analytics': [ '1.0.11' ],
1772 silly audit   '@vercel/gatsby-plugin-vercel-builder': [ '2.0.138' ],
1772 silly audit   'web-vitals': [ '0.2.4' ],
1772 silly audit   '@sinclair/typebox': [ '0.25.24' ],
1772 silly audit   ajv: [ '8.6.3' ],
1772 silly audit   'json-schema-to-ts': [ '1.6.4' ],
1772 silly audit   'fast-deep-equal': [ '3.1.3' ],
1772 silly audit   'json-schema-traverse': [ '1.0.0' ],
1772 silly audit   'require-from-string': [ '2.0.2' ],
1772 silly audit   'uri-js': [ '4.4.1' ],
1772 silly audit   retry: [ '0.13.1' ],
1772 silly audit   'file-uri-to-path': [ '1.0.0' ],
1772 silly audit   readdirp: [ '4.1.2' ],
1772 silly audit   '@edge-runtime/format': [ '2.2.1' ],
1772 silly audit   '@edge-runtime/ponyfill': [ '2.4.2' ],
1772 silly audit   mri: [ '1.2.0' ],
1772 silly audit   picocolors: [ '1.0.0' ],
1772 silly audit   'pretty-ms': [ '7.0.1' ],
1772 silly audit   'signal-exit': [ '4.0.2', '3.0.7' ],
1772 silly audit   'time-span': [ '4.0.0' ],
1772 silly audit   '@esbuild/aix-ppc64': [ '0.27.0' ],
1772 silly audit   '@esbuild/android-arm': [ '0.27.0' ],
1772 silly audit   '@esbuild/android-arm64': [ '0.27.0' ],
1772 silly audit   '@esbuild/android-x64': [ '0.27.0' ],
1772 silly audit   '@esbuild/darwin-arm64': [ '0.27.0' ],
1772 silly audit   '@esbuild/darwin-x64': [ '0.27.0' ],
1772 silly audit   '@esbuild/freebsd-arm64': [ '0.27.0' ],
1772 silly audit   '@esbuild/freebsd-x64': [ '0.27.0' ],
1772 silly audit   '@esbuild/linux-arm': [ '0.27.0' ],
1772 silly audit   '@esbuild/linux-arm64': [ '0.27.0' ],
1772 silly audit   '@esbuild/linux-ia32': [ '0.27.0' ],
1772 silly audit   '@esbuild/linux-loong64': [ '0.27.0' ],
1772 silly audit   '@esbuild/linux-mips64el': [ '0.27.0' ],
1772 silly audit   '@esbuild/linux-ppc64': [ '0.27.0' ],
1772 silly audit   '@esbuild/linux-riscv64': [ '0.27.0' ],
1772 silly audit   '@esbuild/linux-s390x': [ '0.27.0' ],
1772 silly audit   '@esbuild/linux-x64': [ '0.27.0' ],
1772 silly audit   '@esbuild/netbsd-arm64': [ '0.27.0' ],
1772 silly audit   '@esbuild/netbsd-x64': [ '0.27.0' ],
1772 silly audit   '@esbuild/openbsd-arm64': [ '0.27.0' ],
1772 silly audit   '@esbuild/openbsd-x64': [ '0.27.0' ],
1772 silly audit   '@esbuild/openharmony-arm64': [ '0.27.0' ],
1772 silly audit   '@esbuild/sunos-x64': [ '0.27.0' ],
1772 silly audit   '@esbuild/win32-arm64': [ '0.27.0' ],
1772 silly audit   '@esbuild/win32-ia32': [ '0.27.0' ],
1772 silly audit   '@esbuild/win32-x64': [ '0.27.0' ],
1772 silly audit   'cross-spawn': [ '7.0.6' ],
1772 silly audit   'get-stream': [ '5.2.0', '6.0.1' ],
1772 silly audit   'human-signals': [ '1.1.1', '2.1.0' ],
1772 silly audit   'is-stream': [ '2.0.1' ],
1772 silly audit   'merge-stream': [ '2.0.0' ],
1772 silly audit   'npm-run-path': [ '4.0.1' ],
1772 silly audit   onetime: [ '5.1.2' ],
1772 silly audit   'p-finally': [ '2.0.1' ],
1772 silly audit   'strip-final-newline': [ '2.0.0' ],
1772 silly audit   'path-key': [ '3.1.1' ],
1772 silly audit   'shebang-command': [ '2.0.0' ],
1772 silly audit   which: [ '2.0.2' ],
1772 silly audit   asynckit: [ '0.4.0' ],
1772 silly audit   'combined-stream': [ '1.0.8' ],
1772 silly audit   'es-set-tostringtag': [ '2.1.0' ],
1772 silly audit   hasown: [ '2.0.2' ],
1772 silly audit   'delayed-stream': [ '1.0.0' ],
1772 silly audit   'es-errors': [ '1.3.0' ],
1772 silly audit   'get-intrinsic': [ '1.3.0' ],
1772 silly audit   'has-tostringtag': [ '1.0.2' ],
1772 silly audit   jsonfile: [ '6.2.0' ],
1772 silly audit   universalify: [ '2.0.1' ],
1772 silly audit   'call-bind-apply-helpers': [ '1.0.2' ],
1772 silly audit   'es-define-property': [ '1.0.1' ],
1772 silly audit   'es-object-atoms': [ '1.1.1' ],
1772 silly audit   'function-bind': [ '1.1.2' ],
1772 silly audit   'get-proto': [ '1.0.1' ],
1772 silly audit   gopd: [ '1.2.0' ],
1772 silly audit   'has-symbols': [ '1.1.0' ],
1772 silly audit   'math-intrinsics': [ '1.1.0' ],
1772 silly audit   'dunder-proto': [ '1.0.1' ],
1772 silly audit   pump: [ '3.0.3' ],
1772 silly audit   minipass: [ '7.1.3' ],
1772 silly audit   'path-scurry': [ '2.0.2' ],
1772 silly audit   'agent-base': [ '7.1.4' ],
1772 silly audit   argparse: [ '2.0.1' ],
1772 silly audit   '@types/json-schema': [ '7.0.15' ],
1772 silly audit   'ts-toolbelt': [ '6.15.5' ],
1772 silly audit   arg: [ '4.1.0' ],
1772 silly audit   'content-type': [ '1.0.4' ],
1772 silly audit   'raw-body': [ '2.4.1' ],
1772 silly audit   'mime-db': [ '1.52.0' ],
1772 silly audit   '@isaacs/brace-expansion': [ '5.0.1' ],
1772 silly audit   '@isaacs/balanced-match': [ '4.0.1' ],
1772 silly audit   'whatwg-url': [ '5.0.0' ],
1772 silly audit   abbrev: [ '3.0.1' ],
1772 silly audit   'mimic-fn': [ '2.1.0' ],
1772 silly audit   '@oxc-transform/binding-android-arm-eabi': [ '0.111.0' ],
1772 silly audit   '@oxc-transform/binding-android-arm64': [ '0.111.0' ],
1772 silly audit   '@oxc-transform/binding-darwin-arm64': [ '0.111.0' ],
1772 silly audit   '@oxc-transform/binding-darwin-x64': [ '0.111.0' ],
1772 silly audit   '@oxc-transform/binding-freebsd-x64': [ '0.111.0' ],
1772 silly audit   '@oxc-transform/binding-linux-arm-gnueabihf': [ '0.111.0' ],
1772 silly audit   '@oxc-transform/binding-linux-arm-musleabihf': [ '0.111.0' ],
1772 silly audit   '@oxc-transform/binding-linux-arm64-gnu': [ '0.111.0' ],
1772 silly audit   '@oxc-transform/binding-linux-arm64-musl': [ '0.111.0' ],
1772 silly audit   '@oxc-transform/binding-linux-ppc64-gnu': [ '0.111.0' ],
1772 silly audit   '@oxc-transform/binding-linux-riscv64-gnu': [ '0.111.0' ],
1772 silly audit   '@oxc-transform/binding-linux-riscv64-musl': [ '0.111.0' ],
1772 silly audit   '@oxc-transform/binding-linux-s390x-gnu': [ '0.111.0' ],
1772 silly audit   '@oxc-transform/binding-linux-x64-gnu': [ '0.111.0' ],
1772 silly audit   '@oxc-transform/binding-linux-x64-musl': [ '0.111.0' ],
1772 silly audit   '@oxc-transform/binding-openharmony-arm64': [ '0.111.0' ],
1772 silly audit   '@oxc-transform/binding-wasm32-wasi': [ '0.111.0' ],
1772 silly audit   '@oxc-transform/binding-win32-arm64-msvc': [ '0.111.0' ],
1772 silly audit   '@oxc-transform/binding-win32-ia32-msvc': [ '0.111.0' ],
1772 silly audit   '@oxc-transform/binding-win32-x64-msvc': [ '0.111.0' ],
1772 silly audit   '@napi-rs/wasm-runtime': [ '1.1.1' ],
1772 silly audit   '@emnapi/core': [ '1.8.1' ],
1772 silly audit   '@emnapi/runtime': [ '1.8.1' ],
1772 silly audit   '@tybys/wasm-util': [ '0.10.1' ],
1772 silly audit   '@emnapi/wasi-threads': [ '1.1.0' ],
1772 silly audit   tslib: [ '2.8.1' ],
1772 silly audit   'lru-cache': [ '11.2.6', '7.18.3', '6.0.0' ],
1772 silly audit   'ohm-js': [ '17.5.0' ],
1772 silly audit   'parse-ms': [ '2.1.0' ],
1772 silly audit   'http-proxy-agent': [ '7.0.2' ],
1772 silly audit   'pac-proxy-agent': [ '7.2.0' ],
1772 silly audit   'proxy-from-env': [ '1.1.0' ],
1772 silly audit   'socks-proxy-agent': [ '8.0.5' ],
1772 silly audit   '@tootallnate/quickjs-emscripten': [ '0.23.0' ],
1772 silly audit   'get-uri': [ '6.0.5' ],
1772 silly audit   'pac-resolver': [ '7.0.1' ],
1772 silly audit   'basic-ftp': [ '5.1.0' ],
1772 silly audit   'data-uri-to-buffer': [ '6.0.2' ],
1772 silly audit   degenerator: [ '5.0.1' ],
1772 silly audit   netmask: [ '2.0.2' ],
1772 silly audit   'ast-types': [ '0.13.4' ],
1772 silly audit   escodegen: [ '2.1.0' ],
1772 silly audit   esprima: [ '4.0.1' ],
1772 silly audit   estraverse: [ '5.3.0' ],
1772 silly audit   esutils: [ '2.0.3' ],
1772 silly audit   'source-map': [ '0.6.1' ],
1772 silly audit   'end-of-stream': [ '1.4.5', '1.1.0' ],
1772 silly audit   once: [ '1.4.0', '1.3.3' ],
1772 silly audit   wrappy: [ '1.0.2' ],
1772 silly audit   bytes: [ '3.1.0' ],
1772 silly audit   'http-errors': [ '1.7.3' ],
1772 silly audit   'iconv-lite': [ '0.4.24' ],
1772 silly audit   unpipe: [ '1.0.0' ],
1772 silly audit   depd: [ '1.1.2' ],
1772 silly audit   inherits: [ '2.0.4' ],
1772 silly audit   setprototypeof: [ '1.1.1' ],
1772 silly audit   statuses: [ '1.5.0' ],
1772 silly audit   toidentifier: [ '1.0.0' ],
1772 silly audit   'safer-buffer': [ '2.1.2' ],
1772 silly audit   '@oxc-project/types': [ '0.110.0' ],
1772 silly audit   '@rolldown/binding-android-arm64': [ '1.0.0-rc.1' ],
1772 silly audit   '@rolldown/binding-darwin-arm64': [ '1.0.0-rc.1' ],
1772 silly audit   '@rolldown/binding-darwin-x64': [ '1.0.0-rc.1' ],
1772 silly audit   '@rolldown/binding-freebsd-x64': [ '1.0.0-rc.1' ],
1772 silly audit   '@rolldown/binding-linux-arm-gnueabihf': [ '1.0.0-rc.1' ],
1772 silly audit   '@rolldown/binding-linux-arm64-gnu': [ '1.0.0-rc.1' ],
1772 silly audit   '@rolldown/binding-linux-arm64-musl': [ '1.0.0-rc.1' ],
1772 silly audit   '@rolldown/binding-linux-x64-gnu': [ '1.0.0-rc.1' ],
1772 silly audit   '@rolldown/binding-linux-x64-musl': [ '1.0.0-rc.1' ],
1772 silly audit   '@rolldown/binding-openharmony-arm64': [ '1.0.0-rc.1' ],
1772 silly audit   '@rolldown/binding-wasm32-wasi': [ '1.0.0-rc.1' ],
1772 silly audit   '@rolldown/binding-win32-arm64-msvc': [ '1.0.0-rc.1' ],
1772 silly audit   '@rolldown/binding-win32-x64-msvc': [ '1.0.0-rc.1' ],
1772 silly audit   '@rolldown/pluginutils': [ '1.0.0-rc.1' ],
1772 silly audit   'shebang-regex': [ '3.0.0' ],
1772 silly audit   socks: [ '2.8.7' ],
1772 silly audit   'ip-address': [ '10.1.0' ],
1772 silly audit   'smart-buffer': [ '4.2.0' ],
1772 silly audit   'cookie-es': [ '2.0.0' ],
1772 silly audit   'any-promise': [ '1.3.0' ],
1772 silly audit   'stream-to-array': [ '2.3.0' ],
1772 silly audit   '@isaacs/fs-minipass': [ '4.0.1' ],
1772 silly audit   chownr: [ '3.0.0' ],
1772 silly audit   minizlib: [ '3.1.0' ],
1772 silly audit   yallist: [ '5.0.0', '4.0.0' ],
1772 silly audit   'convert-hrtime': [ '3.0.0' ],
1772 silly audit   '@ts-morph/common': [ '0.11.1' ],
1772 silly audit   'code-block-writer': [ '10.1.1' ],
1772 silly audit   'fast-glob': [ '3.3.3' ],
1772 silly audit   mkdirp: [ '1.0.4' ],
1772 silly audit   'path-browserify': [ '1.0.1' ],
1772 silly audit   '@nodelib/fs.stat': [ '2.0.5' ],
1772 silly audit   '@nodelib/fs.walk': [ '1.2.8' ],
1772 silly audit   'glob-parent': [ '5.1.2' ],
1772 silly audit   merge2: [ '1.4.1' ],
1772 silly audit   micromatch: [ '4.0.8' ],
1772 silly audit   '@nodelib/fs.scandir': [ '2.1.5' ],
1772 silly audit   fastq: [ '1.20.1' ],
1772 silly audit   'run-parallel': [ '1.2.0' ],
1772 silly audit   reusify: [ '1.1.0' ],
1772 silly audit   'is-glob': [ '4.0.3' ],
1772 silly audit   'is-extglob': [ '2.1.1' ],
1772 silly audit   braces: [ '3.0.3' ],
1772 silly audit   'fill-range': [ '7.1.1' ],
1772 silly audit   'to-regex-range': [ '5.0.1' ],
1772 silly audit   'queue-microtask': [ '1.2.3' ],
1772 silly audit   'is-number': [ '7.0.0' ],
1772 silly audit   fsevents: [ '2.3.3' ],
1772 silly audit   'get-tsconfig': [ '4.13.6' ],
1772 silly audit   'resolve-pkg-maps': [ '1.0.0' ],
1772 silly audit   punycode: [ '2.3.1' ],
1772 silly audit   tr46: [ '0.0.3' ],
1772 silly audit   'webidl-conversions': [ '3.0.1' ],
1772 silly audit   isexe: [ '2.0.0' ],
1772 silly audit   'xdg-portable': [ '7.3.0' ],
1772 silly audit   'os-paths': [ '4.4.0' ],
1772 silly audit   yauzl: [ '2.10.0' ],
1772 silly audit   'yauzl-clone': [ '1.0.4' ],
1772 silly audit   'buffer-crc32': [ '0.2.13' ],
1772 silly audit   'fd-slicer': [ '1.1.0' ],
1772 silly audit   pend: [ '1.2.0' ],
1772 silly audit   'events-intercept': [ '2.0.0' ],
1772 silly audit   'brace-expansion': [ '1.1.12', '5.0.2' ],
1772 silly audit   'balanced-match': [ '1.0.2', '4.0.3' ],
1772 silly audit   'concat-map': [ '0.0.1' ],
1772 silly audit   '@fastify/busboy': [ '2.1.1' ]
1772 silly audit }
1773 http cache @fastify/busboy@https://registry.npmjs.org/@fastify/busboy/-/busboy-2.1.1.tgz 0ms (cache hit)
1774 http cache concat-map@https://registry.npmjs.org/concat-map/-/concat-map-0.0.1.tgz 0ms (cache hit)
1775 http cache balanced-match@https://registry.npmjs.org/balanced-match/-/balanced-match-1.0.2.tgz 0ms (cache hit)
1776 http cache events-intercept@https://registry.npmjs.org/events-intercept/-/events-intercept-2.0.0.tgz 0ms (cache hit)
1777 http cache pend@https://registry.npmjs.org/pend/-/pend-1.2.0.tgz 0ms (cache hit)
1778 http cache fd-slicer@https://registry.npmjs.org/fd-slicer/-/fd-slicer-1.1.0.tgz 0ms (cache hit)
1779 http cache buffer-crc32@https://registry.npmjs.org/buffer-crc32/-/buffer-crc32-0.2.13.tgz 0ms (cache hit)
1780 http cache yauzl-clone@https://registry.npmjs.org/yauzl-clone/-/yauzl-clone-1.0.4.tgz 0ms (cache hit)
1781 http cache yauzl@https://registry.npmjs.org/yauzl/-/yauzl-2.10.0.tgz 0ms (cache hit)
1782 http cache os-paths@https://registry.npmjs.org/os-paths/-/os-paths-4.4.0.tgz 0ms (cache hit)
1783 http cache brace-expansion@https://registry.npmjs.org/brace-expansion/-/brace-expansion-1.1.12.tgz 0ms (cache hit)
1784 http cache xdg-portable@https://registry.npmjs.org/xdg-portable/-/xdg-portable-7.3.0.tgz 0ms (cache hit)
1785 http cache isexe@https://registry.npmjs.org/isexe/-/isexe-2.0.0.tgz 0ms (cache hit)
1786 http cache webidl-conversions@https://registry.npmjs.org/webidl-conversions/-/webidl-conversions-3.0.1.tgz 0ms (cache hit)
1787 http cache tr46@https://registry.npmjs.org/tr46/-/tr46-0.0.3.tgz 0ms (cache hit)
1788 http cache punycode@https://registry.npmjs.org/punycode/-/punycode-2.3.1.tgz 0ms (cache hit)
1789 http cache resolve-pkg-maps@https://registry.npmjs.org/resolve-pkg-maps/-/resolve-pkg-maps-1.0.0.tgz 0ms (cache hit)
1790 http cache get-tsconfig@https://registry.npmjs.org/get-tsconfig/-/get-tsconfig-4.13.6.tgz 0ms (cache hit)
1791 http cache fsevents@https://registry.npmjs.org/fsevents/-/fsevents-2.3.3.tgz 0ms (cache hit)
1792 http cache is-number@https://registry.npmjs.org/is-number/-/is-number-7.0.0.tgz 0ms (cache hit)
1793 http cache queue-microtask@https://registry.npmjs.org/queue-microtask/-/queue-microtask-1.2.3.tgz 0ms (cache hit)
1794 http cache to-regex-range@https://registry.npmjs.org/to-regex-range/-/to-regex-range-5.0.1.tgz 0ms (cache hit)
1795 http cache fill-range@https://registry.npmjs.org/fill-range/-/fill-range-7.1.1.tgz 0ms (cache hit)
1796 http cache braces@https://registry.npmjs.org/braces/-/braces-3.0.3.tgz 0ms (cache hit)
1797 http cache is-extglob@https://registry.npmjs.org/is-extglob/-/is-extglob-2.1.1.tgz 0ms (cache hit)
1798 http cache is-glob@https://registry.npmjs.org/is-glob/-/is-glob-4.0.3.tgz 0ms (cache hit)
1799 http cache reusify@https://registry.npmjs.org/reusify/-/reusify-1.1.0.tgz 0ms (cache hit)
1800 http cache fastq@https://registry.npmjs.org/fastq/-/fastq-1.20.1.tgz 0ms (cache hit)
1801 http cache run-parallel@https://registry.npmjs.org/run-parallel/-/run-parallel-1.2.0.tgz 0ms (cache hit)
1802 http cache @nodelib/fs.scandir@https://registry.npmjs.org/@nodelib/fs.scandir/-/fs.scandir-2.1.5.tgz 0ms (cache hit)
1803 http cache micromatch@https://registry.npmjs.org/micromatch/-/micromatch-4.0.8.tgz 0ms (cache hit)
1804 http cache merge2@https://registry.npmjs.org/merge2/-/merge2-1.4.1.tgz 0ms (cache hit)
1805 http cache @nodelib/fs.walk@https://registry.npmjs.org/@nodelib/fs.walk/-/fs.walk-1.2.8.tgz 0ms (cache hit)
1806 http cache @nodelib/fs.stat@https://registry.npmjs.org/@nodelib/fs.stat/-/fs.stat-2.0.5.tgz 0ms (cache hit)
1807 http cache path-browserify@https://registry.npmjs.org/path-browserify/-/path-browserify-1.0.1.tgz 0ms (cache hit)
1808 http cache mkdirp@https://registry.npmjs.org/mkdirp/-/mkdirp-1.0.4.tgz 0ms (cache hit)
1809 http cache fast-glob@https://registry.npmjs.org/fast-glob/-/fast-glob-3.3.3.tgz 0ms (cache hit)
1810 http cache code-block-writer@https://registry.npmjs.org/code-block-writer/-/code-block-writer-10.1.1.tgz 0ms (cache hit)
1811 http cache @ts-morph/common@https://registry.npmjs.org/@ts-morph/common/-/common-0.11.1.tgz 0ms (cache hit)
1812 http cache glob-parent@https://registry.npmjs.org/glob-parent/-/glob-parent-5.1.2.tgz 0ms (cache hit)
1813 http cache yallist@https://registry.npmjs.org/yallist/-/yallist-5.0.0.tgz 0ms (cache hit)
1814 http cache convert-hrtime@https://registry.npmjs.org/convert-hrtime/-/convert-hrtime-3.0.0.tgz 0ms (cache hit)
1815 http cache stream-to-array@https://registry.npmjs.org/stream-to-array/-/stream-to-array-2.3.0.tgz 0ms (cache hit)
1816 http cache any-promise@https://registry.npmjs.org/any-promise/-/any-promise-1.3.0.tgz 0ms (cache hit)
1817 http cache chownr@https://registry.npmjs.org/chownr/-/chownr-3.0.0.tgz 0ms (cache hit)
1818 http cache smart-buffer@https://registry.npmjs.org/smart-buffer/-/smart-buffer-4.2.0.tgz 0ms (cache hit)
1819 http cache @isaacs/fs-minipass@https://registry.npmjs.org/@isaacs/fs-minipass/-/fs-minipass-4.0.1.tgz 0ms (cache hit)
1820 http cache cookie-es@https://registry.npmjs.org/cookie-es/-/cookie-es-2.0.0.tgz 0ms (cache hit)
1821 http cache minizlib@https://registry.npmjs.org/minizlib/-/minizlib-3.1.0.tgz 0ms (cache hit)
1822 http cache ip-address@https://registry.npmjs.org/ip-address/-/ip-address-10.1.0.tgz 1ms (cache hit)
1823 http cache socks@https://registry.npmjs.org/socks/-/socks-2.8.7.tgz 0ms (cache hit)
1824 http cache shebang-regex@https://registry.npmjs.org/shebang-regex/-/shebang-regex-3.0.0.tgz 0ms (cache hit)
1825 http cache @rolldown/pluginutils@https://registry.npmjs.org/@rolldown/pluginutils/-/pluginutils-1.0.0-rc.1.tgz 0ms (cache hit)
1826 http cache @rolldown/binding-darwin-arm64@https://registry.npmjs.org/@rolldown/binding-darwin-arm64/-/binding-darwin-arm64-1.0.0-rc.1.tgz 0ms (cache hit)
1827 http cache @oxc-project/types@https://registry.npmjs.org/@oxc-project/types/-/types-0.110.0.tgz 0ms (cache hit)
1828 http cache safer-buffer@https://registry.npmjs.org/safer-buffer/-/safer-buffer-2.1.2.tgz 0ms (cache hit)
1829 http cache statuses@https://registry.npmjs.org/statuses/-/statuses-1.5.0.tgz 0ms (cache hit)
1830 http cache setprototypeof@https://registry.npmjs.org/setprototypeof/-/setprototypeof-1.1.1.tgz 0ms (cache hit)
1831 http cache inherits@https://registry.npmjs.org/inherits/-/inherits-2.0.4.tgz 0ms (cache hit)
1832 http cache depd@https://registry.npmjs.org/depd/-/depd-1.1.2.tgz 0ms (cache hit)
1833 http cache unpipe@https://registry.npmjs.org/unpipe/-/unpipe-1.0.0.tgz 0ms (cache hit)
1834 http cache iconv-lite@https://registry.npmjs.org/iconv-lite/-/iconv-lite-0.4.24.tgz 0ms (cache hit)
1835 http cache http-errors@https://registry.npmjs.org/http-errors/-/http-errors-1.7.3.tgz 0ms (cache hit)
1836 http cache bytes@https://registry.npmjs.org/bytes/-/bytes-3.1.0.tgz 0ms (cache hit)
1837 http cache once@https://registry.npmjs.org/once/-/once-1.4.0.tgz 0ms (cache hit)
1838 http cache toidentifier@https://registry.npmjs.org/toidentifier/-/toidentifier-1.0.0.tgz 0ms (cache hit)
1839 http cache wrappy@https://registry.npmjs.org/wrappy/-/wrappy-1.0.2.tgz 0ms (cache hit)
1840 http cache end-of-stream@https://registry.npmjs.org/end-of-stream/-/end-of-stream-1.4.5.tgz 0ms (cache hit)
1841 http cache source-map@https://registry.npmjs.org/source-map/-/source-map-0.6.1.tgz 0ms (cache hit)
1842 http cache estraverse@https://registry.npmjs.org/estraverse/-/estraverse-5.3.0.tgz 0ms (cache hit)
1843 http cache esprima@https://registry.npmjs.org/esprima/-/esprima-4.0.1.tgz 0ms (cache hit)
1844 http cache esutils@https://registry.npmjs.org/esutils/-/esutils-2.0.3.tgz 0ms (cache hit)
1845 http cache ast-types@https://registry.npmjs.org/ast-types/-/ast-types-0.13.4.tgz 0ms (cache hit)
1846 http cache escodegen@https://registry.npmjs.org/escodegen/-/escodegen-2.1.0.tgz 0ms (cache hit)
1847 http cache netmask@https://registry.npmjs.org/netmask/-/netmask-2.0.2.tgz 0ms (cache hit)
1848 http cache data-uri-to-buffer@https://registry.npmjs.org/data-uri-to-buffer/-/data-uri-to-buffer-6.0.2.tgz 0ms (cache hit)
1849 http cache basic-ftp@https://registry.npmjs.org/basic-ftp/-/basic-ftp-5.1.0.tgz 0ms (cache hit)
1850 http cache pac-resolver@https://registry.npmjs.org/pac-resolver/-/pac-resolver-7.0.1.tgz 0ms (cache hit)
1851 http cache degenerator@https://registry.npmjs.org/degenerator/-/degenerator-5.0.1.tgz 0ms (cache hit)
1852 http cache get-uri@https://registry.npmjs.org/get-uri/-/get-uri-6.0.5.tgz 0ms (cache hit)
1853 http cache @tootallnate/quickjs-emscripten@https://registry.npmjs.org/@tootallnate/quickjs-emscripten/-/quickjs-emscripten-0.23.0.tgz 0ms (cache hit)
1854 http cache socks-proxy-agent@https://registry.npmjs.org/socks-proxy-agent/-/socks-proxy-agent-8.0.5.tgz 0ms (cache hit)
1855 http cache pac-proxy-agent@https://registry.npmjs.org/pac-proxy-agent/-/pac-proxy-agent-7.2.0.tgz 0ms (cache hit)
1856 http cache parse-ms@https://registry.npmjs.org/parse-ms/-/parse-ms-2.1.0.tgz 0ms (cache hit)
1857 http cache http-proxy-agent@https://registry.npmjs.org/http-proxy-agent/-/http-proxy-agent-7.0.2.tgz 0ms (cache hit)
1858 http cache lru-cache@https://registry.npmjs.org/lru-cache/-/lru-cache-11.2.6.tgz 0ms (cache hit)
1859 http cache ohm-js@https://registry.npmjs.org/ohm-js/-/ohm-js-17.5.0.tgz 0ms (cache hit)
1860 http cache proxy-from-env@https://registry.npmjs.org/proxy-from-env/-/proxy-from-env-1.1.0.tgz 0ms (cache hit)
1861 http cache @emnapi/wasi-threads@https://registry.npmjs.org/@emnapi/wasi-threads/-/wasi-threads-1.1.0.tgz 0ms (cache hit)
1862 http cache tslib@https://registry.npmjs.org/tslib/-/tslib-2.8.1.tgz 0ms (cache hit)
1863 http cache @emnapi/runtime@https://registry.npmjs.org/@emnapi/runtime/-/runtime-1.8.1.tgz 0ms (cache hit)
1864 http cache @tybys/wasm-util@https://registry.npmjs.org/@tybys/wasm-util/-/wasm-util-0.10.1.tgz 0ms (cache hit)
1865 http cache @emnapi/core@https://registry.npmjs.org/@emnapi/core/-/core-1.8.1.tgz 0ms (cache hit)
1866 http cache @napi-rs/wasm-runtime@https://registry.npmjs.org/@napi-rs/wasm-runtime/-/wasm-runtime-1.1.1.tgz 0ms (cache hit)
1867 http cache abbrev@https://registry.npmjs.org/abbrev/-/abbrev-3.0.1.tgz 0ms (cache hit)
1868 http cache mimic-fn@https://registry.npmjs.org/mimic-fn/-/mimic-fn-2.1.0.tgz 0ms (cache hit)
1869 http cache whatwg-url@https://registry.npmjs.org/whatwg-url/-/whatwg-url-5.0.0.tgz 0ms (cache hit)
1870 http cache @isaacs/balanced-match@https://registry.npmjs.org/@isaacs/balanced-match/-/balanced-match-4.0.1.tgz 0ms (cache hit)
1871 http cache raw-body@https://registry.npmjs.org/raw-body/-/raw-body-2.4.1.tgz 0ms (cache hit)
1872 http cache @oxc-transform/binding-darwin-arm64@https://registry.npmjs.org/@oxc-transform/binding-darwin-arm64/-/binding-darwin-arm64-0.111.0.tgz 0ms (cache hit)
1873 http cache @isaacs/brace-expansion@https://registry.npmjs.org/@isaacs/brace-expansion/-/brace-expansion-5.0.1.tgz 0ms (cache hit)
1874 http cache mime-db@https://registry.npmjs.org/mime-db/-/mime-db-1.52.0.tgz 0ms (cache hit)
1875 http cache content-type@https://registry.npmjs.org/content-type/-/content-type-1.0.4.tgz 0ms (cache hit)
1876 http cache arg@https://registry.npmjs.org/arg/-/arg-4.1.0.tgz 0ms (cache hit)
1877 http cache argparse@https://registry.npmjs.org/argparse/-/argparse-2.0.1.tgz 0ms (cache hit)
1878 http cache agent-base@https://registry.npmjs.org/agent-base/-/agent-base-7.1.4.tgz 0ms (cache hit)
1879 http cache path-scurry@https://registry.npmjs.org/path-scurry/-/path-scurry-2.0.2.tgz 0ms (cache hit)
1880 http cache ts-toolbelt@https://registry.npmjs.org/ts-toolbelt/-/ts-toolbelt-6.15.5.tgz 0ms (cache hit)
1881 http cache @types/json-schema@https://registry.npmjs.org/@types/json-schema/-/json-schema-7.0.15.tgz 0ms (cache hit)
1882 http cache minipass@https://registry.npmjs.org/minipass/-/minipass-7.1.3.tgz 0ms (cache hit)
1883 http cache pump@https://registry.npmjs.org/pump/-/pump-3.0.3.tgz 0ms (cache hit)
1884 http cache dunder-proto@https://registry.npmjs.org/dunder-proto/-/dunder-proto-1.0.1.tgz 0ms (cache hit)
1885 http cache math-intrinsics@https://registry.npmjs.org/math-intrinsics/-/math-intrinsics-1.1.0.tgz 0ms (cache hit)
1886 http cache has-symbols@https://registry.npmjs.org/has-symbols/-/has-symbols-1.1.0.tgz 0ms (cache hit)
1887 http cache gopd@https://registry.npmjs.org/gopd/-/gopd-1.2.0.tgz 0ms (cache hit)
1888 http cache get-proto@https://registry.npmjs.org/get-proto/-/get-proto-1.0.1.tgz 0ms (cache hit)
1889 http cache function-bind@https://registry.npmjs.org/function-bind/-/function-bind-1.1.2.tgz 0ms (cache hit)
1890 http cache es-object-atoms@https://registry.npmjs.org/es-object-atoms/-/es-object-atoms-1.1.1.tgz 0ms (cache hit)
1891 http cache es-define-property@https://registry.npmjs.org/es-define-property/-/es-define-property-1.0.1.tgz 0ms (cache hit)
1892 http cache call-bind-apply-helpers@https://registry.npmjs.org/call-bind-apply-helpers/-/call-bind-apply-helpers-1.0.2.tgz 0ms (cache hit)
1893 http cache universalify@https://registry.npmjs.org/universalify/-/universalify-2.0.1.tgz 0ms (cache hit)
1894 http cache jsonfile@https://registry.npmjs.org/jsonfile/-/jsonfile-6.2.0.tgz 0ms (cache hit)
1895 http cache has-tostringtag@https://registry.npmjs.org/has-tostringtag/-/has-tostringtag-1.0.2.tgz 0ms (cache hit)
1896 http cache get-intrinsic@https://registry.npmjs.org/get-intrinsic/-/get-intrinsic-1.3.0.tgz 0ms (cache hit)
1897 http cache es-errors@https://registry.npmjs.org/es-errors/-/es-errors-1.3.0.tgz 0ms (cache hit)
1898 http cache delayed-stream@https://registry.npmjs.org/delayed-stream/-/delayed-stream-1.0.0.tgz 0ms (cache hit)
1899 http cache hasown@https://registry.npmjs.org/hasown/-/hasown-2.0.2.tgz 0ms (cache hit)
1900 http cache es-set-tostringtag@https://registry.npmjs.org/es-set-tostringtag/-/es-set-tostringtag-2.1.0.tgz 0ms (cache hit)
1901 http cache combined-stream@https://registry.npmjs.org/combined-stream/-/combined-stream-1.0.8.tgz 0ms (cache hit)
1902 http cache asynckit@https://registry.npmjs.org/asynckit/-/asynckit-0.4.0.tgz 0ms (cache hit)
1903 http cache which@https://registry.npmjs.org/which/-/which-2.0.2.tgz 0ms (cache hit)
1904 http cache shebang-command@https://registry.npmjs.org/shebang-command/-/shebang-command-2.0.0.tgz 0ms (cache hit)
1905 http cache path-key@https://registry.npmjs.org/path-key/-/path-key-3.1.1.tgz 0ms (cache hit)
1906 http cache strip-final-newline@https://registry.npmjs.org/strip-final-newline/-/strip-final-newline-2.0.0.tgz 0ms (cache hit)
1907 http cache p-finally@https://registry.npmjs.org/p-finally/-/p-finally-2.0.1.tgz 0ms (cache hit)
1908 http cache onetime@https://registry.npmjs.org/onetime/-/onetime-5.1.2.tgz 0ms (cache hit)
1909 http cache npm-run-path@https://registry.npmjs.org/npm-run-path/-/npm-run-path-4.0.1.tgz 0ms (cache hit)
1910 http cache merge-stream@https://registry.npmjs.org/merge-stream/-/merge-stream-2.0.0.tgz 0ms (cache hit)
1911 http cache is-stream@https://registry.npmjs.org/is-stream/-/is-stream-2.0.1.tgz 0ms (cache hit)
1912 http cache human-signals@https://registry.npmjs.org/human-signals/-/human-signals-1.1.1.tgz 0ms (cache hit)
1913 http cache get-stream@https://registry.npmjs.org/get-stream/-/get-stream-5.2.0.tgz 0ms (cache hit)
1914 http cache cross-spawn@https://registry.npmjs.org/cross-spawn/-/cross-spawn-7.0.6.tgz 0ms (cache hit)
1915 http cache @esbuild/darwin-arm64@https://registry.npmjs.org/@esbuild/darwin-arm64/-/darwin-arm64-0.27.0.tgz 0ms (cache hit)
1916 http cache time-span@https://registry.npmjs.org/time-span/-/time-span-4.0.0.tgz 0ms (cache hit)
1917 http cache pretty-ms@https://registry.npmjs.org/pretty-ms/-/pretty-ms-7.0.1.tgz 0ms (cache hit)
1918 http cache signal-exit@https://registry.npmjs.org/signal-exit/-/signal-exit-4.0.2.tgz 0ms (cache hit)
1919 http cache mri@https://registry.npmjs.org/mri/-/mri-1.2.0.tgz 0ms (cache hit)
1920 http cache picocolors@https://registry.npmjs.org/picocolors/-/picocolors-1.0.0.tgz 0ms (cache hit)
1921 http cache @edge-runtime/ponyfill@https://registry.npmjs.org/@edge-runtime/ponyfill/-/ponyfill-2.4.2.tgz 0ms (cache hit)
1922 http cache @edge-runtime/format@https://registry.npmjs.org/@edge-runtime/format/-/format-2.2.1.tgz 0ms (cache hit)
1923 http cache readdirp@https://registry.npmjs.org/readdirp/-/readdirp-4.1.2.tgz 0ms (cache hit)
1924 http cache file-uri-to-path@https://registry.npmjs.org/file-uri-to-path/-/file-uri-to-path-1.0.0.tgz 0ms (cache hit)
1925 http cache retry@https://registry.npmjs.org/retry/-/retry-0.13.1.tgz 0ms (cache hit)
1926 http cache uri-js@https://registry.npmjs.org/uri-js/-/uri-js-4.4.1.tgz 0ms (cache hit)
1927 http cache require-from-string@https://registry.npmjs.org/require-from-string/-/require-from-string-2.0.2.tgz 0ms (cache hit)
1928 http cache json-schema-traverse@https://registry.npmjs.org/json-schema-traverse/-/json-schema-traverse-1.0.0.tgz 0ms (cache hit)
1929 http cache fast-deep-equal@https://registry.npmjs.org/fast-deep-equal/-/fast-deep-equal-3.1.3.tgz 0ms (cache hit)
1930 http cache json-schema-to-ts@https://registry.npmjs.org/json-schema-to-ts/-/json-schema-to-ts-1.6.4.tgz 0ms (cache hit)
1931 http cache ajv@https://registry.npmjs.org/ajv/-/ajv-8.6.3.tgz 0ms (cache hit)
1932 http cache @sinclair/typebox@https://registry.npmjs.org/@sinclair/typebox/-/typebox-0.25.24.tgz 0ms (cache hit)
1933 http cache web-vitals@https://registry.npmjs.org/web-vitals/-/web-vitals-0.2.4.tgz 0ms (cache hit)
1934 http cache @vercel/gatsby-plugin-vercel-builder@https://registry.npmjs.org/@vercel/gatsby-plugin-vercel-builder/-/gatsby-plugin-vercel-builder-2.0.138.tgz 0ms (cache hit)
1935 http cache @vercel/gatsby-plugin-vercel-analytics@https://registry.npmjs.org/@vercel/gatsby-plugin-vercel-analytics/-/gatsby-plugin-vercel-analytics-1.0.11.tgz 0ms (cache hit)
1936 http cache @iarna/toml@https://registry.npmjs.org/@iarna/toml/-/toml-2.2.5.tgz 0ms (cache hit)
1937 http cache smol-toml@https://registry.npmjs.org/smol-toml/-/smol-toml-1.5.2.tgz 0ms (cache hit)
1938 http cache minimatch@https://registry.npmjs.org/minimatch/-/minimatch-10.1.1.tgz 0ms (cache hit)
1939 http cache js-yaml@https://registry.npmjs.org/js-yaml/-/js-yaml-4.1.1.tgz 0ms (cache hit)
1940 http cache @bytecodealliance/preview2-shim@https://registry.npmjs.org/@bytecodealliance/preview2-shim/-/preview2-shim-0.17.6.tgz 0ms (cache hit)
1941 http cache undici-types@https://registry.npmjs.org/undici-types/-/undici-types-5.26.5.tgz 0ms (cache hit)
1942 http cache @renovatebot/pep440@https://registry.npmjs.org/@renovatebot/pep440/-/pep440-4.2.1.tgz 0ms (cache hit)
1943 http cache path-to-regexp-updated@https://registry.npmjs.org/path-to-regexp/-/path-to-regexp-6.3.0.tgz 0ms (cache hit)
1944 http cache mime-types@https://registry.npmjs.org/mime-types/-/mime-types-2.1.35.tgz 1ms (cache hit)
1945 http cache es-module-lexer@https://registry.npmjs.org/es-module-lexer/-/es-module-lexer-1.4.1.tgz 0ms (cache hit)
1946 http cache etag@https://registry.npmjs.org/etag/-/etag-1.8.1.tgz 0ms (cache hit)
1947 http cache edge-runtime@https://registry.npmjs.org/edge-runtime/-/edge-runtime-2.5.9.tgz 0ms (cache hit)
1948 http cache cjs-module-lexer@https://registry.npmjs.org/cjs-module-lexer/-/cjs-module-lexer-1.2.3.tgz 0ms (cache hit)
1949 http cache @vercel/error-utils@https://registry.npmjs.org/@vercel/error-utils/-/error-utils-2.0.3.tgz 0ms (cache hit)
1950 http cache @types/node@https://registry.npmjs.org/@types/node/-/node-20.11.0.tgz 0ms (cache hit)
1951 http cache pip-requirements-js@https://registry.npmjs.org/pip-requirements-js/-/pip-requirements-js-1.0.2.tgz 0ms (cache hit)
1952 http cache @edge-runtime/vm@https://registry.npmjs.org/@edge-runtime/vm/-/vm-3.2.0.tgz 0ms (cache hit)
1953 http cache @edge-runtime/primitives@https://registry.npmjs.org/@edge-runtime/primitives/-/primitives-4.1.0.tgz 0ms (cache hit)
1954 http cache @edge-runtime/node-utils@https://registry.npmjs.org/@edge-runtime/node-utils/-/node-utils-2.3.0.tgz 0ms (cache hit)
1955 http cache @types/estree@https://registry.npmjs.org/@types/estree/-/estree-1.0.8.tgz 0ms (cache hit)
1956 http cache nopt@https://registry.npmjs.org/nopt/-/nopt-8.1.0.tgz 0ms (cache hit)
1957 http cache https-proxy-agent@https://registry.npmjs.org/https-proxy-agent/-/https-proxy-agent-7.0.6.tgz 0ms (cache hit)
1958 http cache detect-libc@https://registry.npmjs.org/detect-libc/-/detect-libc-2.1.2.tgz 0ms (cache hit)
1959 http cache consola@https://registry.npmjs.org/consola/-/consola-3.4.2.tgz 0ms (cache hit)
1960 http cache resolve-from@https://registry.npmjs.org/resolve-from/-/resolve-from-5.0.0.tgz 0ms (cache hit)
1961 http cache picomatch@https://registry.npmjs.org/picomatch/-/picomatch-4.0.3.tgz 0ms (cache hit)
1962 http cache node-gyp-build@https://registry.npmjs.org/node-gyp-build/-/node-gyp-build-4.8.4.tgz 0ms (cache hit)
1963 http cache graceful-fs@https://registry.npmjs.org/graceful-fs/-/graceful-fs-4.2.11.tgz 0ms (cache hit)
1964 http cache glob@https://registry.npmjs.org/glob/-/glob-13.0.6.tgz 0ms (cache hit)
1965 http cache estree-walker@https://registry.npmjs.org/estree-walker/-/estree-walker-2.0.2.tgz 0ms (cache hit)
1966 http cache bindings@https://registry.npmjs.org/bindings/-/bindings-1.5.0.tgz 0ms (cache hit)
1967 http cache async-sema@https://registry.npmjs.org/async-sema/-/async-sema-3.1.1.tgz 0ms (cache hit)
1968 http cache acorn-import-attributes@https://registry.npmjs.org/acorn-import-attributes/-/acorn-import-attributes-1.9.5.tgz 0ms (cache hit)
1969 http cache acorn@https://registry.npmjs.org/acorn/-/acorn-8.16.0.tgz 0ms (cache hit)
1970 http cache @rollup/pluginutils@https://registry.npmjs.org/@rollup/pluginutils/-/pluginutils-5.3.0.tgz 0ms (cache hit)
1971 http cache @mapbox/node-pre-gyp@https://registry.npmjs.org/@mapbox/node-pre-gyp/-/node-pre-gyp-2.0.3.tgz 0ms (cache hit)
1972 http cache yauzl-promise@https://registry.npmjs.org/yauzl-promise/-/yauzl-promise-2.1.3.tgz 0ms (cache hit)
1973 http cache xdg-app-paths@https://registry.npmjs.org/xdg-app-paths/-/xdg-app-paths-5.1.0.tgz 0ms (cache hit)
1974 http cache uid-promise@https://registry.npmjs.org/uid-promise/-/uid-promise-1.0.0.tgz 0ms (cache hit)
1975 http cache tree-kill@https://registry.npmjs.org/tree-kill/-/tree-kill-1.2.2.tgz 0ms (cache hit)
1976 http cache tinyexec@https://registry.npmjs.org/tinyexec/-/tinyexec-0.3.2.tgz 0ms (cache hit)
1977 http cache tar@https://registry.npmjs.org/tar/-/tar-7.5.7.tgz 0ms (cache hit)
1978 http cache stream-to-promise@https://registry.npmjs.org/stream-to-promise/-/stream-to-promise-2.2.0.tgz 0ms (cache hit)
1979 http cache stat-mode@https://registry.npmjs.org/stat-mode/-/stat-mode-0.3.0.tgz 0ms (cache hit)
1980 http cache semver@https://registry.npmjs.org/semver/-/semver-7.5.4.tgz 0ms (cache hit)
1981 http cache promisepipe@https://registry.npmjs.org/promisepipe/-/promisepipe-3.0.0.tgz 0ms (cache hit)
1982 http cache node-fetch@https://registry.npmjs.org/node-fetch/-/node-fetch-2.6.7.tgz 0ms (cache hit)
1983 http cache ms@https://registry.npmjs.org/ms/-/ms-2.1.1.tgz 0ms (cache hit)
1984 http cache micro@https://registry.npmjs.org/micro/-/micro-9.3.5-canary.3.tgz 0ms (cache hit)
1985 http cache generic-pool@https://registry.npmjs.org/generic-pool/-/generic-pool-3.4.2.tgz 0ms (cache hit)
1986 http cache debug@https://registry.npmjs.org/debug/-/debug-4.3.4.tgz 0ms (cache hit)
1987 http cache async-listen@https://registry.npmjs.org/async-listen/-/async-listen-1.2.0.tgz 0ms (cache hit)
1988 http cache @tootallnate/once@https://registry.npmjs.org/@tootallnate/once/-/once-2.0.0.tgz 0ms (cache hit)
1989 http cache ts-morph@https://registry.npmjs.org/ts-morph/-/ts-morph-12.0.0.tgz 0ms (cache hit)
1990 http cache @vercel/cervel@https://registry.npmjs.org/@vercel/cervel/-/cervel-0.0.23.tgz 0ms (cache hit)
1991 http cache @vercel/static-config@https://registry.npmjs.org/@vercel/static-config/-/static-config-3.1.2.tgz 0ms (cache hit)
1992 http cache @vercel/python-analysis@https://registry.npmjs.org/@vercel/python-analysis/-/python-analysis-0.6.0.tgz 0ms (cache hit)
1993 http cache undici@https://registry.npmjs.org/undici/-/undici-6.23.0.tgz 0ms (cache hit)
1994 http cache throttleit@https://registry.npmjs.org/throttleit/-/throttleit-2.1.0.tgz 0ms (cache hit)
1995 http cache is-node-process@https://registry.npmjs.org/is-node-process/-/is-node-process-1.2.0.tgz 0ms (cache hit)
1996 http cache is-buffer@https://registry.npmjs.org/is-buffer/-/is-buffer-2.0.5.tgz 0ms (cache hit)
1997 http cache async-retry@https://registry.npmjs.org/async-retry/-/async-retry-1.3.3.tgz 0ms (cache hit)
1998 http cache zod@https://registry.npmjs.org/zod/-/zod-3.22.4.tgz 0ms (cache hit)
1999 http cache tsx@https://registry.npmjs.org/tsx/-/tsx-4.21.0.tgz 0ms (cache hit)
2000 http cache srvx@https://registry.npmjs.org/srvx/-/srvx-0.8.9.tgz 0ms (cache hit)
2001 http cache rolldown@https://registry.npmjs.org/rolldown/-/rolldown-1.0.0-rc.1.tgz 0ms (cache hit)
2002 http cache resolve.exports@https://registry.npmjs.org/resolve.exports/-/resolve.exports-2.0.3.tgz 0ms (cache hit)
2003 http cache path-to-regexp@https://registry.npmjs.org/path-to-regexp/-/path-to-regexp-8.3.0.tgz 0ms (cache hit)
2004 http cache oxc-transform@https://registry.npmjs.org/oxc-transform/-/oxc-transform-0.111.0.tgz 0ms (cache hit)
2005 http cache fs-extra@https://registry.npmjs.org/fs-extra/-/fs-extra-11.1.0.tgz 0ms (cache hit)
2006 http cache execa@https://registry.npmjs.org/execa/-/execa-3.2.0.tgz 0ms (cache hit)
2007 http cache @vercel/nft@https://registry.npmjs.org/@vercel/nft/-/nft-1.3.0.tgz 0ms (cache hit)
2008 http cache proxy-agent@https://registry.npmjs.org/proxy-agent/-/proxy-agent-6.4.0.tgz 0ms (cache hit)
2009 http cache luxon@https://registry.npmjs.org/luxon/-/luxon-3.7.2.tgz 0ms (cache hit)
2010 http cache jose@https://registry.npmjs.org/jose/-/jose-5.9.6.tgz 0ms (cache hit)
2011 http cache form-data@https://registry.npmjs.org/form-data/-/form-data-4.0.5.tgz 0ms (cache hit)
2012 http cache esbuild@https://registry.npmjs.org/esbuild/-/esbuild-0.27.0.tgz 0ms (cache hit)
2013 http cache chokidar@https://registry.npmjs.org/chokidar/-/chokidar-4.0.0.tgz 0ms (cache hit)
2014 http cache @vercel/static-build@https://registry.npmjs.org/@vercel/static-build/-/static-build-2.8.40.tgz 0ms (cache hit)
2015 http cache @vercel/rust@https://registry.npmjs.org/@vercel/rust/-/rust-1.0.5.tgz 0ms (cache hit)
2016 http cache @vercel/ruby@https://registry.npmjs.org/@vercel/ruby/-/ruby-2.3.1.tgz 0ms (cache hit)
2017 http cache @vercel/remix-builder@https://registry.npmjs.org/@vercel/remix-builder/-/remix-builder-5.5.10.tgz 0ms (cache hit)
2018 http cache @vercel/redwood@https://registry.npmjs.org/@vercel/redwood/-/redwood-2.4.9.tgz 0ms (cache hit)
2019 http cache @vercel/python@https://registry.npmjs.org/@vercel/python/-/python-6.15.1.tgz 0ms (cache hit)
2020 http cache @vercel/node@https://registry.npmjs.org/@vercel/node/-/node-5.6.6.tgz 0ms (cache hit)
2021 http cache @vercel/next@https://registry.npmjs.org/@vercel/next/-/next-4.15.31.tgz 0ms (cache hit)
2022 http cache @vercel/nestjs@https://registry.npmjs.org/@vercel/nestjs/-/nestjs-0.2.43.tgz 0ms (cache hit)
2023 http cache @vercel/koa@https://registry.npmjs.org/@vercel/koa/-/koa-0.1.22.tgz 0ms (cache hit)
2024 http cache @vercel/hydrogen@https://registry.npmjs.org/@vercel/hydrogen/-/hydrogen-1.3.5.tgz 0ms (cache hit)
2025 http cache @vercel/hono@https://registry.npmjs.org/@vercel/hono/-/hono-0.2.42.tgz 0ms (cache hit)
2026 http cache @vercel/h3@https://registry.npmjs.org/@vercel/h3/-/h3-0.1.48.tgz 0ms (cache hit)
2027 http cache @vercel/go@https://registry.npmjs.org/@vercel/go/-/go-3.4.1.tgz 0ms (cache hit)
2028 http cache @vercel/fun@https://registry.npmjs.org/@vercel/fun/-/fun-1.3.0.tgz 0ms (cache hit)
2029 http cache @vercel/fastify@https://registry.npmjs.org/@vercel/fastify/-/fastify-0.1.42.tgz 0ms (cache hit)
2030 http cache @vercel/express@https://registry.npmjs.org/@vercel/express/-/express-0.1.48.tgz 0ms (cache hit)
2031 http cache @vercel/elysia@https://registry.npmjs.org/@vercel/elysia/-/elysia-0.1.39.tgz 0ms (cache hit)
2032 http cache @vercel/detect-agent@https://registry.npmjs.org/@vercel/detect-agent/-/detect-agent-1.1.0.tgz 0ms (cache hit)
2033 http cache @vercel/build-utils@https://registry.npmjs.org/@vercel/build-utils/-/build-utils-13.4.3.tgz 0ms (cache hit)
2034 http cache @vercel/blob@https://registry.npmjs.org/@vercel/blob/-/blob-2.3.0.tgz 0ms (cache hit)
2035 http cache typescript@https://registry.npmjs.org/typescript/-/typescript-5.9.3.tgz 0ms (cache hit)
2036 http cache @vercel/backends@https://registry.npmjs.org/@vercel/backends/-/backends-0.0.36.tgz 0ms (cache hit)
2037 http cache vercel@https://registry.npmjs.org/vercel/-/vercel-50.22.1.tgz 0ms (cache hit)
2038 http cache picomatch@https://registry.npmjs.org/picomatch/-/picomatch-2.3.1.tgz 0ms (cache hit)
2039 http cache minimatch@https://registry.npmjs.org/minimatch/-/minimatch-3.1.2.tgz 0ms (cache hit)
2040 http cache async-listen@https://registry.npmjs.org/async-listen/-/async-listen-3.0.1.tgz 0ms (cache hit)
2041 http cache balanced-match@https://registry.npmjs.org/balanced-match/-/balanced-match-4.0.3.tgz 0ms (cache hit)
2042 http cache brace-expansion@https://registry.npmjs.org/brace-expansion/-/brace-expansion-5.0.2.tgz 0ms (cache hit)
2043 http cache minimatch@https://registry.npmjs.org/minimatch/-/minimatch-10.2.2.tgz 0ms (cache hit)
2044 http cache once@https://registry.npmjs.org/once/-/once-1.3.3.tgz 0ms (cache hit)
2045 http cache end-of-stream@https://registry.npmjs.org/end-of-stream/-/end-of-stream-1.1.0.tgz 0ms (cache hit)
2046 http cache lru-cache@https://registry.npmjs.org/lru-cache/-/lru-cache-6.0.0.tgz 0ms (cache hit)
2047 http cache yallist@https://registry.npmjs.org/yallist/-/yallist-4.0.0.tgz 0ms (cache hit)
2048 http cache ms@https://registry.npmjs.org/ms/-/ms-2.1.2.tgz 0ms (cache hit)
2049 http cache fs-extra@https://registry.npmjs.org/fs-extra/-/fs-extra-11.1.1.tgz 0ms (cache hit)
2050 http cache signal-exit@https://registry.npmjs.org/signal-exit/-/signal-exit-3.0.7.tgz 0ms (cache hit)
2051 http cache lru-cache@https://registry.npmjs.org/lru-cache/-/lru-cache-7.18.3.tgz 0ms (cache hit)
2052 http cache signal-exit@https://registry.npmjs.org/signal-exit/-/signal-exit-3.0.7.tgz 0ms (cache hit)
2053 http cache human-signals@https://registry.npmjs.org/human-signals/-/human-signals-2.1.0.tgz 0ms (cache hit)
2054 http cache get-stream@https://registry.npmjs.org/get-stream/-/get-stream-6.0.1.tgz 0ms (cache hit)
2055 http cache execa@https://registry.npmjs.org/execa/-/execa-5.1.1.tgz 0ms (cache hit)
2056 http cache path-to-regexp@https://registry.npmjs.org/path-to-regexp/-/path-to-regexp-6.1.0.tgz 0ms (cache hit)
2057 http cache @vercel/nft@https://registry.npmjs.org/@vercel/nft/-/nft-1.1.1.tgz 0ms (cache hit)
2058 http cache semver@https://registry.npmjs.org/semver/-/semver-6.3.1.tgz 0ms (cache hit)
2059 http cache @vercel/nft@https://registry.npmjs.org/@vercel/nft/-/nft-1.1.1.tgz 0ms (cache hit)
2060 http cache undici@https://registry.npmjs.org/undici/-/undici-5.28.4.tgz 0ms (cache hit)
2061 http cache path-to-regexp@https://registry.npmjs.org/path-to-regexp/-/path-to-regexp-6.1.0.tgz 0ms (cache hit)
2062 http cache node-fetch@https://registry.npmjs.org/node-fetch/-/node-fetch-2.6.9.tgz 0ms (cache hit)
2063 http cache async-listen@https://registry.npmjs.org/async-listen/-/async-listen-3.0.0.tgz 0ms (cache hit)
2064 http cache @vercel/nft@https://registry.npmjs.org/@vercel/nft/-/nft-1.1.1.tgz 0ms (cache hit)
2065 http cache @vercel/nft@https://registry.npmjs.org/@vercel/nft/-/nft-1.1.1.tgz 0ms (cache hit)
2066 http cache @vercel/nft@https://registry.npmjs.org/@vercel/nft/-/nft-1.1.1.tgz 0ms (cache hit)
2067 http cache path-to-regexp@https://registry.npmjs.org/path-to-regexp/-/path-to-regexp-8.2.0.tgz 0ms (cache hit)
2068 http cache @vercel/nft@https://registry.npmjs.org/@vercel/nft/-/nft-1.1.1.tgz 0ms (cache hit)
2069 silly tarball no local data for path-scurry@https://registry.npmjs.org/path-scurry/-/path-scurry-2.0.2.tgz. Extracting by manifest.
2070 silly tarball no local data for @vercel/gatsby-plugin-vercel-builder@https://registry.npmjs.org/@vercel/gatsby-plugin-vercel-builder/-/gatsby-plugin-vercel-builder-2.0.138.tgz. Extracting by manifest.
2071 silly tarball no local data for glob@https://registry.npmjs.org/glob/-/glob-13.0.6.tgz. Extracting by manifest.
2072 silly tarball no local data for @vercel/cervel@https://registry.npmjs.org/@vercel/cervel/-/cervel-0.0.23.tgz. Extracting by manifest.
2073 silly tarball no local data for @vercel/python-analysis@https://registry.npmjs.org/@vercel/python-analysis/-/python-analysis-0.6.0.tgz. Extracting by manifest.
2074 silly tarball no local data for undici@https://registry.npmjs.org/undici/-/undici-6.23.0.tgz. Extracting by manifest.
2075 silly tarball no local data for @vercel/static-build@https://registry.npmjs.org/@vercel/static-build/-/static-build-2.8.40.tgz. Extracting by manifest.
2076 silly tarball no local data for @vercel/python@https://registry.npmjs.org/@vercel/python/-/python-6.15.1.tgz. Extracting by manifest.
2077 silly tarball no local data for @vercel/node@https://registry.npmjs.org/@vercel/node/-/node-5.6.6.tgz. Extracting by manifest.
2078 silly tarball no local data for @vercel/next@https://registry.npmjs.org/@vercel/next/-/next-4.15.31.tgz. Extracting by manifest.
2079 silly tarball no local data for @vercel/nestjs@https://registry.npmjs.org/@vercel/nestjs/-/nestjs-0.2.43.tgz. Extracting by manifest.
2080 silly tarball no local data for @vercel/koa@https://registry.npmjs.org/@vercel/koa/-/koa-0.1.22.tgz. Extracting by manifest.
2081 silly tarball no local data for @vercel/hono@https://registry.npmjs.org/@vercel/hono/-/hono-0.2.42.tgz. Extracting by manifest.
2082 silly tarball no local data for @vercel/h3@https://registry.npmjs.org/@vercel/h3/-/h3-0.1.48.tgz. Extracting by manifest.
2083 silly tarball no local data for @vercel/fastify@https://registry.npmjs.org/@vercel/fastify/-/fastify-0.1.42.tgz. Extracting by manifest.
2084 silly tarball no local data for @vercel/express@https://registry.npmjs.org/@vercel/express/-/express-0.1.48.tgz. Extracting by manifest.
2085 silly tarball no local data for @vercel/elysia@https://registry.npmjs.org/@vercel/elysia/-/elysia-0.1.39.tgz. Extracting by manifest.
2086 silly tarball no local data for @vercel/build-utils@https://registry.npmjs.org/@vercel/build-utils/-/build-utils-13.4.3.tgz. Extracting by manifest.
2087 silly tarball no local data for @vercel/blob@https://registry.npmjs.org/@vercel/blob/-/blob-2.3.0.tgz. Extracting by manifest.
2088 silly tarball no local data for @vercel/backends@https://registry.npmjs.org/@vercel/backends/-/backends-0.0.36.tgz. Extracting by manifest.
2089 silly tarball no local data for vercel@https://registry.npmjs.org/vercel/-/vercel-50.22.1.tgz. Extracting by manifest.
2090 silly tarball no local data for minimatch@https://registry.npmjs.org/minimatch/-/minimatch-10.2.2.tgz. Extracting by manifest.
2091 http fetch POST 200 https://registry.npmjs.org/-/npm/v1/security/advisories/bulk 1813ms
2092 silly audit report {
2092 silly audit report   'path-to-regexp': [
2092 silly audit report     {
2092 silly audit report       id: 1101846,
2092 silly audit report       url: 'https://github.com/advisories/GHSA-9wv6-86v2-598j',
2092 silly audit report       title: 'path-to-regexp outputs backtracking regular expressions',
2092 silly audit report       severity: 'high',
2092 silly audit report       vulnerable_versions: '>=4.0.0 <6.3.0',
2092 silly audit report       cwe: [Array],
2092 silly audit report       cvss: [Object]
2092 silly audit report     }
2092 silly audit report   ],
2092 silly audit report   undici: [
2092 silly audit report     {
2092 silly audit report       id: 1101610,
2092 silly audit report       url: 'https://github.com/advisories/GHSA-c76h-2ccp-4975',
2092 silly audit report       title: 'Use of Insufficiently Random Values in undici',
2092 silly audit report       severity: 'moderate',
2092 silly audit report       vulnerable_versions: '>=4.5.0 <5.28.5',
2092 silly audit report       cwe: [Array],
2092 silly audit report       cvss: [Object]
2092 silly audit report     },
2092 silly audit report     {
2092 silly audit report       id: 1112496,
2092 silly audit report       url: 'https://github.com/advisories/GHSA-g9mf-h72j-4rw9',
2092 silly audit report       title: 'Undici has an unbounded decompression chain in HTTP responses on Node.js Fetch API via Content-Encoding leads to resource exhaustion',
2092 silly audit report       severity: 'moderate',
2092 silly audit report       vulnerable_versions: '<6.23.0',
2092 silly audit report       cwe: [Array],
2092 silly audit report       cvss: [Object]
2092 silly audit report     },
2092 silly audit report     {
2092 silly audit report       id: 1113069,
2092 silly audit report       url: 'https://github.com/advisories/GHSA-cxrh-j4jr-qwg3',
2092 silly audit report       title: 'undici Denial of Service attack via bad certificate data',
2092 silly audit report       severity: 'low',
2092 silly audit report       vulnerable_versions: '<5.29.0',
2092 silly audit report       cwe: [Array],
2092 silly audit report       cvss: [Object]
2092 silly audit report     }
2092 silly audit report   ],
2092 silly audit report   tar: [
2092 silly audit report     {
2092 silly audit report       id: 1113375,
2092 silly audit report       url: 'https://github.com/advisories/GHSA-83g3-92jg-28cx',
2092 silly audit report       title: 'Arbitrary File Read/Write via Hardlink Target Escape Through Symlink Chain in node-tar Extraction',
2092 silly audit report       severity: 'high',
2092 silly audit report       vulnerable_versions: '<7.5.8',
2092 silly audit report       cwe: [Array],
2092 silly audit report       cvss: [Object]
2092 silly audit report     }
2092 silly audit report   ],
2092 silly audit report   minimatch: [
2092 silly audit report     {
2092 silly audit report       id: 1113371,
2092 silly audit report       url: 'https://github.com/advisories/GHSA-3ppc-4f35-3m26',
2092 silly audit report       title: 'minimatch has a ReDoS via repeated wildcards with non-matching literal in pattern',
2092 silly audit report       severity: 'high',
2092 silly audit report       vulnerable_versions: '<10.2.1',
2092 silly audit report       cwe: [Array],
2092 silly audit report       cvss: [Object]
2092 silly audit report     }
2092 silly audit report   ],
2092 silly audit report   ajv: [
2092 silly audit report     {
2092 silly audit report       id: 1113399,
2092 silly audit report       url: 'https://github.com/advisories/GHSA-2g4f-4pwh-qvx6',
2092 silly audit report       title: 'ajv has ReDoS when using `$data` option',
2092 silly audit report       severity: 'moderate',
2092 silly audit report       vulnerable_versions: '>=7.0.0-alpha.0 <8.18.0',
2092 silly audit report       cwe: [Array],
2092 silly audit report       cvss: [Object]
2092 silly audit report     }
2092 silly audit report   ]
2092 silly audit report }
2093 silly packumentCache corgi:https://registry.npmjs.org/path-to-regexp cache-miss
2094 silly packumentCache corgi:https://registry.npmjs.org/undici cache-miss
2095 silly packumentCache corgi:https://registry.npmjs.org/tar cache-miss
2096 silly packumentCache corgi:https://registry.npmjs.org/minimatch cache-miss
2097 silly packumentCache corgi:https://registry.npmjs.org/ajv cache-miss
2098 http fetch GET 200 https://registry.npmjs.org/@vercel/cervel/-/cervel-0.0.23.tgz 2282ms (cache miss)
2099 http fetch GET 200 https://registry.npmjs.org/@vercel/gatsby-plugin-vercel-builder/-/gatsby-plugin-vercel-builder-2.0.138.tgz 2417ms (cache miss)
2100 http fetch GET 200 https://registry.npmjs.org/@vercel/elysia/-/elysia-0.1.39.tgz 2438ms (cache miss)
2101 http fetch GET 200 https://registry.npmjs.org/minimatch 932ms (cache revalidated)
2102 silly packumentCache corgi:https://registry.npmjs.org/minimatch set size:149210 disposed:false
2103 http fetch GET 200 https://registry.npmjs.org/undici 942ms (cache revalidated)
2104 silly packumentCache corgi:https://registry.npmjs.org/undici set size:409147 disposed:false
2105 http fetch GET 200 https://registry.npmjs.org/path-to-regexp 977ms (cache revalidated)
2106 silly packumentCache corgi:https://registry.npmjs.org/path-to-regexp set size:63416 disposed:false
2107 http fetch GET 200 https://registry.npmjs.org/tar 985ms (cache revalidated)
2108 silly packumentCache corgi:https://registry.npmjs.org/tar set size:195519 disposed:false
2109 http fetch GET 200 https://registry.npmjs.org/@vercel/fastify/-/fastify-0.1.42.tgz 2719ms (cache miss)
2110 http fetch GET 200 https://registry.npmjs.org/@vercel/express/-/express-0.1.48.tgz 2722ms (cache miss)
2111 http fetch GET 200 https://registry.npmjs.org/@vercel/koa/-/koa-0.1.22.tgz 2777ms (cache miss)
2112 http fetch GET 200 https://registry.npmjs.org/@vercel/nestjs/-/nestjs-0.2.43.tgz 2797ms (cache miss)
2113 http fetch GET 200 https://registry.npmjs.org/@vercel/h3/-/h3-0.1.48.tgz 2994ms (cache miss)
2114 http fetch GET 200 https://registry.npmjs.org/@vercel/hono/-/hono-0.2.42.tgz 3247ms (cache miss)
2115 http fetch GET 200 https://registry.npmjs.org/path-scurry/-/path-scurry-2.0.2.tgz 3307ms (cache miss)
2116 http fetch GET 200 https://registry.npmjs.org/ajv 1622ms (cache updated)
2117 silly packumentCache corgi:https://registry.npmjs.org/ajv set size:undefined disposed:false
2118 silly packumentCache corgi:https://registry.npmjs.org/@vercel%2fnode cache-miss
2119 silly packumentCache corgi:https://registry.npmjs.org/@vercel%2fremix-builder cache-miss
2120 http fetch GET 200 https://registry.npmjs.org/@vercel/python/-/python-6.15.1.tgz 3681ms (cache miss)
2121 http fetch GET 200 https://registry.npmjs.org/@vercel/blob/-/blob-2.3.0.tgz 3980ms (cache miss)
2122 http fetch GET 200 https://registry.npmjs.org/@vercel/next/-/next-4.15.31.tgz 4109ms (cache miss)
2123 http fetch GET 200 https://registry.npmjs.org/@vercel/static-build/-/static-build-2.8.40.tgz 4137ms (cache miss)
2124 http fetch GET 200 https://registry.npmjs.org/@vercel/backends/-/backends-0.0.36.tgz 4141ms (cache miss)
2125 http fetch GET 200 https://registry.npmjs.org/@vercel/node/-/node-5.6.6.tgz 4447ms (cache miss)
2126 http fetch GET 200 https://registry.npmjs.org/minimatch/-/minimatch-10.2.2.tgz 4502ms (cache miss)
2127 http fetch GET 200 https://registry.npmjs.org/@vercel%2fremix-builder 1061ms (cache revalidated)
2128 silly packumentCache corgi:https://registry.npmjs.org/@vercel%2fremix-builder set size:131139 disposed:false
2129 http fetch GET 200 https://registry.npmjs.org/@vercel%2fnode 1109ms (cache revalidated)
2130 silly packumentCache corgi:https://registry.npmjs.org/@vercel%2fnode set size:774554 disposed:false
2131 silly packumentCache corgi:https://registry.npmjs.org/@vercel%2ffun cache-miss
2132 silly packumentCache corgi:https://registry.npmjs.org/@mapbox%2fnode-pre-gyp cache-miss
2133 http fetch GET 200 https://registry.npmjs.org/@vercel/python-analysis/-/python-analysis-0.6.0.tgz 4780ms (cache miss)
2134 http fetch GET 200 https://registry.npmjs.org/@vercel/build-utils/-/build-utils-13.4.3.tgz 4821ms (cache miss)
2135 http fetch GET 200 https://registry.npmjs.org/glob/-/glob-13.0.6.tgz 4867ms (cache miss)
2136 http fetch GET 200 https://registry.npmjs.org/@mapbox%2fnode-pre-gyp 167ms (cache revalidated)
2137 silly packumentCache corgi:https://registry.npmjs.org/@mapbox%2fnode-pre-gyp set size:47144 disposed:false
2138 http fetch GET 200 https://registry.npmjs.org/@vercel%2ffun 472ms (cache revalidated)
2139 silly packumentCache corgi:https://registry.npmjs.org/@vercel%2ffun set size:22226 disposed:false
2140 silly packumentCache corgi:https://registry.npmjs.org/@vercel%2fpython-analysis cache-miss
2141 silly packumentCache corgi:https://registry.npmjs.org/@ts-morph%2fcommon cache-miss
2142 http fetch GET 200 https://registry.npmjs.org/vercel/-/vercel-50.22.1.tgz 5280ms (cache miss)
2143 http fetch GET 200 https://registry.npmjs.org/undici/-/undici-6.23.0.tgz 5310ms (cache miss)
2144 warn deprecated tar@7.5.7: Old versions of tar are not supported, and contain widely publicized security vulnerabilities, which have been fixed in the current version. Please update. Support for old versions may be purchased (at exorbitant rates) by contacting i@izs.me
2145 http fetch GET 200 https://registry.npmjs.org/@ts-morph%2fcommon 682ms (cache revalidated)
2146 silly packumentCache corgi:https://registry.npmjs.org/@ts-morph%2fcommon set size:82125 disposed:false
2147 info run fsevents@2.3.3 install node_modules/fsevents node-gyp rebuild
2148 http fetch GET 200 https://registry.npmjs.org/@vercel%2fpython-analysis 1086ms (cache revalidated)
2149 silly packumentCache corgi:https://registry.npmjs.org/@vercel%2fpython-analysis set size:11110 disposed:false
2150 silly packumentCache corgi:https://registry.npmjs.org/@vercel%2fstatic-config cache-miss
2151 http fetch GET 200 https://registry.npmjs.org/@vercel%2fstatic-config 719ms (cache revalidated)
2152 silly packumentCache corgi:https://registry.npmjs.org/@vercel%2fstatic-config set size:44731 disposed:false
2153 silly packumentCache corgi:https://registry.npmjs.org/vercel cache-miss
2154 http cache https://registry.npmjs.org/vercel 55ms (cache hit)
2155 silly packumentCache corgi:https://registry.npmjs.org/vercel set size:3889923 disposed:false
2156 silly packumentCache corgi:https://registry.npmjs.org/@vercel%2felysia cache-miss
2157 silly packumentCache corgi:https://registry.npmjs.org/@vercel%2fexpress cache-miss
2158 silly packumentCache corgi:https://registry.npmjs.org/@vercel%2ffastify cache-miss
2159 silly packumentCache corgi:https://registry.npmjs.org/@vercel%2fh3 cache-miss
2160 silly packumentCache corgi:https://registry.npmjs.org/@vercel%2fhono cache-miss
2161 silly packumentCache corgi:https://registry.npmjs.org/@vercel%2fkoa cache-miss
2162 silly packumentCache corgi:https://registry.npmjs.org/@vercel%2fnestjs cache-miss
2163 info run fsevents@2.3.3 install { code: 1, signal: null }
2164 verbose reify failed optional dependency /Users/rosario/Desktop/LMS app/admin-dashboard/.npm_cache/_npx/69f9afb961c37556/node_modules/fsevents
2165 silly reify mark deleted [
2165 silly reify   '/Users/rosario/Desktop/LMS app/admin-dashboard/.npm_cache/_npx/69f9afb961c37556/node_modules/fsevents'
2165 silly reify ]
2166 info run esbuild@0.27.0 postinstall node_modules/esbuild node install.js
2167 http fetch GET 200 https://registry.npmjs.org/@vercel%2fexpress 491ms (cache revalidated)
2168 silly packumentCache corgi:https://registry.npmjs.org/@vercel%2fexpress set size:76955 disposed:false
2169 http fetch GET 200 https://registry.npmjs.org/@vercel%2fh3 709ms (cache revalidated)
2170 silly packumentCache corgi:https://registry.npmjs.org/@vercel%2fh3 set size:46610 disposed:false
2171 http fetch GET 200 https://registry.npmjs.org/@vercel%2fkoa 885ms (cache revalidated)
2172 silly packumentCache corgi:https://registry.npmjs.org/@vercel%2fkoa set size:21686 disposed:false
2173 http fetch GET 200 https://registry.npmjs.org/@vercel%2fhono 914ms (cache revalidated)
2174 silly packumentCache corgi:https://registry.npmjs.org/@vercel%2fhono set size:74636 disposed:false
2175 http fetch GET 200 https://registry.npmjs.org/@vercel%2ffastify 953ms (cache revalidated)
2176 silly packumentCache corgi:https://registry.npmjs.org/@vercel%2ffastify set size:41934 disposed:false
2177 http fetch GET 200 https://registry.npmjs.org/@vercel%2fnestjs 1068ms (cache revalidated)
2178 silly packumentCache corgi:https://registry.npmjs.org/@vercel%2fnestjs set size:46454 disposed:false
2179 info run esbuild@0.27.0 postinstall { code: 0, signal: null }
2180 http fetch GET 200 https://registry.npmjs.org/@vercel%2felysia 1839ms (cache revalidated)
2181 silly packumentCache corgi:https://registry.npmjs.org/@vercel%2felysia set size:37993 disposed:false
2182 silly packumentCache corgi:https://registry.npmjs.org/ts-morph cache-miss
2183 http fetch GET 200 https://registry.npmjs.org/ts-morph 89ms (cache revalidated)
2184 silly packumentCache corgi:https://registry.npmjs.org/ts-morph set size:180454 disposed:false
2185 silly packumentCache corgi:https://registry.npmjs.org/@vercel%2fbuild-utils cache-miss
2186 silly packumentCache corgi:https://registry.npmjs.org/@vercel%2fpython cache-miss
2187 http fetch GET 200 https://registry.npmjs.org/@vercel%2fbuild-utils 873ms (cache revalidated)
2188 silly packumentCache corgi:https://registry.npmjs.org/@vercel%2fbuild-utils set size:773571 disposed:false
2189 http fetch GET 200 https://registry.npmjs.org/@vercel%2fpython 905ms (cache updated)
2190 silly packumentCache corgi:https://registry.npmjs.org/@vercel%2fpython set size:undefined disposed:false
2191 silly packumentCache corgi:https://registry.npmjs.org/@vercel%2fhydrogen cache-miss
2192 silly packumentCache corgi:https://registry.npmjs.org/@vercel%2fredwood cache-miss
2193 silly packumentCache corgi:https://registry.npmjs.org/@vercel%2fstatic-build cache-miss
2194 http fetch GET 200 https://registry.npmjs.org/@vercel%2fredwood 1009ms (cache revalidated)
2195 silly packumentCache corgi:https://registry.npmjs.org/@vercel%2fredwood set size:260447 disposed:false
2196 http fetch GET 200 https://registry.npmjs.org/@vercel%2fhydrogen 1072ms (cache revalidated)
2197 silly packumentCache corgi:https://registry.npmjs.org/@vercel%2fhydrogen set size:121917 disposed:false
2198 http fetch GET 200 https://registry.npmjs.org/@vercel%2fstatic-build 1098ms (cache revalidated)
2199 silly packumentCache corgi:https://registry.npmjs.org/@vercel%2fstatic-build set size:581185 disposed:false
2200 silly packumentCache corgi:https://registry.npmjs.org/@vercel%2fbackends cache-miss
2201 silly packumentCache corgi:https://registry.npmjs.org/@vercel%2fgatsby-plugin-vercel-builder cache-miss
2202 http fetch GET 200 https://registry.npmjs.org/@vercel%2fbackends 446ms (cache revalidated)
2203 silly packumentCache corgi:https://registry.npmjs.org/@vercel%2fbackends set size:40446 disposed:false
2204 http fetch GET 200 https://registry.npmjs.org/@vercel%2fgatsby-plugin-vercel-builder 1206ms (cache revalidated)
2205 silly packumentCache corgi:https://registry.npmjs.org/@vercel%2fgatsby-plugin-vercel-builder set size:235055 disposed:false
2206 silly packumentCache corgi:https://registry.npmjs.org/@vercel%2fcervel cache-miss
2207 http fetch GET 200 https://registry.npmjs.org/@vercel%2fcervel 542ms (cache revalidated)
2208 silly packumentCache corgi:https://registry.npmjs.org/@vercel%2fcervel set size:21774 disposed:false
2209 verbose cwd /Users/rosario/Desktop/LMS app
2210 verbose os Darwin 25.0.0
2211 verbose node v24.13.0
2212 verbose npm  v11.6.2
2213 verbose exit 1
2214 verbose code 1
