0 verbose cli /usr/local/bin/node /usr/local/bin/npm
1 info using npm@11.6.2
2 info using node@v24.13.0
3 silly config load:file:/usr/local/lib/node_modules/npm/npmrc
4 silly config load:file:/Users/rosario/Desktop/q&A/jee-video-gen/remotion/.npmrc
5 silly config load:file:/Users/rosario/.npmrc
6 silly config load:file:/usr/local/etc/npmrc
7 verbose title npm install
8 verbose argv "install"
9 verbose logfile logs-max:10 dir:/Users/rosario/Desktop/LMS app/admin-dashboard/.npm_cache/_logs/2026-03-09T17_58_07_499Z-
10 verbose logfile /Users/rosario/Desktop/LMS app/admin-dashboard/.npm_cache/_logs/2026-03-09T17_58_07_499Z-debug-0.log
11 silly logfile start cleaning logs, removing 1 files
12 silly packumentCache heap:2348810240 maxSize:587202560 maxEntrySize:293601280
13 silly logfile done cleaning log files
14 silly idealTree buildDeps
15 silly fetch manifest react@^18.3.1
16 silly packumentCache full:https://registry.npmjs.org/react cache-miss
17 http cache https://registry.npmjs.org/react 21ms (cache hit)
18 silly packumentCache full:https://registry.npmjs.org/react set size:6535664 disposed:false
19 silly fetch manifest react-dom@^18.3.1
20 silly packumentCache full:https://registry.npmjs.org/react-dom cache-miss
21 http fetch GET 200 https://registry.npmjs.org/react-dom 380ms (cache revalidated)
22 silly packumentCache full:https://registry.npmjs.org/react-dom set size:8671691 disposed:false
23 silly fetch manifest remotion@4.0.290
24 silly packumentCache full:https://registry.npmjs.org/remotion cache-miss
25 http fetch GET 200 https://registry.npmjs.org/remotion 523ms (cache revalidated)
26 silly packumentCache full:https://registry.npmjs.org/remotion set size:3486592 disposed:false
27 silly fetch manifest @remotion/player@4.0.290
28 silly packumentCache full:https://registry.npmjs.org/@remotion%2fplayer cache-miss
29 http fetch GET 200 https://registry.npmjs.org/@remotion%2fplayer 1929ms (cache revalidated)
30 silly packumentCache full:https://registry.npmjs.org/@remotion%2fplayer set size:2835552 disposed:false
31 silly fetch manifest react-katex@^3.0.1
32 silly packumentCache full:https://registry.npmjs.org/react-katex cache-miss
33 http cache https://registry.npmjs.org/react-katex 2ms (cache hit)
34 silly packumentCache full:https://registry.npmjs.org/react-katex set size:33779 disposed:false
35 silly fetch manifest prop-types@^15.8.1
36 silly packumentCache full:https://registry.npmjs.org/prop-types cache-miss
37 http cache https://registry.npmjs.org/prop-types 3ms (cache hit)
38 silly packumentCache full:https://registry.npmjs.org/prop-types set size:76747 disposed:false
39 silly fetch manifest katex@^0.16.11
40 silly packumentCache full:https://registry.npmjs.org/katex cache-miss
41 http cache https://registry.npmjs.org/katex 3ms (cache hit)
42 silly packumentCache full:https://registry.npmjs.org/katex set size:571331 disposed:false
43 silly fetch manifest @remotion/cli@4.0.290
44 silly packumentCache full:https://registry.npmjs.org/@remotion%2fcli cache-miss
45 http fetch GET 200 https://registry.npmjs.org/@remotion%2fcli 1499ms (cache revalidated)
46 silly packumentCache full:https://registry.npmjs.org/@remotion%2fcli set size:3728291 disposed:false
47 silly fetch manifest @vitejs/plugin-react@^4.3.1
48 silly packumentCache full:https://registry.npmjs.org/@vitejs%2fplugin-react cache-miss
49 http fetch GET 200 https://registry.npmjs.org/@vitejs%2fplugin-react 109ms (cache revalidated)
50 silly packumentCache full:https://registry.npmjs.org/@vitejs%2fplugin-react set size:249019 disposed:false
51 silly fetch manifest vite@^4.2.0 || ^5.0.0 || ^6.0.0 || ^7.0.0
52 silly packumentCache full:https://registry.npmjs.org/vite cache-miss
53 http fetch GET 200 https://registry.npmjs.org/vite 172ms (cache revalidated)
54 silly packumentCache full:https://registry.npmjs.org/vite set size:38745112 disposed:false
55 silly fetch manifest @types/node@^20.19.0 || >=22.12.0
56 silly packumentCache full:https://registry.npmjs.org/@types%2fnode cache-miss
57 http fetch GET 200 https://registry.npmjs.org/@types%2fnode 140ms (cache revalidated)
58 silly packumentCache full:https://registry.npmjs.org/@types%2fnode set size:10932649 disposed:false
59 silly fetch manifest jiti@>=1.21.0
60 silly packumentCache full:https://registry.npmjs.org/jiti cache-miss
61 http fetch GET 200 https://registry.npmjs.org/jiti 90ms (cache revalidated)
62 silly packumentCache full:https://registry.npmjs.org/jiti set size:382310 disposed:false
63 silly fetch manifest less@^4.0.0
64 silly packumentCache full:https://registry.npmjs.org/less cache-miss
65 http fetch GET 200 https://registry.npmjs.org/less 83ms (cache revalidated)
66 silly packumentCache full:https://registry.npmjs.org/less set size:430648 disposed:false
67 silly fetch manifest lightningcss@^1.21.0
68 silly packumentCache full:https://registry.npmjs.org/lightningcss cache-miss
69 http fetch GET 200 https://registry.npmjs.org/lightningcss 80ms (cache revalidated)
70 silly packumentCache full:https://registry.npmjs.org/lightningcss set size:186753 disposed:false
71 silly fetch manifest sass@^1.70.0
72 silly packumentCache full:https://registry.npmjs.org/sass cache-miss
73 http fetch GET 200 https://registry.npmjs.org/sass 84ms (cache revalidated)
74 silly packumentCache full:https://registry.npmjs.org/sass set size:722061 disposed:false
75 silly fetch manifest sass-embedded@^1.70.0
76 silly packumentCache full:https://registry.npmjs.org/sass-embedded cache-miss
77 http fetch GET 200 https://registry.npmjs.org/sass-embedded 89ms (cache revalidated)
78 silly packumentCache full:https://registry.npmjs.org/sass-embedded set size:407397 disposed:false
79 silly fetch manifest stylus@>=0.54.8
80 silly packumentCache full:https://registry.npmjs.org/stylus cache-miss
81 http fetch GET 200 https://registry.npmjs.org/stylus 87ms (cache revalidated)
82 silly packumentCache full:https://registry.npmjs.org/stylus set size:286766 disposed:false
83 silly fetch manifest sugarss@^5.0.0
84 silly packumentCache full:https://registry.npmjs.org/sugarss cache-miss
85 http fetch GET 200 https://registry.npmjs.org/sugarss 91ms (cache revalidated)
86 silly packumentCache full:https://registry.npmjs.org/sugarss set size:44975 disposed:false
87 silly fetch manifest postcss@^8.3.3
88 silly packumentCache full:https://registry.npmjs.org/postcss cache-miss
89 http fetch GET 200 https://registry.npmjs.org/postcss 410ms (cache revalidated)
90 silly packumentCache full:https://registry.npmjs.org/postcss set size:702266 disposed:false
91 silly fetch manifest terser@^5.16.0
92 silly packumentCache full:https://registry.npmjs.org/terser cache-miss
93 http fetch GET 200 https://registry.npmjs.org/terser 92ms (cache revalidated)
94 silly packumentCache full:https://registry.npmjs.org/terser set size:786629 disposed:false
95 silly fetch manifest tsx@^4.8.1
96 silly packumentCache full:https://registry.npmjs.org/tsx cache-miss
97 http fetch GET 200 https://registry.npmjs.org/tsx 77ms (cache revalidated)
98 silly packumentCache full:https://registry.npmjs.org/tsx set size:289592 disposed:false
99 silly fetch manifest yaml@^2.4.2
100 silly packumentCache full:https://registry.npmjs.org/yaml cache-miss
101 http fetch GET 200 https://registry.npmjs.org/yaml 82ms (cache revalidated)
102 silly packumentCache full:https://registry.npmjs.org/yaml set size:361552 disposed:false
103 silly placeDep ROOT @remotion/cli@4.0.290 OK for: jee-video-gen-remotion@1.0.0 want: 4.0.290
104 silly placeDep ROOT react@18.3.1 OK for: @remotion/cli@4.0.290 want: >=16.8.0
105 silly placeDep ROOT react-dom@18.3.1 OK for: @remotion/cli@4.0.290 want: >=16.8.0
106 silly placeDep ROOT @remotion/player@4.0.290 OK for: jee-video-gen-remotion@1.0.0 want: 4.0.290
107 silly placeDep ROOT @vitejs/plugin-react@4.7.0 OK for: jee-video-gen-remotion@1.0.0 want: ^4.3.1
108 silly placeDep ROOT vite@7.3.1 OK for: @vitejs/plugin-react@4.7.0 want: ^4.2.0 || ^5.0.0 || ^6.0.0 || ^7.0.0
109 silly placeDep ROOT katex@0.16.38 OK for: jee-video-gen-remotion@1.0.0 want: ^0.16.11
110 silly placeDep ROOT react-katex@3.1.0 OK for: jee-video-gen-remotion@1.0.0 want: ^3.0.1
111 silly placeDep ROOT prop-types@15.8.1 OK for: react-katex@3.1.0 want: ^15.8.1
112 silly placeDep ROOT remotion@4.0.290 OK for: jee-video-gen-remotion@1.0.0 want: 4.0.290
113 silly fetch manifest dotenv@9.0.2
114 silly packumentCache full:https://registry.npmjs.org/dotenv cache-miss
115 silly fetch manifest prompts@2.4.2
116 silly packumentCache full:https://registry.npmjs.org/prompts cache-miss
117 silly fetch manifest minimist@1.2.6
118 silly packumentCache full:https://registry.npmjs.org/minimist cache-miss
119 silly fetch manifest @remotion/studio@4.0.290
120 silly packumentCache full:https://registry.npmjs.org/@remotion%2fstudio cache-miss
121 silly fetch manifest @remotion/bundler@4.0.290
122 silly packumentCache full:https://registry.npmjs.org/@remotion%2fbundler cache-miss
123 silly fetch manifest @remotion/renderer@4.0.290
124 silly packumentCache full:https://registry.npmjs.org/@remotion%2frenderer cache-miss
125 silly fetch manifest @remotion/media-utils@4.0.290
126 silly packumentCache full:https://registry.npmjs.org/@remotion%2fmedia-utils cache-miss
127 http fetch GET 200 https://registry.npmjs.org/dotenv 88ms (cache revalidated)
128 silly packumentCache full:https://registry.npmjs.org/dotenv set size:270065 disposed:false
129 silly fetch manifest @remotion/studio-server@4.0.290
130 silly packumentCache full:https://registry.npmjs.org/@remotion%2fstudio-server cache-miss
131 http fetch GET 200 https://registry.npmjs.org/prompts 339ms (cache revalidated)
132 silly packumentCache full:https://registry.npmjs.org/prompts set size:115896 disposed:false
133 silly fetch manifest @remotion/studio-shared@4.0.290
134 silly packumentCache full:https://registry.npmjs.org/@remotion%2fstudio-shared cache-miss
135 http fetch GET 200 https://registry.npmjs.org/minimist 386ms (cache revalidated)
136 silly packumentCache full:https://registry.npmjs.org/minimist set size:77063 disposed:false
137 silly fetch manifest scheduler@^0.23.2
138 silly packumentCache full:https://registry.npmjs.org/scheduler cache-miss
139 http fetch GET 200 https://registry.npmjs.org/scheduler 102ms (cache revalidated)
140 silly packumentCache full:https://registry.npmjs.org/scheduler set size:5424473 disposed:false
141 silly fetch manifest loose-envify@^1.1.0
142 silly packumentCache full:https://registry.npmjs.org/loose-envify cache-miss
143 http fetch GET 200 https://registry.npmjs.org/@remotion%2fstudio 544ms (cache revalidated)
144 silly packumentCache full:https://registry.npmjs.org/@remotion%2fstudio set size:942401 disposed:false
145 silly fetch manifest loose-envify@^1.1.0
146 silly packumentCache full:https://registry.npmjs.org/loose-envify cache-miss
147 http cache https://registry.npmjs.org/loose-envify 27ms (cache hit)
148 silly packumentCache full:https://registry.npmjs.org/loose-envify set size:12559 disposed:false
149 silly fetch manifest @babel/core@^7.28.0
150 silly packumentCache full:https://registry.npmjs.org/@babel%2fcore cache-miss
151 http cache https://registry.npmjs.org/loose-envify 3ms (cache hit)
152 silly packumentCache full:https://registry.npmjs.org/loose-envify set size:12559 disposed:false
153 silly packumentCache full:https://registry.npmjs.org/loose-envify dispose
154 silly fetch manifest react-refresh@^0.17.0
155 silly packumentCache full:https://registry.npmjs.org/react-refresh cache-miss
156 http fetch GET 200 https://registry.npmjs.org/react-refresh 98ms (cache revalidated)
157 silly packumentCache full:https://registry.npmjs.org/react-refresh set size:6233868 disposed:false
158 silly fetch manifest @types/babel__core@^7.20.5
159 silly packumentCache full:https://registry.npmjs.org/@types%2fbabel__core cache-miss
160 http fetch GET 200 https://registry.npmjs.org/@babel%2fcore 199ms (cache revalidated)
161 silly packumentCache full:https://registry.npmjs.org/@babel%2fcore set size:756140 disposed:false
162 silly fetch manifest @rolldown/pluginutils@1.0.0-beta.27
163 silly packumentCache full:https://registry.npmjs.org/@rolldown%2fpluginutils cache-miss
164 http fetch GET 200 https://registry.npmjs.org/@types%2fbabel__core 100ms (cache revalidated)
165 silly packumentCache full:https://registry.npmjs.org/@types%2fbabel__core set size:88676 disposed:false
166 silly fetch manifest @babel/plugin-transform-react-jsx-self@^7.27.1
167 silly packumentCache full:https://registry.npmjs.org/@babel%2fplugin-transform-react-jsx-self cache-miss
168 http fetch GET 200 https://registry.npmjs.org/@rolldown%2fpluginutils 117ms (cache revalidated)
169 silly packumentCache full:https://registry.npmjs.org/@rolldown%2fpluginutils set size:266905 disposed:false
170 silly fetch manifest @babel/plugin-transform-react-jsx-source@^7.27.1
171 silly packumentCache full:https://registry.npmjs.org/@babel%2fplugin-transform-react-jsx-source cache-miss
172 http fetch GET 200 https://registry.npmjs.org/@remotion%2fstudio-server 787ms (cache revalidated)
173 silly packumentCache full:https://registry.npmjs.org/@remotion%2fstudio-server set size:733175 disposed:false
174 silly fetch manifest fdir@^6.5.0
175 silly packumentCache full:https://registry.npmjs.org/fdir cache-miss
176 http fetch GET 200 https://registry.npmjs.org/@babel%2fplugin-transform-react-jsx-self 105ms (cache revalidated)
177 silly packumentCache full:https://registry.npmjs.org/@babel%2fplugin-transform-react-jsx-self set size:198119 disposed:false
178 silly fetch manifest rollup@^4.43.0
179 silly packumentCache full:https://registry.npmjs.org/rollup cache-miss
180 http fetch GET 200 https://registry.npmjs.org/fdir 93ms (cache revalidated)
181 silly packumentCache full:https://registry.npmjs.org/fdir set size:136182 disposed:false
182 silly fetch manifest esbuild@^0.27.0
183 silly packumentCache full:https://registry.npmjs.org/esbuild cache-miss
184 http fetch GET 200 https://registry.npmjs.org/@babel%2fplugin-transform-react-jsx-source 116ms (cache revalidated)
185 silly packumentCache full:https://registry.npmjs.org/@babel%2fplugin-transform-react-jsx-source set size:203114 disposed:false
186 silly fetch manifest postcss@^8.5.6
187 silly packumentCache full:https://registry.npmjs.org/postcss cache-hit
188 silly fetch manifest picomatch@^4.0.3
189 silly packumentCache full:https://registry.npmjs.org/picomatch cache-miss
190 http fetch GET 200 https://registry.npmjs.org/@remotion%2fmedia-utils 1039ms (cache revalidated)
191 silly packumentCache full:https://registry.npmjs.org/@remotion%2fmedia-utils set size:2518867 disposed:false
192 silly fetch manifest tinyglobby@^0.2.15
193 silly packumentCache full:https://registry.npmjs.org/tinyglobby cache-miss
194 http fetch GET 200 https://registry.npmjs.org/esbuild 87ms (cache revalidated)
195 silly packumentCache full:https://registry.npmjs.org/esbuild set size:1242223 disposed:false
196 silly fetch manifest fsevents@~2.3.3
197 silly packumentCache full:https://registry.npmjs.org/fsevents cache-miss
198 http fetch GET 200 https://registry.npmjs.org/rollup 128ms (cache revalidated)
199 silly packumentCache full:https://registry.npmjs.org/rollup set size:6122682 disposed:false
200 silly fetch manifest commander@^8.3.0
201 silly packumentCache full:https://registry.npmjs.org/commander cache-miss
202 http fetch GET 200 https://registry.npmjs.org/@remotion%2frenderer 1130ms (cache revalidated)
203 silly packumentCache full:https://registry.npmjs.org/@remotion%2frenderer set size:3739163 disposed:false
204 silly fetch manifest loose-envify@^1.4.0
205 silly packumentCache full:https://registry.npmjs.org/loose-envify cache-hit
206 silly fetch manifest object-assign@^4.1.1
207 silly packumentCache full:https://registry.npmjs.org/object-assign cache-miss
208 http fetch GET 200 https://registry.npmjs.org/tinyglobby 119ms (cache revalidated)
209 silly packumentCache full:https://registry.npmjs.org/tinyglobby set size:49812 disposed:false
210 silly fetch manifest react-is@^16.13.1
211 silly packumentCache full:https://registry.npmjs.org/react-is cache-miss
212 http fetch GET 200 https://registry.npmjs.org/picomatch 177ms (cache revalidated)
213 silly packumentCache full:https://registry.npmjs.org/picomatch set size:118818 disposed:false
214 http fetch GET 200 https://registry.npmjs.org/@remotion%2fbundler 1177ms (cache revalidated)
215 silly packumentCache full:https://registry.npmjs.org/@remotion%2fbundler set size:3452446 disposed:false
216 http cache https://registry.npmjs.org/commander 68ms (cache hit)
217 silly packumentCache full:https://registry.npmjs.org/commander set size:306325 disposed:false
218 http cache https://registry.npmjs.org/react-is 37ms (cache hit)
219 silly packumentCache full:https://registry.npmjs.org/react-is set size:5291381 disposed:false
220 http fetch GET 200 https://registry.npmjs.org/fsevents 209ms (cache revalidated)
221 silly packumentCache full:https://registry.npmjs.org/fsevents set size:182472 disposed:false
222 http fetch GET 200 https://registry.npmjs.org/object-assign 127ms (cache revalidated)
223 silly packumentCache full:https://registry.npmjs.org/object-assign set size:28988 disposed:false
224 http fetch GET 200 https://registry.npmjs.org/@remotion%2fstudio-shared 1367ms (cache revalidated)
225 silly packumentCache full:https://registry.npmjs.org/@remotion%2fstudio-shared set size:659596 disposed:false
226 silly fetch manifest react@>=16.8.0
227 silly packumentCache full:https://registry.npmjs.org/react cache-miss
228 http cache https://registry.npmjs.org/react 11ms (cache hit)
229 silly packumentCache full:https://registry.npmjs.org/react set size:6535664 disposed:false
230 silly fetch manifest react-dom@>=16.8.0
231 silly packumentCache full:https://registry.npmjs.org/react-dom cache-miss
232 http cache https://registry.npmjs.org/react-dom 14ms (cache hit)
233 silly packumentCache full:https://registry.npmjs.org/react-dom set size:8671691 disposed:false
234 silly placeDep ROOT @remotion/bundler@4.0.290 OK for: @remotion/cli@4.0.290 want: 4.0.290
235 silly placeDep ROOT @remotion/media-utils@4.0.290 OK for: @remotion/cli@4.0.290 want: 4.0.290
236 silly placeDep ROOT @remotion/renderer@4.0.290 OK for: @remotion/cli@4.0.290 want: 4.0.290
237 silly placeDep ROOT @remotion/studio@4.0.290 OK for: @remotion/cli@4.0.290 want: 4.0.290
238 silly placeDep ROOT @remotion/studio-server@4.0.290 OK for: @remotion/cli@4.0.290 want: 4.0.290
239 silly placeDep ROOT @remotion/studio-shared@4.0.290 OK for: @remotion/cli@4.0.290 want: 4.0.290
240 silly placeDep ROOT dotenv@9.0.2 OK for: @remotion/cli@4.0.290 want: 9.0.2
241 silly placeDep ROOT minimist@1.2.6 OK for: @remotion/cli@4.0.290 want: 1.2.6
242 silly placeDep ROOT prompts@2.4.2 OK for: @remotion/cli@4.0.290 want: 2.4.2
243 silly fetch manifest esbuild@0.25.0
244 silly packumentCache full:https://registry.npmjs.org/esbuild cache-miss
245 silly fetch manifest webpack@5.96.1
246 silly packumentCache full:https://registry.npmjs.org/webpack cache-miss
247 silly fetch manifest css-loader@5.2.7
248 silly packumentCache full:https://registry.npmjs.org/css-loader cache-miss
249 silly fetch manifest source-map@0.7.3
250 silly packumentCache full:https://registry.npmjs.org/source-map cache-miss
251 silly fetch manifest style-loader@4.0.0
252 silly packumentCache full:https://registry.npmjs.org/style-loader cache-miss
253 silly fetch manifest react-refresh@0.9.0
254 silly packumentCache full:https://registry.npmjs.org/react-refresh cache-miss
255 silly fetch manifest ws@8.17.1
256 silly packumentCache full:https://registry.npmjs.org/ws cache-miss
257 http cache https://registry.npmjs.org/esbuild 17ms (cache hit)
258 silly packumentCache full:https://registry.npmjs.org/esbuild set size:1242223 disposed:false
259 silly fetch manifest execa@5.1.1
260 silly packumentCache full:https://registry.npmjs.org/execa cache-miss
261 http cache https://registry.npmjs.org/react-refresh 29ms (cache hit)
262 silly packumentCache full:https://registry.npmjs.org/react-refresh set size:6233868 disposed:false
263 silly fetch manifest source-map@^0.8.0-beta.0
264 silly packumentCache full:https://registry.npmjs.org/source-map cache-miss
265 http fetch GET 200 https://registry.npmjs.org/style-loader 119ms (cache revalidated)
266 silly packumentCache full:https://registry.npmjs.org/style-loader set size:214125 disposed:false
267 silly fetch manifest extract-zip@2.0.1
268 silly packumentCache full:https://registry.npmjs.org/extract-zip cache-miss
269 http fetch GET 200 https://registry.npmjs.org/webpack 131ms (cache revalidated)
270 silly packumentCache full:https://registry.npmjs.org/webpack set size:4974505 disposed:false
271 silly fetch manifest @remotion/streaming@4.0.290
272 silly packumentCache full:https://registry.npmjs.org/@remotion%2fstreaming cache-miss
273 http fetch GET 200 https://registry.npmjs.org/source-map 168ms (cache revalidated)
274 silly packumentCache full:https://registry.npmjs.org/source-map set size:226141 disposed:false
275 silly fetch manifest @remotion/compositor-darwin-x64@4.0.290
276 silly packumentCache full:https://registry.npmjs.org/@remotion%2fcompositor-darwin-x64 cache-miss
277 http fetch GET 200 https://registry.npmjs.org/source-map 119ms (cache revalidated)
278 silly packumentCache full:https://registry.npmjs.org/source-map set size:226141 disposed:false
279 silly packumentCache full:https://registry.npmjs.org/source-map dispose
280 silly fetch manifest @remotion/compositor-darwin-arm64@4.0.290
281 silly packumentCache full:https://registry.npmjs.org/@remotion%2fcompositor-darwin-arm64 cache-miss
282 http fetch GET 200 https://registry.npmjs.org/ws 172ms (cache revalidated)
283 silly packumentCache full:https://registry.npmjs.org/ws set size:413307 disposed:false
284 silly fetch manifest @remotion/compositor-linux-x64-gnu@4.0.290
285 silly packumentCache full:https://registry.npmjs.org/@remotion%2fcompositor-linux-x64-gnu cache-miss
286 http fetch GET 200 https://registry.npmjs.org/execa 154ms (cache revalidated)
287 silly packumentCache full:https://registry.npmjs.org/execa set size:181234 disposed:false
288 silly fetch manifest @remotion/compositor-linux-x64-musl@4.0.290
289 silly packumentCache full:https://registry.npmjs.org/@remotion%2fcompositor-linux-x64-musl cache-miss
290 http fetch GET 200 https://registry.npmjs.org/extract-zip 92ms (cache revalidated)
291 silly packumentCache full:https://registry.npmjs.org/extract-zip set size:47715 disposed:false
292 silly fetch manifest @remotion/compositor-win32-x64-msvc@4.0.290
293 silly packumentCache full:https://registry.npmjs.org/@remotion%2fcompositor-win32-x64-msvc cache-miss
294 http fetch GET 200 https://registry.npmjs.org/css-loader 520ms (cache revalidated)
295 silly packumentCache full:https://registry.npmjs.org/css-loader set size:520219 disposed:false
296 silly fetch manifest @remotion/compositor-linux-arm64-gnu@4.0.290
297 silly packumentCache full:https://registry.npmjs.org/@remotion%2fcompositor-linux-arm64-gnu cache-miss
298 http fetch GET 200 https://registry.npmjs.org/@remotion%2fcompositor-darwin-arm64 354ms (cache revalidated)
299 silly packumentCache full:https://registry.npmjs.org/@remotion%2fcompositor-darwin-arm64 set size:981273 disposed:false
300 silly fetch manifest @remotion/compositor-linux-arm64-musl@4.0.290
301 silly packumentCache full:https://registry.npmjs.org/@remotion%2fcompositor-linux-arm64-musl cache-miss
302 http fetch GET 200 https://registry.npmjs.org/@remotion%2fcompositor-darwin-x64 863ms (cache revalidated)
303 silly packumentCache full:https://registry.npmjs.org/@remotion%2fcompositor-darwin-x64 set size:968418 disposed:false
304 silly fetch manifest zod@3.22.3
305 silly packumentCache full:https://registry.npmjs.org/zod cache-miss
306 http fetch GET 200 https://registry.npmjs.org/@remotion%2fcompositor-win32-x64-msvc 831ms (cache revalidated)
307 silly packumentCache full:https://registry.npmjs.org/@remotion%2fcompositor-win32-x64-msvc set size:977442 disposed:false
308 silly fetch manifest open@^8.4.2
309 silly packumentCache full:https://registry.npmjs.org/open cache-miss
310 http fetch GET 200 https://registry.npmjs.org/@remotion%2fcompositor-linux-x64-musl 929ms (cache revalidated)
311 silly packumentCache full:https://registry.npmjs.org/@remotion%2fcompositor-linux-x64-musl set size:979688 disposed:false
312 silly fetch manifest memfs@3.4.3
313 silly packumentCache full:https://registry.npmjs.org/memfs cache-miss
314 http fetch GET 200 https://registry.npmjs.org/zod 101ms (cache revalidated)
315 silly packumentCache full:https://registry.npmjs.org/zod set size:3489329 disposed:false
316 silly fetch manifest semver@7.5.3
317 silly packumentCache full:https://registry.npmjs.org/semver cache-miss
318 http fetch GET 200 https://registry.npmjs.org/open 107ms (cache revalidated)
319 silly packumentCache full:https://registry.npmjs.org/open set size:136392 disposed:false
320 silly fetch manifest @remotion/zod-types@4.0.290
321 silly packumentCache full:https://registry.npmjs.org/@remotion%2fzod-types cache-miss
322 http fetch GET 200 https://registry.npmjs.org/memfs 101ms (cache revalidated)
323 silly packumentCache full:https://registry.npmjs.org/memfs set size:830344 disposed:false
324 silly fetch manifest @remotion/media-parser@4.0.290
325 silly packumentCache full:https://registry.npmjs.org/@remotion%2fmedia-parser cache-miss
326 http fetch GET 200 https://registry.npmjs.org/semver 98ms (cache revalidated)
327 silly packumentCache full:https://registry.npmjs.org/semver set size:229678 disposed:false
328 silly fetch manifest recast@0.23.9
329 silly packumentCache full:https://registry.npmjs.org/recast cache-miss
330 http fetch GET 200 https://registry.npmjs.org/recast 94ms (cache revalidated)
331 silly packumentCache full:https://registry.npmjs.org/recast set size:525922 disposed:false
332 silly fetch manifest @babel/parser@7.24.1
333 silly packumentCache full:https://registry.npmjs.org/@babel%2fparser cache-miss
334 http fetch GET 200 https://registry.npmjs.org/@babel%2fparser 99ms (cache revalidated)
335 silly packumentCache full:https://registry.npmjs.org/@babel%2fparser set size:714217 disposed:false
336 silly fetch manifest kleur@^3.0.3
337 silly packumentCache full:https://registry.npmjs.org/kleur cache-miss
338 http fetch GET 200 https://registry.npmjs.org/@remotion%2fcompositor-linux-x64-gnu 1356ms (cache revalidated)
339 silly packumentCache full:https://registry.npmjs.org/@remotion%2fcompositor-linux-x64-gnu set size:979798 disposed:false
340 silly fetch manifest sisteransi@^1.0.5
341 silly packumentCache full:https://registry.npmjs.org/sisteransi cache-miss
342 http fetch GET 200 https://registry.npmjs.org/kleur 90ms (cache revalidated)
343 silly packumentCache full:https://registry.npmjs.org/kleur set size:61853 disposed:false
344 http fetch GET 200 https://registry.npmjs.org/sisteransi 87ms (cache revalidated)
345 silly packumentCache full:https://registry.npmjs.org/sisteransi set size:23215 disposed:false
346 http fetch GET 200 https://registry.npmjs.org/@remotion%2fstreaming 1555ms (cache revalidated)
347 silly packumentCache full:https://registry.npmjs.org/@remotion%2fstreaming set size:499876 disposed:false
348 http fetch GET 200 https://registry.npmjs.org/@remotion%2fzod-types 630ms (cache revalidated)
349 silly packumentCache full:https://registry.npmjs.org/@remotion%2fzod-types set size:991027 disposed:false
350 http fetch GET 200 https://registry.npmjs.org/@remotion%2fcompositor-linux-arm64-gnu 1351ms (cache revalidated)
351 silly packumentCache full:https://registry.npmjs.org/@remotion%2fcompositor-linux-arm64-gnu set size:993468 disposed:false
352 http fetch GET 200 https://registry.npmjs.org/@remotion%2fcompositor-linux-arm64-musl 1438ms (cache revalidated)
353 silly packumentCache full:https://registry.npmjs.org/@remotion%2fcompositor-linux-arm64-musl set size:991764 disposed:false
354 http fetch GET 200 https://registry.npmjs.org/@remotion%2fmedia-parser 811ms (cache revalidated)
355 silly packumentCache full:https://registry.npmjs.org/@remotion%2fmedia-parser set size:831352 disposed:false
356 silly placeDep ROOT css-loader@5.2.7 OK for: @remotion/bundler@4.0.290 want: 5.2.7
357 silly placeDep ROOT webpack@5.96.1 OK for: css-loader@5.2.7 want: ^4.27.0 || ^5.0.0
358 silly placeDep ROOT esbuild@0.25.0 OK for: @remotion/bundler@4.0.290 want: 0.25.0
359 silly placeDep ROOT react-refresh@0.9.0 OK for: @remotion/bundler@4.0.290 want: 0.9.0
360 silly placeDep ROOT source-map@0.7.3 OK for: @remotion/bundler@4.0.290 want: 0.7.3
361 silly placeDep ROOT style-loader@4.0.0 OK for: @remotion/bundler@4.0.290 want: 4.0.0
362 silly fetch manifest semver@^7.3.5
363 silly packumentCache full:https://registry.npmjs.org/semver cache-hit
364 silly fetch manifest postcss@^8.2.15
365 silly packumentCache full:https://registry.npmjs.org/postcss cache-hit
366 silly fetch manifest icss-utils@^5.1.0
367 silly packumentCache full:https://registry.npmjs.org/icss-utils cache-miss
368 silly fetch manifest loader-utils@^2.0.0
369 silly packumentCache full:https://registry.npmjs.org/loader-utils cache-miss
370 silly fetch manifest schema-utils@^3.0.0
371 silly packumentCache full:https://registry.npmjs.org/schema-utils cache-miss
372 silly fetch manifest postcss-value-parser@^4.1.0
373 silly packumentCache full:https://registry.npmjs.org/postcss-value-parser cache-miss
374 silly fetch manifest postcss-modules-scope@^3.0.0
375 silly packumentCache full:https://registry.npmjs.org/postcss-modules-scope cache-miss
376 silly fetch manifest postcss-modules-values@^4.0.0
377 silly packumentCache full:https://registry.npmjs.org/postcss-modules-values cache-miss
378 silly fetch manifest postcss-modules-extract-imports@^3.0.0
379 silly packumentCache full:https://registry.npmjs.org/postcss-modules-extract-imports cache-miss
380 http fetch GET 200 https://registry.npmjs.org/postcss-value-parser 101ms (cache revalidated)
381 silly packumentCache full:https://registry.npmjs.org/postcss-value-parser set size:73484 disposed:false
382 silly fetch manifest postcss-modules-local-by-default@^4.0.0
383 silly packumentCache full:https://registry.npmjs.org/postcss-modules-local-by-default cache-miss
384 http fetch GET 200 https://registry.npmjs.org/icss-utils 110ms (cache revalidated)
385 silly packumentCache full:https://registry.npmjs.org/icss-utils set size:31661 disposed:false
386 silly fetch manifest acorn@^8.14.0
387 silly packumentCache full:https://registry.npmjs.org/acorn cache-miss
388 http fetch GET 200 https://registry.npmjs.org/postcss-modules-scope 112ms (cache revalidated)
389 silly packumentCache full:https://registry.npmjs.org/postcss-modules-scope set size:72581 disposed:false
390 silly fetch manifest events@^3.2.0
391 silly packumentCache full:https://registry.npmjs.org/events cache-miss
392 http fetch GET 200 https://registry.npmjs.org/postcss-modules-extract-imports 118ms (cache revalidated)
393 silly packumentCache full:https://registry.npmjs.org/postcss-modules-extract-imports set size:57788 disposed:false
394 silly fetch manifest tapable@^2.1.1
395 silly packumentCache full:https://registry.npmjs.org/tapable cache-miss
396 http fetch GET 200 https://registry.npmjs.org/postcss-modules-values 120ms (cache revalidated)
397 silly packumentCache full:https://registry.npmjs.org/postcss-modules-values set size:56722 disposed:false
398 silly fetch manifest neo-async@^2.6.2
399 silly packumentCache full:https://registry.npmjs.org/neo-async cache-miss
400 http fetch GET 200 https://registry.npmjs.org/schema-utils 131ms (cache revalidated)
401 silly packumentCache full:https://registry.npmjs.org/schema-utils set size:166520 disposed:false
402 silly fetch manifest watchpack@^2.4.1
403 silly packumentCache full:https://registry.npmjs.org/watchpack cache-miss
404 http fetch GET 200 https://registry.npmjs.org/loader-utils 136ms (cache revalidated)
405 silly packumentCache full:https://registry.npmjs.org/loader-utils set size:168663 disposed:false
406 silly fetch manifest mime-types@^2.1.27
407 silly packumentCache full:https://registry.npmjs.org/mime-types cache-miss
408 http fetch GET 200 https://registry.npmjs.org/postcss-modules-local-by-default 101ms (cache revalidated)
409 silly packumentCache full:https://registry.npmjs.org/postcss-modules-local-by-default set size:107445 disposed:false
410 silly fetch manifest graceful-fs@^4.2.11
411 silly packumentCache full:https://registry.npmjs.org/graceful-fs cache-miss
412 http fetch GET 200 https://registry.npmjs.org/events 123ms (cache revalidated)
413 silly packumentCache full:https://registry.npmjs.org/events set size:35240 disposed:false
414 silly fetch manifest browserslist@^4.24.0
415 silly packumentCache full:https://registry.npmjs.org/browserslist cache-miss
416 http fetch GET 200 https://registry.npmjs.org/neo-async 109ms (cache revalidated)
417 silly packumentCache full:https://registry.npmjs.org/neo-async set size:155670 disposed:false
418 silly fetch manifest eslint-scope@5.1.1
419 silly packumentCache full:https://registry.npmjs.org/eslint-scope cache-miss
420 http fetch GET 200 https://registry.npmjs.org/watchpack 108ms (cache revalidated)
421 silly packumentCache full:https://registry.npmjs.org/watchpack set size:144545 disposed:false
422 silly fetch manifest schema-utils@^3.2.0
423 silly packumentCache full:https://registry.npmjs.org/schema-utils cache-hit
424 silly fetch manifest @types/estree@^1.0.6
425 silly packumentCache full:https://registry.npmjs.org/@types%2festree cache-miss
426 http fetch GET 200 https://registry.npmjs.org/acorn 133ms (cache revalidated)
427 silly packumentCache full:https://registry.npmjs.org/acorn set size:379626 disposed:false
428 silly fetch manifest loader-runner@^4.2.0
429 silly packumentCache full:https://registry.npmjs.org/loader-runner cache-miss
430 http fetch GET 200 https://registry.npmjs.org/tapable 124ms (cache revalidated)
431 silly packumentCache full:https://registry.npmjs.org/tapable set size:110375 disposed:false
432 silly fetch manifest glob-to-regexp@^0.4.1
433 silly packumentCache full:https://registry.npmjs.org/glob-to-regexp cache-miss
434 http fetch GET 200 https://registry.npmjs.org/graceful-fs 100ms (cache revalidated)
435 silly packumentCache full:https://registry.npmjs.org/graceful-fs set size:124285 disposed:false
436 silly fetch manifest es-module-lexer@^1.2.1
437 silly packumentCache full:https://registry.npmjs.org/es-module-lexer cache-miss
438 http fetch GET 200 https://registry.npmjs.org/browserslist 103ms (cache revalidated)
439 silly packumentCache full:https://registry.npmjs.org/browserslist set size:502989 disposed:false
440 silly fetch manifest webpack-sources@^3.2.3
441 silly packumentCache full:https://registry.npmjs.org/webpack-sources cache-miss
442 http fetch GET 200 https://registry.npmjs.org/loader-runner 98ms (cache revalidated)
443 silly packumentCache full:https://registry.npmjs.org/loader-runner set size:38718 disposed:false
444 silly fetch manifest enhanced-resolve@^5.17.1
445 silly packumentCache full:https://registry.npmjs.org/enhanced-resolve cache-miss
446 http fetch GET 200 https://registry.npmjs.org/glob-to-regexp 101ms (cache revalidated)
447 silly packumentCache full:https://registry.npmjs.org/glob-to-regexp set size:15844 disposed:false
448 silly fetch manifest @webassemblyjs/ast@^1.12.1
449 silly packumentCache full:https://registry.npmjs.org/@webassemblyjs%2fast cache-miss
450 http fetch GET 200 https://registry.npmjs.org/@types%2festree 113ms (cache revalidated)
451 silly packumentCache full:https://registry.npmjs.org/@types%2festree set size:74091 disposed:false
452 silly fetch manifest chrome-trace-event@^1.0.2
453 silly packumentCache full:https://registry.npmjs.org/chrome-trace-event cache-miss
454 http fetch GET 200 https://registry.npmjs.org/eslint-scope 118ms (cache revalidated)
455 silly packumentCache full:https://registry.npmjs.org/eslint-scope set size:98867 disposed:false
456 silly fetch manifest @types/eslint-scope@^3.7.7
457 silly packumentCache full:https://registry.npmjs.org/@types%2feslint-scope cache-miss
458 http fetch GET 200 https://registry.npmjs.org/es-module-lexer 84ms (cache revalidated)
459 silly packumentCache full:https://registry.npmjs.org/es-module-lexer set size:203341 disposed:false
460 silly fetch manifest terser-webpack-plugin@^5.3.10
461 silly packumentCache full:https://registry.npmjs.org/terser-webpack-plugin cache-miss
462 http fetch GET 200 https://registry.npmjs.org/webpack-sources 83ms (cache revalidated)
463 silly packumentCache full:https://registry.npmjs.org/webpack-sources set size:169062 disposed:false
464 silly fetch manifest @webassemblyjs/wasm-edit@^1.12.1
465 silly packumentCache full:https://registry.npmjs.org/@webassemblyjs%2fwasm-edit cache-miss
466 http fetch GET 200 https://registry.npmjs.org/enhanced-resolve 93ms (cache revalidated)
467 silly packumentCache full:https://registry.npmjs.org/enhanced-resolve set size:356274 disposed:false
468 silly fetch manifest @webassemblyjs/wasm-parser@^1.12.1
469 silly packumentCache full:https://registry.npmjs.org/@webassemblyjs%2fwasm-parser cache-miss
470 http fetch GET 200 https://registry.npmjs.org/chrome-trace-event 89ms (cache revalidated)
471 silly packumentCache full:https://registry.npmjs.org/chrome-trace-event set size:20859 disposed:false
472 silly fetch manifest json-parse-even-better-errors@^2.3.1
473 silly packumentCache full:https://registry.npmjs.org/json-parse-even-better-errors cache-miss
474 http fetch GET 200 https://registry.npmjs.org/@webassemblyjs%2fast 106ms (cache revalidated)
475 silly packumentCache full:https://registry.npmjs.org/@webassemblyjs%2fast set size:198816 disposed:false
476 silly fetch manifest @esbuild/aix-ppc64@0.25.0
477 silly packumentCache full:https://registry.npmjs.org/@esbuild%2faix-ppc64 cache-miss
478 http fetch GET 200 https://registry.npmjs.org/@types%2feslint-scope 102ms (cache revalidated)
479 silly packumentCache full:https://registry.npmjs.org/@types%2feslint-scope set size:25267 disposed:false
480 silly fetch manifest @esbuild/linux-arm@0.25.0
481 silly packumentCache full:https://registry.npmjs.org/@esbuild%2flinux-arm cache-miss
482 http fetch GET 200 https://registry.npmjs.org/terser-webpack-plugin 84ms (cache revalidated)
483 silly packumentCache full:https://registry.npmjs.org/terser-webpack-plugin set size:390861 disposed:false
484 silly fetch manifest @esbuild/linux-x64@0.25.0
485 silly packumentCache full:https://registry.npmjs.org/@esbuild%2flinux-x64 cache-miss
486 http fetch GET 200 https://registry.npmjs.org/@webassemblyjs%2fwasm-edit 89ms (cache revalidated)
487 silly packumentCache full:https://registry.npmjs.org/@webassemblyjs%2fwasm-edit set size:202718 disposed:false
488 silly fetch manifest @esbuild/sunos-x64@0.25.0
489 silly packumentCache full:https://registry.npmjs.org/@esbuild%2fsunos-x64 cache-miss
490 http fetch GET 200 https://registry.npmjs.org/json-parse-even-better-errors 89ms (cache revalidated)
491 silly packumentCache full:https://registry.npmjs.org/json-parse-even-better-errors set size:34572 disposed:false
492 silly fetch manifest @esbuild/win32-x64@0.25.0
493 silly packumentCache full:https://registry.npmjs.org/@esbuild%2fwin32-x64 cache-miss
494 http fetch GET 200 https://registry.npmjs.org/@webassemblyjs%2fwasm-parser 107ms (cache revalidated)
495 silly packumentCache full:https://registry.npmjs.org/@webassemblyjs%2fwasm-parser set size:214115 disposed:false
496 silly fetch manifest @esbuild/darwin-x64@0.25.0
497 silly packumentCache full:https://registry.npmjs.org/@esbuild%2fdarwin-x64 cache-miss
498 http fetch GET 200 https://registry.npmjs.org/@esbuild%2flinux-arm 103ms (cache revalidated)
499 silly packumentCache full:https://registry.npmjs.org/@esbuild%2flinux-arm set size:186917 disposed:false
500 silly fetch manifest @esbuild/linux-ia32@0.25.0
501 silly packumentCache full:https://registry.npmjs.org/@esbuild%2flinux-ia32 cache-miss
502 http fetch GET 200 https://registry.npmjs.org/@esbuild%2flinux-x64 106ms (cache revalidated)
503 silly packumentCache full:https://registry.npmjs.org/@esbuild%2flinux-x64 set size:187244 disposed:false
504 silly fetch manifest @esbuild/netbsd-x64@0.25.0
505 silly packumentCache full:https://registry.npmjs.org/@esbuild%2fnetbsd-x64 cache-miss
506 http fetch GET 200 https://registry.npmjs.org/@esbuild%2fwin32-x64 114ms (cache revalidated)
507 silly packumentCache full:https://registry.npmjs.org/@esbuild%2fwin32-x64 set size:187476 disposed:false
508 silly fetch manifest @esbuild/win32-ia32@0.25.0
509 silly packumentCache full:https://registry.npmjs.org/@esbuild%2fwin32-ia32 cache-miss
510 http fetch GET 200 https://registry.npmjs.org/@esbuild%2flinux-ia32 100ms (cache revalidated)
511 silly packumentCache full:https://registry.npmjs.org/@esbuild%2flinux-ia32 set size:187877 disposed:false
512 silly fetch manifest @esbuild/android-arm@0.25.0
513 silly packumentCache full:https://registry.npmjs.org/@esbuild%2fandroid-arm cache-miss
514 http fetch GET 200 https://registry.npmjs.org/@esbuild%2fwin32-ia32 113ms (cache revalidated)
515 silly packumentCache full:https://registry.npmjs.org/@esbuild%2fwin32-ia32 set size:188094 disposed:false
516 silly fetch manifest @esbuild/android-x64@0.25.0
517 silly packumentCache full:https://registry.npmjs.org/@esbuild%2fandroid-x64 cache-miss
518 http fetch GET 200 https://registry.npmjs.org/@esbuild%2fandroid-arm 102ms (cache revalidated)
519 silly packumentCache full:https://registry.npmjs.org/@esbuild%2fandroid-arm set size:213504 disposed:false
520 silly fetch manifest @esbuild/freebsd-x64@0.25.0
521 silly packumentCache full:https://registry.npmjs.org/@esbuild%2ffreebsd-x64 cache-miss
522 http fetch GET 200 https://registry.npmjs.org/@esbuild%2fdarwin-x64 240ms (cache revalidated)
523 silly packumentCache full:https://registry.npmjs.org/@esbuild%2fdarwin-x64 set size:187924 disposed:false
524 silly fetch manifest @esbuild/linux-arm64@0.25.0
525 silly packumentCache full:https://registry.npmjs.org/@esbuild%2flinux-arm64 cache-miss
526 http fetch GET 200 https://registry.npmjs.org/@esbuild%2fandroid-x64 114ms (cache revalidated)
527 silly packumentCache full:https://registry.npmjs.org/@esbuild%2fandroid-x64 set size:187307 disposed:false
528 silly fetch manifest @esbuild/linux-ppc64@0.25.0
529 silly packumentCache full:https://registry.npmjs.org/@esbuild%2flinux-ppc64 cache-miss
530 http fetch GET 200 https://registry.npmjs.org/@esbuild%2ffreebsd-x64 111ms (cache revalidated)
531 silly packumentCache full:https://registry.npmjs.org/@esbuild%2ffreebsd-x64 set size:188756 disposed:false
532 silly fetch manifest @esbuild/linux-s390x@0.25.0
533 silly packumentCache full:https://registry.npmjs.org/@esbuild%2flinux-s390x cache-miss
534 http fetch GET 200 https://registry.npmjs.org/@esbuild%2flinux-arm64 107ms (cache revalidated)
535 silly packumentCache full:https://registry.npmjs.org/@esbuild%2flinux-arm64 set size:188948 disposed:false
536 silly fetch manifest @esbuild/openbsd-x64@0.25.0
537 silly packumentCache full:https://registry.npmjs.org/@esbuild%2fopenbsd-x64 cache-miss
538 http fetch GET 200 https://registry.npmjs.org/@esbuild%2fsunos-x64 393ms (cache revalidated)
539 silly packumentCache full:https://registry.npmjs.org/@esbuild%2fsunos-x64 set size:187474 disposed:false
540 silly fetch manifest @esbuild/win32-arm64@0.25.0
541 silly packumentCache full:https://registry.npmjs.org/@esbuild%2fwin32-arm64 cache-miss
542 http fetch GET 200 https://registry.npmjs.org/@esbuild%2fnetbsd-x64 389ms (cache revalidated)
543 silly packumentCache full:https://registry.npmjs.org/@esbuild%2fnetbsd-x64 set size:185730 disposed:false
544 silly fetch manifest @esbuild/darwin-arm64@0.25.0
545 silly packumentCache full:https://registry.npmjs.org/@esbuild%2fdarwin-arm64 cache-miss
546 http fetch GET 200 https://registry.npmjs.org/@esbuild%2flinux-ppc64 112ms (cache revalidated)
547 silly packumentCache full:https://registry.npmjs.org/@esbuild%2flinux-ppc64 set size:190895 disposed:false
548 silly fetch manifest @esbuild/netbsd-arm64@0.25.0
549 silly packumentCache full:https://registry.npmjs.org/@esbuild%2fnetbsd-arm64 cache-miss
550 http fetch GET 200 https://registry.npmjs.org/@esbuild%2flinux-s390x 119ms (cache revalidated)
551 silly packumentCache full:https://registry.npmjs.org/@esbuild%2flinux-s390x set size:190391 disposed:false
552 silly fetch manifest @esbuild/android-arm64@0.25.0
553 silly packumentCache full:https://registry.npmjs.org/@esbuild%2fandroid-arm64 cache-miss
554 http fetch GET 200 https://registry.npmjs.org/@esbuild%2fopenbsd-x64 106ms (cache revalidated)
555 silly packumentCache full:https://registry.npmjs.org/@esbuild%2fopenbsd-x64 set size:188762 disposed:false
556 silly fetch manifest @esbuild/freebsd-arm64@0.25.0
557 silly packumentCache full:https://registry.npmjs.org/@esbuild%2ffreebsd-arm64 cache-miss
558 http fetch GET 200 https://registry.npmjs.org/@esbuild%2fwin32-arm64 104ms (cache revalidated)
559 silly packumentCache full:https://registry.npmjs.org/@esbuild%2fwin32-arm64 set size:189169 disposed:false
560 silly fetch manifest @esbuild/linux-loong64@0.25.0
561 silly packumentCache full:https://registry.npmjs.org/@esbuild%2flinux-loong64 cache-miss
562 http fetch GET 200 https://registry.npmjs.org/mime-types 916ms (cache revalidated)
563 silly packumentCache full:https://registry.npmjs.org/mime-types set size:139110 disposed:false
564 silly fetch manifest @esbuild/linux-riscv64@0.25.0
565 silly packumentCache full:https://registry.npmjs.org/@esbuild%2flinux-riscv64 cache-miss
566 http fetch GET 200 https://registry.npmjs.org/@esbuild%2fdarwin-arm64 101ms (cache revalidated)
567 silly packumentCache full:https://registry.npmjs.org/@esbuild%2fdarwin-arm64 set size:189596 disposed:false
568 silly fetch manifest @esbuild/openbsd-arm64@0.25.0
569 silly packumentCache full:https://registry.npmjs.org/@esbuild%2fopenbsd-arm64 cache-miss
570 http fetch GET 200 https://registry.npmjs.org/@esbuild%2flinux-loong64 94ms (cache revalidated)
571 silly packumentCache full:https://registry.npmjs.org/@esbuild%2flinux-loong64 set size:243782 disposed:false
572 silly fetch manifest @esbuild/linux-mips64el@0.25.0
573 silly packumentCache full:https://registry.npmjs.org/@esbuild%2flinux-mips64el cache-miss
574 http fetch GET 200 https://registry.npmjs.org/@esbuild%2ffreebsd-arm64 113ms (cache revalidated)
575 silly packumentCache full:https://registry.npmjs.org/@esbuild%2ffreebsd-arm64 set size:190447 disposed:false
576 http fetch GET 200 https://registry.npmjs.org/@esbuild%2fnetbsd-arm64 128ms (cache revalidated)
577 silly packumentCache full:https://registry.npmjs.org/@esbuild%2fnetbsd-arm64 set size:32428 disposed:false
578 http fetch GET 200 https://registry.npmjs.org/@esbuild%2fandroid-arm64 133ms (cache revalidated)
579 silly packumentCache full:https://registry.npmjs.org/@esbuild%2fandroid-arm64 set size:192279 disposed:false
580 http fetch GET 200 https://registry.npmjs.org/@esbuild%2flinux-riscv64 106ms (cache revalidated)
581 silly packumentCache full:https://registry.npmjs.org/@esbuild%2flinux-riscv64 set size:190569 disposed:false
582 http fetch GET 200 https://registry.npmjs.org/@esbuild%2flinux-mips64el 97ms (cache revalidated)
583 silly packumentCache full:https://registry.npmjs.org/@esbuild%2flinux-mips64el set size:192558 disposed:false
584 http fetch GET 200 https://registry.npmjs.org/@esbuild%2fopenbsd-arm64 355ms (cache revalidated)
585 silly packumentCache full:https://registry.npmjs.org/@esbuild%2fopenbsd-arm64 set size:37704 disposed:false
586 http fetch GET 200 https://registry.npmjs.org/@esbuild%2faix-ppc64 1819ms (cache revalidated)
587 silly packumentCache full:https://registry.npmjs.org/@esbuild%2faix-ppc64 set size:56029 disposed:false
588 silly fetch manifest bufferutil@^4.0.1
589 silly packumentCache full:https://registry.npmjs.org/bufferutil cache-miss
590 http fetch GET 200 https://registry.npmjs.org/bufferutil 98ms (cache revalidated)
591 silly packumentCache full:https://registry.npmjs.org/bufferutil set size:52763 disposed:false
592 silly fetch manifest utf-8-validate@>=5.0.2
593 silly packumentCache full:https://registry.npmjs.org/utf-8-validate cache-miss
594 http fetch GET 200 https://registry.npmjs.org/utf-8-validate 91ms (cache revalidated)
595 silly packumentCache full:https://registry.npmjs.org/utf-8-validate set size:77148 disposed:false
596 silly placeDep ROOT @remotion/compositor-darwin-arm64@4.0.290 OK for: @remotion/renderer@4.0.290 want: 4.0.290
597 silly placeDep ROOT @remotion/compositor-darwin-x64@4.0.290 OK for: @remotion/renderer@4.0.290 want: 4.0.290
598 silly placeDep ROOT @remotion/compositor-linux-arm64-gnu@4.0.290 OK for: @remotion/renderer@4.0.290 want: 4.0.290
599 silly placeDep ROOT @remotion/compositor-linux-arm64-musl@4.0.290 OK for: @remotion/renderer@4.0.290 want: 4.0.290
600 silly placeDep ROOT @remotion/compositor-linux-x64-gnu@4.0.290 OK for: @remotion/renderer@4.0.290 want: 4.0.290
601 silly placeDep ROOT @remotion/compositor-linux-x64-musl@4.0.290 OK for: @remotion/renderer@4.0.290 want: 4.0.290
602 silly placeDep ROOT @remotion/compositor-win32-x64-msvc@4.0.290 OK for: @remotion/renderer@4.0.290 want: 4.0.290
603 silly placeDep ROOT @remotion/streaming@4.0.290 OK for: @remotion/renderer@4.0.290 want: 4.0.290
604 silly placeDep ROOT execa@5.1.1 OK for: @remotion/renderer@4.0.290 want: 5.1.1
605 silly placeDep ROOT extract-zip@2.0.1 OK for: @remotion/renderer@4.0.290 want: 2.0.1
606 silly placeDep node_modules/@remotion/renderer source-map@0.8.0-beta.0 OK for: @remotion/renderer@4.0.290 want: ^0.8.0-beta.0
607 silly placeDep ROOT ws@8.17.1 OK for: @remotion/renderer@4.0.290 want: 8.17.1
608 silly fetch manifest onetime@^5.1.2
609 silly packumentCache full:https://registry.npmjs.org/onetime cache-miss
610 silly fetch manifest is-stream@^2.0.0
611 silly packumentCache full:https://registry.npmjs.org/is-stream cache-miss
612 silly fetch manifest get-stream@^6.0.0
613 silly packumentCache full:https://registry.npmjs.org/get-stream cache-miss
614 silly fetch manifest cross-spawn@^7.0.3
615 silly packumentCache full:https://registry.npmjs.org/cross-spawn cache-miss
616 silly fetch manifest signal-exit@^3.0.3
617 silly packumentCache full:https://registry.npmjs.org/signal-exit cache-miss
618 silly fetch manifest merge-stream@^2.0.0
619 silly packumentCache full:https://registry.npmjs.org/merge-stream cache-miss
620 silly fetch manifest npm-run-path@^4.0.1
621 silly packumentCache full:https://registry.npmjs.org/npm-run-path cache-miss
622 http fetch GET 200 https://registry.npmjs.org/npm-run-path 88ms (cache revalidated)
623 silly packumentCache full:https://registry.npmjs.org/npm-run-path set size:33596 disposed:false
624 silly fetch manifest human-signals@^2.1.0
625 silly packumentCache full:https://registry.npmjs.org/human-signals cache-miss
626 http fetch GET 200 https://registry.npmjs.org/cross-spawn 95ms (cache revalidated)
627 silly packumentCache full:https://registry.npmjs.org/cross-spawn set size:109066 disposed:false
628 silly fetch manifest strip-final-newline@^2.0.0
629 silly packumentCache full:https://registry.npmjs.org/strip-final-newline cache-miss
630 http fetch GET 200 https://registry.npmjs.org/is-stream 97ms (cache revalidated)
631 silly packumentCache full:https://registry.npmjs.org/is-stream set size:18582 disposed:false
632 silly fetch manifest debug@^4.1.1
633 silly packumentCache full:https://registry.npmjs.org/debug cache-miss
634 http fetch GET 200 https://registry.npmjs.org/signal-exit 97ms (cache revalidated)
635 silly packumentCache full:https://registry.npmjs.org/signal-exit set size:53489 disposed:false
636 silly fetch manifest get-stream@^5.1.0
637 silly packumentCache full:https://registry.npmjs.org/get-stream cache-miss
638 http fetch GET 200 https://registry.npmjs.org/onetime 99ms (cache revalidated)
639 silly packumentCache full:https://registry.npmjs.org/onetime set size:32314 disposed:false
640 silly fetch manifest yauzl@^2.10.0
641 silly packumentCache full:https://registry.npmjs.org/yauzl cache-miss
642 http fetch GET 200 https://registry.npmjs.org/get-stream 117ms (cache revalidated)
643 silly packumentCache full:https://registry.npmjs.org/get-stream set size:57536 disposed:false
644 silly fetch manifest @types/yauzl@^2.9.1
645 silly packumentCache full:https://registry.npmjs.org/@types%2fyauzl cache-miss
646 http fetch GET 200 https://registry.npmjs.org/human-signals 92ms (cache revalidated)
647 silly packumentCache full:https://registry.npmjs.org/human-signals set size:47322 disposed:false
648 silly fetch manifest whatwg-url@^7.0.0
649 silly packumentCache full:https://registry.npmjs.org/whatwg-url cache-miss
650 http fetch GET 200 https://registry.npmjs.org/debug 90ms (cache revalidated)
651 silly packumentCache full:https://registry.npmjs.org/debug set size:195840 disposed:false
652 http fetch GET 200 https://registry.npmjs.org/get-stream 98ms (cache revalidated)
653 silly packumentCache full:https://registry.npmjs.org/get-stream set size:57536 disposed:false
654 silly packumentCache full:https://registry.npmjs.org/get-stream dispose
655 http fetch GET 200 https://registry.npmjs.org/yauzl 98ms (cache revalidated)
656 silly packumentCache full:https://registry.npmjs.org/yauzl set size:97051 disposed:false
657 http fetch GET 200 https://registry.npmjs.org/strip-final-newline 104ms (cache revalidated)
658 silly packumentCache full:https://registry.npmjs.org/strip-final-newline set size:9328 disposed:false
659 http fetch GET 200 https://registry.npmjs.org/@types%2fyauzl 93ms (cache revalidated)
660 silly packumentCache full:https://registry.npmjs.org/@types%2fyauzl set size:14128 disposed:false
661 http fetch GET 200 https://registry.npmjs.org/whatwg-url 89ms (cache revalidated)
662 silly packumentCache full:https://registry.npmjs.org/whatwg-url set size:170765 disposed:false
663 http fetch GET 200 https://registry.npmjs.org/merge-stream 377ms (cache revalidated)
664 silly packumentCache full:https://registry.npmjs.org/merge-stream set size:22168 disposed:false
665 silly placeDep ROOT @remotion/media-parser@4.0.290 OK for: @remotion/studio@4.0.290 want: 4.0.290
666 silly placeDep ROOT @remotion/zod-types@4.0.290 OK for: @remotion/studio@4.0.290 want: 4.0.290
667 silly placeDep ROOT zod@3.22.3 OK for: @remotion/zod-types@4.0.290 want: 3.22.3
668 silly placeDep ROOT memfs@3.4.3 OK for: @remotion/studio@4.0.290 want: 3.4.3
669 silly placeDep ROOT open@8.4.2 OK for: @remotion/studio@4.0.290 want: ^8.4.2
670 silly placeDep ROOT semver@7.5.3 OK for: @remotion/studio@4.0.290 want: 7.5.3
671 silly fetch manifest fs-monkey@1.0.3
672 silly packumentCache full:https://registry.npmjs.org/fs-monkey cache-miss
673 silly fetch manifest is-wsl@^2.2.0
674 silly packumentCache full:https://registry.npmjs.org/is-wsl cache-miss
675 silly fetch manifest is-docker@^2.1.1
676 silly packumentCache full:https://registry.npmjs.org/is-docker cache-miss
677 silly fetch manifest define-lazy-prop@^2.0.0
678 silly packumentCache full:https://registry.npmjs.org/define-lazy-prop cache-miss
679 silly fetch manifest lru-cache@^6.0.0
680 silly packumentCache full:https://registry.npmjs.org/lru-cache cache-miss
681 http fetch GET 200 https://registry.npmjs.org/lru-cache 81ms (cache revalidated)
682 silly packumentCache full:https://registry.npmjs.org/lru-cache set size:413591 disposed:false
683 http fetch GET 200 https://registry.npmjs.org/define-lazy-prop 108ms (cache revalidated)
684 silly packumentCache full:https://registry.npmjs.org/define-lazy-prop set size:9337 disposed:false
685 http fetch GET 200 https://registry.npmjs.org/is-docker 109ms (cache revalidated)
686 silly packumentCache full:https://registry.npmjs.org/is-docker set size:23690 disposed:false
687 http fetch GET 200 https://registry.npmjs.org/fs-monkey 110ms (cache revalidated)
688 silly packumentCache full:https://registry.npmjs.org/fs-monkey set size:50154 disposed:false
689 http fetch GET 200 https://registry.npmjs.org/is-wsl 111ms (cache revalidated)
690 silly packumentCache full:https://registry.npmjs.org/is-wsl set size:20683 disposed:false
691 silly placeDep ROOT @babel/parser@7.24.1 OK for: @remotion/studio-server@4.0.290 want: 7.24.1
692 silly placeDep ROOT recast@0.23.9 OK for: @remotion/studio-server@4.0.290 want: 0.23.9
693 silly fetch manifest tslib@^2.0.1
694 silly packumentCache full:https://registry.npmjs.org/tslib cache-miss
695 silly fetch manifest esprima@~4.0.0
696 silly packumentCache full:https://registry.npmjs.org/esprima cache-miss
697 silly fetch manifest ast-types@^0.16.1
698 silly packumentCache full:https://registry.npmjs.org/ast-types cache-miss
699 silly fetch manifest source-map@~0.6.1
700 silly packumentCache full:https://registry.npmjs.org/source-map cache-hit
701 silly fetch manifest tiny-invariant@^1.3.3
702 silly packumentCache full:https://registry.npmjs.org/tiny-invariant cache-miss
703 http fetch GET 200 https://registry.npmjs.org/esprima 78ms (cache revalidated)
704 silly packumentCache full:https://registry.npmjs.org/esprima set size:118410 disposed:false
705 http fetch GET 200 https://registry.npmjs.org/ast-types 87ms (cache revalidated)
706 silly packumentCache full:https://registry.npmjs.org/ast-types set size:443020 disposed:false
707 http fetch GET 200 https://registry.npmjs.org/tslib 96ms (cache revalidated)
708 silly packumentCache full:https://registry.npmjs.org/tslib set size:108760 disposed:false
709 http fetch GET 200 https://registry.npmjs.org/tiny-invariant 99ms (cache revalidated)
710 silly packumentCache full:https://registry.npmjs.org/tiny-invariant set size:98310 disposed:false
711 silly placeDep ROOT @babel/core@7.29.0 OK for: @vitejs/plugin-react@4.7.0 want: ^7.28.0
712 silly placeDep ROOT @babel/plugin-transform-react-jsx-self@7.27.1 OK for: @vitejs/plugin-react@4.7.0 want: ^7.27.1
713 silly placeDep ROOT @babel/plugin-transform-react-jsx-source@7.27.1 OK for: @vitejs/plugin-react@4.7.0 want: ^7.27.1
714 silly placeDep ROOT @rolldown/pluginutils@1.0.0-beta.27 OK for: @vitejs/plugin-react@4.7.0 want: 1.0.0-beta.27
715 silly placeDep ROOT @types/babel__core@7.20.5 OK for: @vitejs/plugin-react@4.7.0 want: ^7.20.5
716 silly placeDep node_modules/@vitejs/plugin-react react-refresh@0.17.0 OK for: @vitejs/plugin-react@4.7.0 want: ^0.17.0
717 silly fetch manifest debug@^4.1.0
718 silly packumentCache full:https://registry.npmjs.org/debug cache-hit
719 silly fetch manifest json5@^2.2.3
720 silly packumentCache full:https://registry.npmjs.org/json5 cache-miss
721 silly fetch manifest semver@^6.3.1
722 silly packumentCache full:https://registry.npmjs.org/semver cache-hit
723 silly fetch manifest gensync@^1.0.0-beta.2
724 silly packumentCache full:https://registry.npmjs.org/gensync cache-miss
725 silly fetch manifest @babel/types@^7.29.0
726 silly packumentCache full:https://registry.npmjs.org/@babel%2ftypes cache-miss
727 silly fetch manifest @babel/parser@^7.29.0
728 silly packumentCache full:https://registry.npmjs.org/@babel%2fparser cache-hit
729 silly fetch manifest @babel/helpers@^7.28.6
730 silly packumentCache full:https://registry.npmjs.org/@babel%2fhelpers cache-miss
731 silly fetch manifest @babel/template@^7.28.6
732 silly packumentCache full:https://registry.npmjs.org/@babel%2ftemplate cache-miss
733 silly fetch manifest @babel/traverse@^7.29.0
734 silly packumentCache full:https://registry.npmjs.org/@babel%2ftraverse cache-miss
735 silly fetch manifest @babel/generator@^7.29.0
736 silly packumentCache full:https://registry.npmjs.org/@babel%2fgenerator cache-miss
737 http fetch GET 200 https://registry.npmjs.org/json5 111ms (cache revalidated)
738 silly packumentCache full:https://registry.npmjs.org/json5 set size:86136 disposed:false
739 silly fetch manifest @babel/code-frame@^7.29.0
740 silly packumentCache full:https://registry.npmjs.org/@babel%2fcode-frame cache-miss
741 http fetch GET 200 https://registry.npmjs.org/@babel%2ftemplate 115ms (cache revalidated)
742 silly packumentCache full:https://registry.npmjs.org/@babel%2ftemplate set size:225245 disposed:false
743 silly fetch manifest convert-source-map@^2.0.0
744 silly packumentCache full:https://registry.npmjs.org/convert-source-map cache-miss
745 http fetch GET 200 https://registry.npmjs.org/gensync 123ms (cache revalidated)
746 silly packumentCache full:https://registry.npmjs.org/gensync set size:15068 disposed:false
747 silly fetch manifest @jridgewell/remapping@^2.3.5
748 silly packumentCache full:https://registry.npmjs.org/@jridgewell%2fremapping cache-miss
749 http fetch GET 200 https://registry.npmjs.org/@babel%2fgenerator 122ms (cache revalidated)
750 silly packumentCache full:https://registry.npmjs.org/@babel%2fgenerator set size:504910 disposed:false
751 silly fetch manifest @babel/helper-module-transforms@^7.28.6
752 silly packumentCache full:https://registry.npmjs.org/@babel%2fhelper-module-transforms cache-miss
753 http fetch GET 200 https://registry.npmjs.org/@babel%2ftraverse 131ms (cache revalidated)
754 silly packumentCache full:https://registry.npmjs.org/@babel%2ftraverse set size:546499 disposed:false
755 silly fetch manifest @babel/helper-compilation-targets@^7.28.6
756 silly packumentCache full:https://registry.npmjs.org/@babel%2fhelper-compilation-targets cache-miss
757 http fetch GET 200 https://registry.npmjs.org/@babel%2fhelpers 139ms (cache revalidated)
758 silly packumentCache full:https://registry.npmjs.org/@babel%2fhelpers set size:384482 disposed:false
759 silly fetch manifest @babel/helper-plugin-utils@^7.27.1
760 silly packumentCache full:https://registry.npmjs.org/@babel%2fhelper-plugin-utils cache-miss
761 http fetch GET 200 https://registry.npmjs.org/@babel%2ftypes 144ms (cache revalidated)
762 silly packumentCache full:https://registry.npmjs.org/@babel%2ftypes set size:485839 disposed:false
763 silly fetch manifest @babel/helper-plugin-utils@^7.27.1
764 silly packumentCache full:https://registry.npmjs.org/@babel%2fhelper-plugin-utils cache-miss
765 http fetch GET 200 https://registry.npmjs.org/convert-source-map 90ms (cache revalidated)
766 silly packumentCache full:https://registry.npmjs.org/convert-source-map set size:66997 disposed:false
767 silly fetch manifest @babel/types@^7.20.7
768 silly packumentCache full:https://registry.npmjs.org/@babel%2ftypes cache-hit
769 silly fetch manifest @types/babel__template@*
770 silly packumentCache full:https://registry.npmjs.org/@types%2fbabel__template cache-miss
771 http fetch GET 200 https://registry.npmjs.org/@babel%2fcode-frame 119ms (cache revalidated)
772 silly packumentCache full:https://registry.npmjs.org/@babel%2fcode-frame set size:194176 disposed:false
773 silly fetch manifest @types/babel__traverse@*
774 silly packumentCache full:https://registry.npmjs.org/@types%2fbabel__traverse cache-miss
775 http fetch GET 200 https://registry.npmjs.org/@babel%2fhelper-module-transforms 112ms (cache revalidated)
776 silly packumentCache full:https://registry.npmjs.org/@babel%2fhelper-module-transforms set size:331474 disposed:false
777 silly fetch manifest @types/babel__generator@*
778 silly packumentCache full:https://registry.npmjs.org/@types%2fbabel__generator cache-miss
779 http fetch GET 200 https://registry.npmjs.org/@babel%2fhelper-plugin-utils 99ms (cache revalidated)
780 silly packumentCache full:https://registry.npmjs.org/@babel%2fhelper-plugin-utils set size:162082 disposed:false
781 http fetch GET 200 https://registry.npmjs.org/@jridgewell%2fremapping 127ms (cache revalidated)
782 silly packumentCache full:https://registry.npmjs.org/@jridgewell%2fremapping set size:23809 disposed:false
783 http fetch GET 200 https://registry.npmjs.org/@babel%2fhelper-compilation-targets 113ms (cache revalidated)
784 silly packumentCache full:https://registry.npmjs.org/@babel%2fhelper-compilation-targets set size:216684 disposed:false
785 http fetch GET 200 https://registry.npmjs.org/@babel%2fhelper-plugin-utils 116ms (cache revalidated)
786 silly packumentCache full:https://registry.npmjs.org/@babel%2fhelper-plugin-utils set size:162082 disposed:false
787 silly packumentCache full:https://registry.npmjs.org/@babel%2fhelper-plugin-utils dispose
788 http fetch GET 200 https://registry.npmjs.org/@types%2fbabel__template 98ms (cache revalidated)
789 silly packumentCache full:https://registry.npmjs.org/@types%2fbabel__template set size:22631 disposed:false
790 http fetch GET 200 https://registry.npmjs.org/@types%2fbabel__traverse 98ms (cache revalidated)
791 silly packumentCache full:https://registry.npmjs.org/@types%2fbabel__traverse set size:107819 disposed:false
792 http fetch GET 200 https://registry.npmjs.org/@types%2fbabel__generator 102ms (cache revalidated)
793 silly packumentCache full:https://registry.npmjs.org/@types%2fbabel__generator set size:31587 disposed:false
794 silly fetch manifest @babel/core@^7.0.0
795 silly packumentCache full:https://registry.npmjs.org/@babel%2fcore cache-hit
796 silly placeDep ROOT @babel/code-frame@7.29.0 OK for: @babel/core@7.29.0 want: ^7.29.0
797 silly placeDep ROOT @babel/generator@7.29.1 OK for: @babel/core@7.29.0 want: ^7.29.0
798 silly placeDep ROOT @babel/helper-compilation-targets@7.28.6 OK for: @babel/core@7.29.0 want: ^7.28.6
799 silly placeDep ROOT @babel/helper-module-transforms@7.28.6 OK for: @babel/core@7.29.0 want: ^7.28.6
800 silly placeDep ROOT @babel/helpers@7.28.6 OK for: @babel/core@7.29.0 want: ^7.28.6
801 silly placeDep node_modules/@babel/core @babel/parser@7.29.0 OK for: @babel/core@7.29.0 want: ^7.29.0
802 silly placeDep ROOT @babel/template@7.28.6 OK for: @babel/core@7.29.0 want: ^7.28.6
803 silly placeDep ROOT @babel/traverse@7.29.0 OK for: @babel/core@7.29.0 want: ^7.29.0
804 silly placeDep ROOT @babel/types@7.29.0 OK for: @babel/core@7.29.0 want: ^7.29.0
805 silly placeDep ROOT @jridgewell/remapping@2.3.5 OK for: @babel/core@7.29.0 want: ^2.3.5
806 silly placeDep ROOT convert-source-map@2.0.0 OK for: @babel/core@7.29.0 want: ^2.0.0
807 silly placeDep ROOT debug@4.4.3 OK for: @babel/core@7.29.0 want: ^4.1.0
808 silly placeDep ROOT gensync@1.0.0-beta.2 OK for: @babel/core@7.29.0 want: ^1.0.0-beta.2
809 silly placeDep ROOT json5@2.2.3 OK for: @babel/core@7.29.0 want: ^2.2.3
810 silly placeDep node_modules/@babel/core semver@6.3.1 OK for: @babel/core@7.29.0 want: ^6.3.1
811 silly fetch manifest js-tokens@^4.0.0
812 silly packumentCache full:https://registry.npmjs.org/js-tokens cache-miss
813 silly fetch manifest picocolors@^1.1.1
814 silly packumentCache full:https://registry.npmjs.org/picocolors cache-miss
815 silly fetch manifest @babel/helper-validator-identifier@^7.28.5
816 silly packumentCache full:https://registry.npmjs.org/@babel%2fhelper-validator-identifier cache-miss
817 silly fetch manifest jsesc@^3.0.2
818 silly packumentCache full:https://registry.npmjs.org/jsesc cache-miss
819 silly fetch manifest @jridgewell/gen-mapping@^0.3.12
820 silly packumentCache full:https://registry.npmjs.org/@jridgewell%2fgen-mapping cache-miss
821 silly fetch manifest @jridgewell/trace-mapping@^0.3.28
822 silly packumentCache full:https://registry.npmjs.org/@jridgewell%2ftrace-mapping cache-miss
823 silly fetch manifest lru-cache@^5.1.1
824 silly packumentCache full:https://registry.npmjs.org/lru-cache cache-hit
825 silly fetch manifest @babel/compat-data@^7.28.6
826 silly packumentCache full:https://registry.npmjs.org/@babel%2fcompat-data cache-miss
827 http fetch GET 200 https://registry.npmjs.org/picocolors 91ms (cache revalidated)
828 silly packumentCache full:https://registry.npmjs.org/picocolors set size:16648 disposed:false
829 silly fetch manifest @babel/helper-validator-option@^7.27.1
830 silly packumentCache full:https://registry.npmjs.org/@babel%2fhelper-validator-option cache-miss
831 http fetch GET 200 https://registry.npmjs.org/jsesc 103ms (cache revalidated)
832 silly packumentCache full:https://registry.npmjs.org/jsesc set size:61512 disposed:false
833 silly fetch manifest @babel/traverse@^7.28.6
834 silly packumentCache full:https://registry.npmjs.org/@babel%2ftraverse cache-hit
835 silly fetch manifest @babel/helper-module-imports@^7.28.6
836 silly packumentCache full:https://registry.npmjs.org/@babel%2fhelper-module-imports cache-miss
837 http fetch GET 200 https://registry.npmjs.org/@babel%2fhelper-validator-identifier 106ms (cache revalidated)
838 silly packumentCache full:https://registry.npmjs.org/@babel%2fhelper-validator-identifier set size:114475 disposed:false
839 silly fetch manifest @babel/types@^7.28.6
840 silly packumentCache full:https://registry.npmjs.org/@babel%2ftypes cache-hit
841 silly fetch manifest @babel/parser@^7.28.6
842 silly packumentCache full:https://registry.npmjs.org/@babel%2fparser cache-hit
843 silly fetch manifest debug@^4.3.1
844 silly packumentCache full:https://registry.npmjs.org/debug cache-hit
845 silly fetch manifest @babel/helper-globals@^7.28.0
846 silly packumentCache full:https://registry.npmjs.org/@babel%2fhelper-globals cache-miss
847 http fetch GET 200 https://registry.npmjs.org/js-tokens 108ms (cache revalidated)
848 silly packumentCache full:https://registry.npmjs.org/js-tokens set size:41947 disposed:false
849 silly fetch manifest @babel/helper-string-parser@^7.27.1
850 silly packumentCache full:https://registry.npmjs.org/@babel%2fhelper-string-parser cache-miss
851 http fetch GET 200 https://registry.npmjs.org/@jridgewell%2ftrace-mapping 107ms (cache revalidated)
852 silly packumentCache full:https://registry.npmjs.org/@jridgewell%2ftrace-mapping set size:170909 disposed:false
853 silly fetch manifest @jridgewell/gen-mapping@^0.3.5
854 silly packumentCache full:https://registry.npmjs.org/@jridgewell%2fgen-mapping cache-miss
855 http fetch GET 200 https://registry.npmjs.org/@babel%2fcompat-data 106ms (cache revalidated)
856 silly packumentCache full:https://registry.npmjs.org/@babel%2fcompat-data set size:303539 disposed:false
857 silly fetch manifest @jridgewell/trace-mapping@^0.3.24
858 silly packumentCache full:https://registry.npmjs.org/@jridgewell%2ftrace-mapping cache-hit
859 silly fetch manifest ms@^2.1.3
860 silly packumentCache full:https://registry.npmjs.org/ms cache-miss
861 http fetch GET 200 https://registry.npmjs.org/@jridgewell%2fgen-mapping 113ms (cache revalidated)
862 silly packumentCache full:https://registry.npmjs.org/@jridgewell%2fgen-mapping set size:80719 disposed:false
863 http fetch GET 200 https://registry.npmjs.org/@babel%2fhelper-validator-option 97ms (cache revalidated)
864 silly packumentCache full:https://registry.npmjs.org/@babel%2fhelper-validator-option set size:90529 disposed:false
865 http fetch GET 200 https://registry.npmjs.org/@babel%2fhelper-module-imports 111ms (cache revalidated)
866 silly packumentCache full:https://registry.npmjs.org/@babel%2fhelper-module-imports set size:191525 disposed:false
867 http fetch GET 200 https://registry.npmjs.org/@jridgewell%2fgen-mapping 114ms (cache revalidated)
868 silly packumentCache full:https://registry.npmjs.org/@jridgewell%2fgen-mapping set size:80719 disposed:false
869 silly packumentCache full:https://registry.npmjs.org/@jridgewell%2fgen-mapping dispose
870 http fetch GET 200 https://registry.npmjs.org/@babel%2fhelper-globals 117ms (cache revalidated)
871 silly packumentCache full:https://registry.npmjs.org/@babel%2fhelper-globals set size:13624 disposed:false
872 http fetch GET 200 https://registry.npmjs.org/ms 112ms (cache revalidated)
873 silly packumentCache full:https://registry.npmjs.org/ms set size:92208 disposed:false
874 http fetch GET 200 https://registry.npmjs.org/@babel%2fhelper-string-parser 117ms (cache revalidated)
875 silly packumentCache full:https://registry.npmjs.org/@babel%2fhelper-string-parser set size:80211 disposed:false
876 silly placeDep ROOT @babel/helper-validator-identifier@7.28.5 OK for: @babel/code-frame@7.29.0 want: ^7.28.5
877 silly placeDep ROOT js-tokens@4.0.0 OK for: @babel/code-frame@7.29.0 want: ^4.0.0
878 silly placeDep ROOT picocolors@1.1.1 OK for: @babel/code-frame@7.29.0 want: ^1.1.1
879 silly placeDep node_modules/@babel/generator @babel/parser@7.29.0 OK for: @babel/generator@7.29.1 want: ^7.29.0
880 silly placeDep ROOT @jridgewell/gen-mapping@0.3.13 OK for: @babel/generator@7.29.1 want: ^0.3.12
881 silly placeDep ROOT @jridgewell/trace-mapping@0.3.31 OK for: @babel/generator@7.29.1 want: ^0.3.28
882 silly placeDep ROOT jsesc@3.1.0 OK for: @babel/generator@7.29.1 want: ^3.0.2
883 silly fetch manifest @jridgewell/sourcemap-codec@^1.5.0
884 silly packumentCache full:https://registry.npmjs.org/@jridgewell%2fsourcemap-codec cache-miss
885 silly fetch manifest @jridgewell/resolve-uri@^3.1.0
886 silly packumentCache full:https://registry.npmjs.org/@jridgewell%2fresolve-uri cache-miss
887 silly fetch manifest @jridgewell/sourcemap-codec@^1.4.14
888 silly packumentCache full:https://registry.npmjs.org/@jridgewell%2fsourcemap-codec cache-miss
889 http fetch GET 200 https://registry.npmjs.org/@jridgewell%2fsourcemap-codec 103ms (cache revalidated)
890 silly packumentCache full:https://registry.npmjs.org/@jridgewell%2fsourcemap-codec set size:59275 disposed:false
891 http fetch GET 200 https://registry.npmjs.org/@jridgewell%2fresolve-uri 108ms (cache revalidated)
892 silly packumentCache full:https://registry.npmjs.org/@jridgewell%2fresolve-uri set size:57361 disposed:false
893 http fetch GET 200 https://registry.npmjs.org/@jridgewell%2fsourcemap-codec 157ms (cache revalidated)
894 silly packumentCache full:https://registry.npmjs.org/@jridgewell%2fsourcemap-codec set size:59275 disposed:false
895 silly packumentCache full:https://registry.npmjs.org/@jridgewell%2fsourcemap-codec dispose
896 silly placeDep ROOT @babel/compat-data@7.29.0 OK for: @babel/helper-compilation-targets@7.28.6 want: ^7.28.6
897 silly placeDep ROOT @babel/helper-validator-option@7.27.1 OK for: @babel/helper-compilation-targets@7.28.6 want: ^7.27.1
898 silly placeDep ROOT browserslist@4.28.1 OK for: @babel/helper-compilation-targets@7.28.6 want: ^4.24.0
899 silly placeDep ROOT lru-cache@5.1.1 OK for: @babel/helper-compilation-targets@7.28.6 want: ^5.1.1
900 silly placeDep node_modules/@babel/helper-compilation-targets semver@6.3.1 OK for: @babel/helper-compilation-targets@7.28.6 want: ^6.3.1
901 silly fetch manifest baseline-browser-mapping@^2.9.0
902 silly packumentCache full:https://registry.npmjs.org/baseline-browser-mapping cache-miss
903 silly fetch manifest caniuse-lite@^1.0.30001759
904 silly packumentCache full:https://registry.npmjs.org/caniuse-lite cache-miss
905 silly fetch manifest electron-to-chromium@^1.5.263
906 silly packumentCache full:https://registry.npmjs.org/electron-to-chromium cache-miss
907 silly fetch manifest node-releases@^2.0.27
908 silly packumentCache full:https://registry.npmjs.org/node-releases cache-miss
909 silly fetch manifest update-browserslist-db@^1.2.0
910 silly packumentCache full:https://registry.npmjs.org/update-browserslist-db cache-miss
911 silly fetch manifest yallist@^3.0.2
912 silly packumentCache full:https://registry.npmjs.org/yallist cache-miss
913 http fetch GET 200 https://registry.npmjs.org/update-browserslist-db 94ms (cache revalidated)
914 silly packumentCache full:https://registry.npmjs.org/update-browserslist-db set size:62000 disposed:false
915 http fetch GET 200 https://registry.npmjs.org/yallist 96ms (cache revalidated)
916 silly packumentCache full:https://registry.npmjs.org/yallist set size:34610 disposed:false
917 http fetch GET 200 https://registry.npmjs.org/baseline-browser-mapping 98ms (cache revalidated)
918 silly packumentCache full:https://registry.npmjs.org/baseline-browser-mapping set size:393828 disposed:false
919 http fetch GET 200 https://registry.npmjs.org/node-releases 101ms (cache revalidated)
920 silly packumentCache full:https://registry.npmjs.org/node-releases set size:270656 disposed:false
921 http fetch GET 200 https://registry.npmjs.org/caniuse-lite 109ms (cache revalidated)
922 silly packumentCache full:https://registry.npmjs.org/caniuse-lite set size:2264818 disposed:false
923 http fetch GET 200 https://registry.npmjs.org/electron-to-chromium 421ms (cache revalidated)
924 silly packumentCache full:https://registry.npmjs.org/electron-to-chromium set size:4721700 disposed:false
925 silly placeDep ROOT @babel/helper-module-imports@7.28.6 OK for: @babel/helper-module-transforms@7.28.6 want: ^7.28.6
926 silly placeDep ROOT @babel/helper-plugin-utils@7.28.6 OK for: @babel/plugin-transform-react-jsx-self@7.27.1 want: ^7.27.1
927 silly placeDep node_modules/@babel/template @babel/parser@7.29.0 OK for: @babel/template@7.28.6 want: ^7.28.6
928 silly placeDep ROOT @babel/helper-globals@7.28.0 OK for: @babel/traverse@7.29.0 want: ^7.28.0
929 silly placeDep node_modules/@babel/traverse @babel/parser@7.29.0 OK for: @babel/traverse@7.29.0 want: ^7.29.0
930 silly placeDep ROOT @babel/helper-string-parser@7.27.1 OK for: @babel/types@7.29.0 want: ^7.27.1
931 silly placeDep ROOT @jridgewell/sourcemap-codec@1.5.5 OK for: @jridgewell/gen-mapping@0.3.13 want: ^1.5.0
932 silly placeDep ROOT @jridgewell/resolve-uri@3.1.2 OK for: @jridgewell/trace-mapping@0.3.31 want: ^3.1.0
933 silly placeDep ROOT @types/babel__generator@7.27.0 OK for: @types/babel__core@7.20.5 want: *
934 silly placeDep ROOT @types/babel__template@7.4.4 OK for: @types/babel__core@7.20.5 want: *
935 silly placeDep ROOT @types/babel__traverse@7.28.0 OK for: @types/babel__core@7.20.5 want: *
936 silly fetch manifest browserslist@>= 4.21.0
937 silly packumentCache full:https://registry.npmjs.org/browserslist cache-hit
938 silly placeDep ROOT baseline-browser-mapping@2.10.0 OK for: browserslist@4.28.1 want: ^2.9.0
939 silly placeDep ROOT caniuse-lite@1.0.30001777 OK for: browserslist@4.28.1 want: ^1.0.30001759
940 silly placeDep ROOT electron-to-chromium@1.5.307 OK for: browserslist@4.28.1 want: ^1.5.263
941 silly placeDep ROOT node-releases@2.0.36 OK for: browserslist@4.28.1 want: ^2.0.27
942 silly placeDep ROOT update-browserslist-db@1.2.3 OK for: browserslist@4.28.1 want: ^1.2.0
943 silly fetch manifest escalade@^3.2.0
944 silly packumentCache full:https://registry.npmjs.org/escalade cache-miss
945 http fetch GET 200 https://registry.npmjs.org/escalade 137ms (cache revalidated)
946 silly packumentCache full:https://registry.npmjs.org/escalade set size:33724 disposed:false
947 silly placeDep ROOT icss-utils@5.1.0 OK for: css-loader@5.2.7 want: ^5.1.0
948 silly placeDep ROOT postcss@8.5.8 OK for: icss-utils@5.1.0 want: ^8.1.0
949 silly placeDep ROOT loader-utils@2.0.4 OK for: css-loader@5.2.7 want: ^2.0.0
950 silly placeDep ROOT postcss-modules-extract-imports@3.1.0 OK for: css-loader@5.2.7 want: ^3.0.0
951 silly placeDep ROOT postcss-modules-local-by-default@4.2.0 OK for: css-loader@5.2.7 want: ^4.0.0
952 silly placeDep ROOT postcss-modules-scope@3.2.1 OK for: css-loader@5.2.7 want: ^3.0.0
953 silly placeDep ROOT postcss-modules-values@4.0.0 OK for: css-loader@5.2.7 want: ^4.0.0
954 silly placeDep ROOT postcss-value-parser@4.2.0 OK for: css-loader@5.2.7 want: ^4.1.0
955 silly placeDep ROOT schema-utils@3.3.0 OK for: css-loader@5.2.7 want: ^3.0.0
956 silly fetch manifest nanoid@^3.3.11
957 silly packumentCache full:https://registry.npmjs.org/nanoid cache-miss
958 silly fetch manifest source-map-js@^1.2.1
959 silly packumentCache full:https://registry.npmjs.org/source-map-js cache-miss
960 silly fetch manifest big.js@^5.2.2
961 silly packumentCache full:https://registry.npmjs.org/big.js cache-miss
962 silly fetch manifest emojis-list@^3.0.0
963 silly packumentCache full:https://registry.npmjs.org/emojis-list cache-miss
964 silly fetch manifest postcss-selector-parser@^7.0.0
965 silly packumentCache full:https://registry.npmjs.org/postcss-selector-parser cache-miss
966 silly fetch manifest postcss-selector-parser@^7.0.0
967 silly packumentCache full:https://registry.npmjs.org/postcss-selector-parser cache-miss
968 silly fetch manifest ajv@^6.12.5
969 silly packumentCache full:https://registry.npmjs.org/ajv cache-miss
970 http fetch GET 200 https://registry.npmjs.org/postcss-selector-parser 82ms (cache revalidated)
971 silly packumentCache full:https://registry.npmjs.org/postcss-selector-parser set size:177140 disposed:false
972 silly fetch manifest ajv-keywords@^3.5.2
973 silly packumentCache full:https://registry.npmjs.org/ajv-keywords cache-miss
974 http fetch GET 200 https://registry.npmjs.org/emojis-list 87ms (cache revalidated)
975 silly packumentCache full:https://registry.npmjs.org/emojis-list set size:17790 disposed:false
976 silly fetch manifest @types/json-schema@^7.0.8
977 silly packumentCache full:https://registry.npmjs.org/@types%2fjson-schema cache-miss
978 http fetch GET 200 https://registry.npmjs.org/big.js 88ms (cache revalidated)
979 silly packumentCache full:https://registry.npmjs.org/big.js set size:75813 disposed:false
980 http fetch GET 200 https://registry.npmjs.org/nanoid 89ms (cache revalidated)
981 silly packumentCache full:https://registry.npmjs.org/nanoid set size:298419 disposed:false
982 http fetch GET 200 https://registry.npmjs.org/source-map-js 94ms (cache revalidated)
983 silly packumentCache full:https://registry.npmjs.org/source-map-js set size:62640 disposed:false
984 http fetch GET 200 https://registry.npmjs.org/ajv 95ms (cache revalidated)
985 silly packumentCache full:https://registry.npmjs.org/ajv set size:1120197 disposed:false
986 http fetch GET 200 https://registry.npmjs.org/postcss-selector-parser 104ms (cache revalidated)
987 silly packumentCache full:https://registry.npmjs.org/postcss-selector-parser set size:177140 disposed:false
988 silly packumentCache full:https://registry.npmjs.org/postcss-selector-parser dispose
989 http fetch GET 200 https://registry.npmjs.org/ajv-keywords 76ms (cache revalidated)
990 silly packumentCache full:https://registry.npmjs.org/ajv-keywords set size:310004 disposed:false
991 http fetch GET 200 https://registry.npmjs.org/@types%2fjson-schema 125ms (cache revalidated)
992 silly packumentCache full:https://registry.npmjs.org/@types%2fjson-schema set size:44704 disposed:false
993 silly placeDep ROOT ms@2.1.3 OK for: debug@4.4.3 want: ^2.1.3
994 silly placeDep ROOT @esbuild/aix-ppc64@0.25.0 OK for: esbuild@0.25.0 want: 0.25.0
995 silly placeDep ROOT @esbuild/android-arm@0.25.0 OK for: esbuild@0.25.0 want: 0.25.0
996 silly placeDep ROOT @esbuild/android-arm64@0.25.0 OK for: esbuild@0.25.0 want: 0.25.0
997 silly placeDep ROOT @esbuild/android-x64@0.25.0 OK for: esbuild@0.25.0 want: 0.25.0
998 silly placeDep ROOT @esbuild/darwin-arm64@0.25.0 OK for: esbuild@0.25.0 want: 0.25.0
999 silly placeDep ROOT @esbuild/darwin-x64@0.25.0 OK for: esbuild@0.25.0 want: 0.25.0
1000 silly placeDep ROOT @esbuild/freebsd-arm64@0.25.0 OK for: esbuild@0.25.0 want: 0.25.0
1001 silly placeDep ROOT @esbuild/freebsd-x64@0.25.0 OK for: esbuild@0.25.0 want: 0.25.0
1002 silly placeDep ROOT @esbuild/linux-arm@0.25.0 OK for: esbuild@0.25.0 want: 0.25.0
1003 silly placeDep ROOT @esbuild/linux-arm64@0.25.0 OK for: esbuild@0.25.0 want: 0.25.0
1004 silly placeDep ROOT @esbuild/linux-ia32@0.25.0 OK for: esbuild@0.25.0 want: 0.25.0
1005 silly placeDep ROOT @esbuild/linux-loong64@0.25.0 OK for: esbuild@0.25.0 want: 0.25.0
1006 silly placeDep ROOT @esbuild/linux-mips64el@0.25.0 OK for: esbuild@0.25.0 want: 0.25.0
1007 silly placeDep ROOT @esbuild/linux-ppc64@0.25.0 OK for: esbuild@0.25.0 want: 0.25.0
1008 silly placeDep ROOT @esbuild/linux-riscv64@0.25.0 OK for: esbuild@0.25.0 want: 0.25.0
1009 silly placeDep ROOT @esbuild/linux-s390x@0.25.0 OK for: esbuild@0.25.0 want: 0.25.0
1010 silly placeDep ROOT @esbuild/linux-x64@0.25.0 OK for: esbuild@0.25.0 want: 0.25.0
1011 silly placeDep ROOT @esbuild/netbsd-arm64@0.25.0 OK for: esbuild@0.25.0 want: 0.25.0
1012 silly placeDep ROOT @esbuild/netbsd-x64@0.25.0 OK for: esbuild@0.25.0 want: 0.25.0
1013 silly placeDep ROOT @esbuild/openbsd-arm64@0.25.0 OK for: esbuild@0.25.0 want: 0.25.0
1014 silly placeDep ROOT @esbuild/openbsd-x64@0.25.0 OK for: esbuild@0.25.0 want: 0.25.0
1015 silly placeDep ROOT @esbuild/sunos-x64@0.25.0 OK for: esbuild@0.25.0 want: 0.25.0
1016 silly placeDep ROOT @esbuild/win32-arm64@0.25.0 OK for: esbuild@0.25.0 want: 0.25.0
1017 silly placeDep ROOT @esbuild/win32-ia32@0.25.0 OK for: esbuild@0.25.0 want: 0.25.0
1018 silly placeDep ROOT @esbuild/win32-x64@0.25.0 OK for: esbuild@0.25.0 want: 0.25.0
1019 silly placeDep ROOT cross-spawn@7.0.6 OK for: execa@5.1.1 want: ^7.0.3
1020 silly placeDep ROOT get-stream@6.0.1 OK for: execa@5.1.1 want: ^6.0.0
1021 silly placeDep ROOT human-signals@2.1.0 OK for: execa@5.1.1 want: ^2.1.0
1022 silly placeDep ROOT is-stream@2.0.1 OK for: execa@5.1.1 want: ^2.0.0
1023 silly placeDep ROOT merge-stream@2.0.0 OK for: execa@5.1.1 want: ^2.0.0
1024 silly placeDep ROOT npm-run-path@4.0.1 OK for: execa@5.1.1 want: ^4.0.1
1025 silly placeDep ROOT onetime@5.1.2 OK for: execa@5.1.1 want: ^5.1.2
1026 silly placeDep ROOT signal-exit@3.0.7 OK for: execa@5.1.1 want: ^3.0.3
1027 silly placeDep ROOT strip-final-newline@2.0.0 OK for: execa@5.1.1 want: ^2.0.0
1028 silly fetch manifest which@^2.0.1
1029 silly packumentCache full:https://registry.npmjs.org/which cache-miss
1030 silly fetch manifest path-key@^3.1.0
1031 silly packumentCache full:https://registry.npmjs.org/path-key cache-miss
1032 silly fetch manifest shebang-command@^2.0.0
1033 silly packumentCache full:https://registry.npmjs.org/shebang-command cache-miss
1034 silly fetch manifest path-key@^3.0.0
1035 silly packumentCache full:https://registry.npmjs.org/path-key cache-miss
1036 silly fetch manifest mimic-fn@^2.1.0
1037 silly packumentCache full:https://registry.npmjs.org/mimic-fn cache-miss
1038 http fetch GET 200 https://registry.npmjs.org/path-key 86ms (cache revalidated)
1039 silly packumentCache full:https://registry.npmjs.org/path-key set size:16975 disposed:false
1040 http fetch GET 200 https://registry.npmjs.org/path-key 96ms (cache revalidated)
1041 silly packumentCache full:https://registry.npmjs.org/path-key set size:16975 disposed:false
1042 silly packumentCache full:https://registry.npmjs.org/path-key dispose
1043 http fetch GET 200 https://registry.npmjs.org/shebang-command 102ms (cache revalidated)
1044 silly packumentCache full:https://registry.npmjs.org/shebang-command set size:8525 disposed:false
1045 http fetch GET 200 https://registry.npmjs.org/mimic-fn 103ms (cache revalidated)
1046 silly packumentCache full:https://registry.npmjs.org/mimic-fn set size:22257 disposed:false
1047 http fetch GET 200 https://registry.npmjs.org/which 386ms (cache revalidated)
1048 silly packumentCache full:https://registry.npmjs.org/which set size:67805 disposed:false
1049 silly placeDep ROOT path-key@3.1.1 OK for: cross-spawn@7.0.6 want: ^3.1.0
1050 silly placeDep ROOT shebang-command@2.0.0 OK for: cross-spawn@7.0.6 want: ^2.0.0
1051 silly placeDep ROOT which@2.0.2 OK for: cross-spawn@7.0.6 want: ^2.0.1
1052 silly fetch manifest shebang-regex@^3.0.0
1053 silly packumentCache full:https://registry.npmjs.org/shebang-regex cache-miss
1054 silly fetch manifest isexe@^2.0.0
1055 silly packumentCache full:https://registry.npmjs.org/isexe cache-miss
1056 http fetch GET 200 https://registry.npmjs.org/isexe 82ms (cache revalidated)
1057 silly packumentCache full:https://registry.npmjs.org/isexe set size:31756 disposed:false
1058 http fetch GET 200 https://registry.npmjs.org/shebang-regex 90ms (cache revalidated)
1059 silly packumentCache full:https://registry.npmjs.org/shebang-regex set size:9763 disposed:false
1060 silly placeDep ROOT @types/yauzl@2.10.3 OK for: extract-zip@2.0.1 want: ^2.9.1
1061 silly placeDep node_modules/extract-zip get-stream@5.2.0 OK for: extract-zip@2.0.1 want: ^5.1.0
1062 silly placeDep ROOT yauzl@2.10.0 OK for: extract-zip@2.0.1 want: ^2.10.0
1063 silly fetch manifest @types/node@*
1064 silly packumentCache full:https://registry.npmjs.org/@types%2fnode cache-miss
1065 silly fetch manifest pump@^3.0.0
1066 silly packumentCache full:https://registry.npmjs.org/pump cache-miss
1067 silly fetch manifest fd-slicer@~1.1.0
1068 silly packumentCache full:https://registry.npmjs.org/fd-slicer cache-miss
1069 silly fetch manifest buffer-crc32@~0.2.3
1070 silly packumentCache full:https://registry.npmjs.org/buffer-crc32 cache-miss
1071 http cache https://registry.npmjs.org/@types%2fnode 25ms (cache hit)
1072 silly packumentCache full:https://registry.npmjs.org/@types%2fnode set size:10932649 disposed:false
1073 http fetch GET 200 https://registry.npmjs.org/fd-slicer 99ms (cache revalidated)
1074 silly packumentCache full:https://registry.npmjs.org/fd-slicer set size:25525 disposed:false
1075 http fetch GET 200 https://registry.npmjs.org/pump 100ms (cache revalidated)
1076 silly packumentCache full:https://registry.npmjs.org/pump set size:41178 disposed:false
1077 http fetch GET 200 https://registry.npmjs.org/buffer-crc32 370ms (cache revalidated)
1078 silly packumentCache full:https://registry.npmjs.org/buffer-crc32 set size:58100 disposed:false
1079 silly placeDep ROOT @types/node@25.3.5 OK for: @types/yauzl@2.10.3 want: *
1080 silly fetch manifest undici-types@~7.18.0
1081 silly packumentCache full:https://registry.npmjs.org/undici-types cache-miss
1082 http fetch GET 200 https://registry.npmjs.org/undici-types 94ms (cache revalidated)
1083 silly packumentCache full:https://registry.npmjs.org/undici-types set size:171546 disposed:false
1084 silly placeDep ROOT undici-types@7.18.2 OK for: @types/node@25.3.5 want: ~7.18.0
1085 silly placeDep ROOT commander@8.3.0 OK for: katex@0.16.38 want: ^8.3.0
1086 silly placeDep ROOT big.js@5.2.2 OK for: loader-utils@2.0.4 want: ^5.2.2
1087 silly placeDep ROOT emojis-list@3.0.0 OK for: loader-utils@2.0.4 want: ^3.0.0
1088 silly placeDep ROOT yallist@3.1.1 OK for: lru-cache@5.1.1 want: ^3.0.2
1089 silly placeDep ROOT fs-monkey@1.0.3 OK for: memfs@3.4.3 want: 1.0.3
1090 silly placeDep ROOT mimic-fn@2.1.0 OK for: onetime@5.1.2 want: ^2.1.0
1091 silly placeDep ROOT define-lazy-prop@2.0.0 OK for: open@8.4.2 want: ^2.0.0
1092 silly placeDep ROOT is-docker@2.2.1 OK for: open@8.4.2 want: ^2.1.1
1093 silly placeDep ROOT is-wsl@2.2.0 OK for: open@8.4.2 want: ^2.2.0
1094 silly placeDep ROOT nanoid@3.3.11 OK for: postcss@8.5.8 want: ^3.3.11
1095 silly placeDep ROOT source-map-js@1.2.1 OK for: postcss@8.5.8 want: ^1.2.1
1096 silly placeDep ROOT postcss-selector-parser@7.1.1 OK for: postcss-modules-local-by-default@4.2.0 want: ^7.0.0
1097 silly fetch manifest cssesc@^3.0.0
1098 silly packumentCache full:https://registry.npmjs.org/cssesc cache-miss
1099 silly fetch manifest util-deprecate@^1.0.2
1100 silly packumentCache full:https://registry.npmjs.org/util-deprecate cache-miss
1101 http fetch GET 200 https://registry.npmjs.org/util-deprecate 81ms (cache revalidated)
1102 silly packumentCache full:https://registry.npmjs.org/util-deprecate set size:6674 disposed:false
1103 http fetch GET 200 https://registry.npmjs.org/cssesc 86ms (cache revalidated)
1104 silly packumentCache full:https://registry.npmjs.org/cssesc set size:18815 disposed:false
1105 silly placeDep ROOT cssesc@3.0.0 OK for: postcss-selector-parser@7.1.1 want: ^3.0.0
1106 silly placeDep ROOT util-deprecate@1.0.2 OK for: postcss-selector-parser@7.1.1 want: ^1.0.2
1107 silly placeDep ROOT kleur@3.0.3 OK for: prompts@2.4.2 want: ^3.0.3
1108 silly placeDep ROOT sisteransi@1.0.5 OK for: prompts@2.4.2 want: ^1.0.5
1109 silly placeDep ROOT loose-envify@1.4.0 OK for: prop-types@15.8.1 want: ^1.4.0
1110 silly placeDep ROOT object-assign@4.1.1 OK for: prop-types@15.8.1 want: ^4.1.1
1111 silly placeDep ROOT react-is@16.13.1 OK for: prop-types@15.8.1 want: ^16.13.1
1112 silly placeDep ROOT scheduler@0.23.2 OK for: react-dom@18.3.1 want: ^0.23.2
1113 silly placeDep ROOT ast-types@0.16.1 OK for: recast@0.23.9 want: ^0.16.1
1114 silly placeDep ROOT esprima@4.0.1 OK for: recast@0.23.9 want: ~4.0.0
1115 silly placeDep node_modules/recast source-map@0.6.1 OK for: recast@0.23.9 want: ~0.6.1
1116 silly placeDep ROOT tiny-invariant@1.3.3 OK for: recast@0.23.9 want: ^1.3.3
1117 silly placeDep ROOT tslib@2.8.1 OK for: recast@0.23.9 want: ^2.0.1
1118 silly placeDep ROOT @types/json-schema@7.0.15 OK for: schema-utils@3.3.0 want: ^7.0.8
1119 silly placeDep ROOT ajv@6.14.0 OK for: schema-utils@3.3.0 want: ^6.12.5
1120 silly placeDep ROOT ajv-keywords@3.5.2 OK for: schema-utils@3.3.0 want: ^3.5.2
1121 silly fetch manifest fast-deep-equal@^3.1.1
1122 silly packumentCache full:https://registry.npmjs.org/fast-deep-equal cache-miss
1123 silly fetch manifest fast-json-stable-stringify@^2.0.0
1124 silly packumentCache full:https://registry.npmjs.org/fast-json-stable-stringify cache-miss
1125 silly fetch manifest json-schema-traverse@^0.4.1
1126 silly packumentCache full:https://registry.npmjs.org/json-schema-traverse cache-miss
1127 silly fetch manifest uri-js@^4.2.2
1128 silly packumentCache full:https://registry.npmjs.org/uri-js cache-miss
1129 http fetch GET 200 https://registry.npmjs.org/fast-deep-equal 83ms (cache revalidated)
1130 silly packumentCache full:https://registry.npmjs.org/fast-deep-equal set size:48634 disposed:false
1131 http fetch GET 200 https://registry.npmjs.org/uri-js 87ms (cache revalidated)
1132 silly packumentCache full:https://registry.npmjs.org/uri-js set size:42559 disposed:false
1133 http fetch GET 200 https://registry.npmjs.org/fast-json-stable-stringify 93ms (cache revalidated)
1134 silly packumentCache full:https://registry.npmjs.org/fast-json-stable-stringify set size:11337 disposed:false
1135 http fetch GET 200 https://registry.npmjs.org/json-schema-traverse 93ms (cache revalidated)
1136 silly packumentCache full:https://registry.npmjs.org/json-schema-traverse set size:23537 disposed:false
1137 silly placeDep ROOT fast-deep-equal@3.1.3 OK for: ajv@6.14.0 want: ^3.1.1
1138 silly placeDep ROOT fast-json-stable-stringify@2.1.0 OK for: ajv@6.14.0 want: ^2.0.0
1139 silly placeDep ROOT json-schema-traverse@0.4.1 OK for: ajv@6.14.0 want: ^0.4.1
1140 silly placeDep ROOT uri-js@4.4.1 OK for: ajv@6.14.0 want: ^4.2.2
1141 silly fetch manifest punycode@^2.1.0
1142 silly packumentCache full:https://registry.npmjs.org/punycode cache-miss
1143 http fetch GET 200 https://registry.npmjs.org/punycode 86ms (cache revalidated)
1144 silly packumentCache full:https://registry.npmjs.org/punycode set size:61302 disposed:false
1145 silly placeDep node_modules/semver lru-cache@6.0.0 OK for: semver@7.5.3 want: ^6.0.0
1146 silly fetch manifest yallist@^4.0.0
1147 silly packumentCache full:https://registry.npmjs.org/yallist cache-hit
1148 silly placeDep ROOT shebang-regex@3.0.0 OK for: shebang-command@2.0.0 want: ^3.0.0
1149 silly placeDep ROOT escalade@3.2.0 OK for: update-browserslist-db@1.2.3 want: ^3.2.0
1150 silly placeDep ROOT punycode@2.3.1 OK for: uri-js@4.4.1 want: ^2.1.0
1151 silly placeDep node_modules/vite esbuild@0.27.3 OK for: vite@7.3.1 want: ^0.27.0
1152 silly placeDep ROOT fdir@6.5.0 OK for: vite@7.3.1 want: ^6.5.0
1153 silly placeDep ROOT fsevents@2.3.3 OK for: vite@7.3.1 want: ~2.3.3
1154 silly placeDep ROOT picomatch@4.0.3 OK for: vite@7.3.1 want: ^4.0.3
1155 silly placeDep ROOT rollup@4.59.0 OK for: vite@7.3.1 want: ^4.43.0
1156 silly placeDep ROOT tinyglobby@0.2.15 OK for: vite@7.3.1 want: ^0.2.15
1157 silly fetch manifest @esbuild/aix-ppc64@0.27.3
1158 silly packumentCache full:https://registry.npmjs.org/@esbuild%2faix-ppc64 cache-hit
1159 silly fetch manifest @esbuild/android-arm@0.27.3
1160 silly packumentCache full:https://registry.npmjs.org/@esbuild%2fandroid-arm cache-hit
1161 silly fetch manifest @esbuild/android-arm64@0.27.3
1162 silly packumentCache full:https://registry.npmjs.org/@esbuild%2fandroid-arm64 cache-hit
1163 silly fetch manifest @esbuild/android-x64@0.27.3
1164 silly packumentCache full:https://registry.npmjs.org/@esbuild%2fandroid-x64 cache-hit
1165 silly fetch manifest @esbuild/darwin-arm64@0.27.3
1166 silly packumentCache full:https://registry.npmjs.org/@esbuild%2fdarwin-arm64 cache-hit
1167 silly fetch manifest @esbuild/darwin-x64@0.27.3
1168 silly packumentCache full:https://registry.npmjs.org/@esbuild%2fdarwin-x64 cache-hit
1169 silly fetch manifest @esbuild/freebsd-arm64@0.27.3
1170 silly packumentCache full:https://registry.npmjs.org/@esbuild%2ffreebsd-arm64 cache-hit
1171 silly fetch manifest @esbuild/freebsd-x64@0.27.3
1172 silly packumentCache full:https://registry.npmjs.org/@esbuild%2ffreebsd-x64 cache-hit
1173 silly fetch manifest @esbuild/linux-arm@0.27.3
1174 silly packumentCache full:https://registry.npmjs.org/@esbuild%2flinux-arm cache-hit
1175 silly fetch manifest @esbuild/linux-arm64@0.27.3
1176 silly packumentCache full:https://registry.npmjs.org/@esbuild%2flinux-arm64 cache-hit
1177 silly fetch manifest @esbuild/linux-ia32@0.27.3
1178 silly packumentCache full:https://registry.npmjs.org/@esbuild%2flinux-ia32 cache-hit
1179 silly fetch manifest @esbuild/linux-loong64@0.27.3
1180 silly packumentCache full:https://registry.npmjs.org/@esbuild%2flinux-loong64 cache-hit
1181 silly fetch manifest @esbuild/linux-mips64el@0.27.3
1182 silly packumentCache full:https://registry.npmjs.org/@esbuild%2flinux-mips64el cache-hit
1183 silly fetch manifest @esbuild/linux-ppc64@0.27.3
1184 silly packumentCache full:https://registry.npmjs.org/@esbuild%2flinux-ppc64 cache-hit
1185 silly fetch manifest @esbuild/linux-riscv64@0.27.3
1186 silly packumentCache full:https://registry.npmjs.org/@esbuild%2flinux-riscv64 cache-hit
1187 silly fetch manifest @esbuild/linux-s390x@0.27.3
1188 silly packumentCache full:https://registry.npmjs.org/@esbuild%2flinux-s390x cache-hit
1189 silly fetch manifest @esbuild/linux-x64@0.27.3
1190 silly packumentCache full:https://registry.npmjs.org/@esbuild%2flinux-x64 cache-hit
1191 silly fetch manifest @esbuild/netbsd-arm64@0.27.3
1192 silly packumentCache full:https://registry.npmjs.org/@esbuild%2fnetbsd-arm64 cache-hit
1193 silly fetch manifest @esbuild/netbsd-x64@0.27.3
1194 silly packumentCache full:https://registry.npmjs.org/@esbuild%2fnetbsd-x64 cache-hit
1195 silly fetch manifest @esbuild/openbsd-arm64@0.27.3
1196 silly packumentCache full:https://registry.npmjs.org/@esbuild%2fopenbsd-arm64 cache-hit
1197 silly fetch manifest @esbuild/openbsd-x64@0.27.3
1198 silly packumentCache full:https://registry.npmjs.org/@esbuild%2fopenbsd-x64 cache-hit
1199 silly fetch manifest @esbuild/openharmony-arm64@0.27.3
1200 silly packumentCache full:https://registry.npmjs.org/@esbuild%2fopenharmony-arm64 cache-miss
1201 silly fetch manifest @esbuild/sunos-x64@0.27.3
1202 silly packumentCache full:https://registry.npmjs.org/@esbuild%2fsunos-x64 cache-hit
1203 silly fetch manifest @esbuild/win32-arm64@0.27.3
1204 silly packumentCache full:https://registry.npmjs.org/@esbuild%2fwin32-arm64 cache-hit
1205 silly fetch manifest @esbuild/win32-ia32@0.27.3
1206 silly packumentCache full:https://registry.npmjs.org/@esbuild%2fwin32-ia32 cache-hit
1207 silly fetch manifest @esbuild/win32-x64@0.27.3
1208 silly packumentCache full:https://registry.npmjs.org/@esbuild%2fwin32-x64 cache-hit
1209 silly fetch manifest @types/estree@1.0.8
1210 silly packumentCache full:https://registry.npmjs.org/@types%2festree cache-hit
1211 silly fetch manifest @rollup/rollup-darwin-arm64@4.59.0
1212 silly packumentCache full:https://registry.npmjs.org/@rollup%2frollup-darwin-arm64 cache-miss
1213 silly fetch manifest @rollup/rollup-android-arm64@4.59.0
1214 silly packumentCache full:https://registry.npmjs.org/@rollup%2frollup-android-arm64 cache-miss
1215 silly fetch manifest @rollup/rollup-win32-arm64-msvc@4.59.0
1216 silly packumentCache full:https://registry.npmjs.org/@rollup%2frollup-win32-arm64-msvc cache-miss
1217 silly fetch manifest @rollup/rollup-freebsd-arm64@4.59.0
1218 silly packumentCache full:https://registry.npmjs.org/@rollup%2frollup-freebsd-arm64 cache-miss
1219 silly fetch manifest @rollup/rollup-linux-arm64-gnu@4.59.0
1220 silly packumentCache full:https://registry.npmjs.org/@rollup%2frollup-linux-arm64-gnu cache-miss
1221 silly fetch manifest @rollup/rollup-linux-arm64-musl@4.59.0
1222 silly packumentCache full:https://registry.npmjs.org/@rollup%2frollup-linux-arm64-musl cache-miss
1223 http fetch GET 200 https://registry.npmjs.org/@rollup%2frollup-darwin-arm64 95ms (cache revalidated)
1224 silly packumentCache full:https://registry.npmjs.org/@rollup%2frollup-darwin-arm64 set size:326593 disposed:false
1225 silly fetch manifest @rollup/rollup-android-arm-eabi@4.59.0
1226 silly packumentCache full:https://registry.npmjs.org/@rollup%2frollup-android-arm-eabi cache-miss
1227 http fetch GET 200 https://registry.npmjs.org/@rollup%2frollup-freebsd-arm64 106ms (cache revalidated)
1228 silly packumentCache full:https://registry.npmjs.org/@rollup%2frollup-freebsd-arm64 set size:176248 disposed:false
1229 silly fetch manifest @rollup/rollup-linux-arm-gnueabihf@4.59.0
1230 silly packumentCache full:https://registry.npmjs.org/@rollup%2frollup-linux-arm-gnueabihf cache-miss
1231 http fetch GET 200 https://registry.npmjs.org/@rollup%2frollup-linux-arm64-musl 108ms (cache revalidated)
1232 silly packumentCache full:https://registry.npmjs.org/@rollup%2frollup-linux-arm64-musl set size:288863 disposed:false
1233 silly fetch manifest @rollup/rollup-linux-arm-musleabihf@4.59.0
1234 silly packumentCache full:https://registry.npmjs.org/@rollup%2frollup-linux-arm-musleabihf cache-miss
1235 http fetch GET 200 https://registry.npmjs.org/@esbuild%2fopenharmony-arm64 111ms (cache revalidated)
1236 silly packumentCache full:https://registry.npmjs.org/@esbuild%2fopenharmony-arm64 set size:21007 disposed:false
1237 silly fetch manifest @rollup/rollup-win32-ia32-msvc@4.59.0
1238 silly packumentCache full:https://registry.npmjs.org/@rollup%2frollup-win32-ia32-msvc cache-miss
1239 http fetch GET 200 https://registry.npmjs.org/@rollup%2frollup-android-arm64 112ms (cache revalidated)
1240 silly packumentCache full:https://registry.npmjs.org/@rollup%2frollup-android-arm64 set size:328041 disposed:false
1241 silly fetch manifest @rollup/rollup-linux-loong64-gnu@4.59.0
1242 silly packumentCache full:https://registry.npmjs.org/@rollup%2frollup-linux-loong64-gnu cache-miss
1243 http fetch GET 200 https://registry.npmjs.org/@rollup%2frollup-android-arm-eabi 101ms (cache revalidated)
1244 silly packumentCache full:https://registry.npmjs.org/@rollup%2frollup-android-arm-eabi set size:331331 disposed:false
1245 silly fetch manifest @rollup/rollup-linux-loong64-musl@4.59.0
1246 silly packumentCache full:https://registry.npmjs.org/@rollup%2frollup-linux-loong64-musl cache-miss
1247 http fetch GET 200 https://registry.npmjs.org/@rollup%2frollup-linux-loong64-gnu 106ms (cache revalidated)
1248 silly packumentCache full:https://registry.npmjs.org/@rollup%2frollup-linux-loong64-gnu set size:57876 disposed:false
1249 silly fetch manifest @rollup/rollup-linux-riscv64-gnu@4.59.0
1250 silly packumentCache full:https://registry.npmjs.org/@rollup%2frollup-linux-riscv64-gnu cache-miss
1251 http fetch GET 200 https://registry.npmjs.org/@rollup%2frollup-linux-arm-gnueabihf 114ms (cache revalidated)
1252 silly packumentCache full:https://registry.npmjs.org/@rollup%2frollup-linux-arm-gnueabihf set size:336850 disposed:false
1253 silly fetch manifest @rollup/rollup-linux-riscv64-musl@4.59.0
1254 silly packumentCache full:https://registry.npmjs.org/@rollup%2frollup-linux-riscv64-musl cache-miss
1255 http fetch GET 200 https://registry.npmjs.org/@rollup%2frollup-linux-arm-musleabihf 121ms (cache revalidated)
1256 silly packumentCache full:https://registry.npmjs.org/@rollup%2frollup-linux-arm-musleabihf set size:230992 disposed:false
1257 silly fetch manifest @rollup/rollup-linux-ppc64-gnu@4.59.0
1258 silly packumentCache full:https://registry.npmjs.org/@rollup%2frollup-linux-ppc64-gnu cache-miss
1259 http fetch GET 200 https://registry.npmjs.org/@rollup%2frollup-win32-ia32-msvc 128ms (cache revalidated)
1260 silly packumentCache full:https://registry.npmjs.org/@rollup%2frollup-win32-ia32-msvc set size:329889 disposed:false
1261 silly fetch manifest @rollup/rollup-linux-ppc64-musl@4.59.0
1262 silly packumentCache full:https://registry.npmjs.org/@rollup%2frollup-linux-ppc64-musl cache-miss
1263 http fetch GET 200 https://registry.npmjs.org/@rollup%2frollup-linux-loong64-musl 102ms (cache revalidated)
1264 silly packumentCache full:https://registry.npmjs.org/@rollup%2frollup-linux-loong64-musl set size:19845 disposed:false
1265 silly fetch manifest @rollup/rollup-linux-s390x-gnu@4.59.0
1266 silly packumentCache full:https://registry.npmjs.org/@rollup%2frollup-linux-s390x-gnu cache-miss
1267 http fetch GET 200 https://registry.npmjs.org/@rollup%2frollup-linux-riscv64-musl 96ms (cache revalidated)
1268 silly packumentCache full:https://registry.npmjs.org/@rollup%2frollup-linux-riscv64-musl set size:105510 disposed:false
1269 silly fetch manifest @rollup/rollup-darwin-x64@4.59.0
1270 silly packumentCache full:https://registry.npmjs.org/@rollup%2frollup-darwin-x64 cache-miss
1271 http fetch GET 200 https://registry.npmjs.org/@rollup%2frollup-linux-ppc64-musl 100ms (cache revalidated)
1272 silly packumentCache full:https://registry.npmjs.org/@rollup%2frollup-linux-ppc64-musl set size:19680 disposed:false
1273 silly fetch manifest @rollup/rollup-win32-x64-gnu@4.59.0
1274 silly packumentCache full:https://registry.npmjs.org/@rollup%2frollup-win32-x64-gnu cache-miss
1275 http fetch GET 200 https://registry.npmjs.org/@rollup%2frollup-linux-ppc64-gnu 115ms (cache revalidated)
1276 silly packumentCache full:https://registry.npmjs.org/@rollup%2frollup-linux-ppc64-gnu set size:78190 disposed:false
1277 silly fetch manifest @rollup/rollup-win32-x64-msvc@4.59.0
1278 silly packumentCache full:https://registry.npmjs.org/@rollup%2frollup-win32-x64-msvc cache-miss
1279 http fetch GET 200 https://registry.npmjs.org/@rollup%2frollup-linux-riscv64-gnu 132ms (cache revalidated)
1280 silly packumentCache full:https://registry.npmjs.org/@rollup%2frollup-linux-riscv64-gnu set size:259562 disposed:false
1281 silly fetch manifest @rollup/rollup-freebsd-x64@4.59.0
1282 silly packumentCache full:https://registry.npmjs.org/@rollup%2frollup-freebsd-x64 cache-miss
1283 http fetch GET 200 https://registry.npmjs.org/@rollup%2frollup-linux-arm64-gnu 382ms (cache revalidated)
1284 silly packumentCache full:https://registry.npmjs.org/@rollup%2frollup-linux-arm64-gnu set size:333515 disposed:false
1285 silly fetch manifest @rollup/rollup-linux-x64-gnu@4.59.0
1286 silly packumentCache full:https://registry.npmjs.org/@rollup%2frollup-linux-x64-gnu cache-miss
1287 http fetch GET 200 https://registry.npmjs.org/@rollup%2frollup-win32-arm64-msvc 393ms (cache revalidated)
1288 silly packumentCache full:https://registry.npmjs.org/@rollup%2frollup-win32-arm64-msvc set size:331325 disposed:false
1289 silly fetch manifest @rollup/rollup-linux-x64-musl@4.59.0
1290 silly packumentCache full:https://registry.npmjs.org/@rollup%2frollup-linux-x64-musl cache-miss
1291 http fetch GET 200 https://registry.npmjs.org/@rollup%2frollup-linux-s390x-gnu 107ms (cache revalidated)
1292 silly packumentCache full:https://registry.npmjs.org/@rollup%2frollup-linux-s390x-gnu set size:233358 disposed:false
1293 silly fetch manifest @rollup/rollup-openbsd-x64@4.59.0
1294 silly packumentCache full:https://registry.npmjs.org/@rollup%2frollup-openbsd-x64 cache-miss
1295 http fetch GET 200 https://registry.npmjs.org/@rollup%2frollup-darwin-x64 107ms (cache revalidated)
1296 silly packumentCache full:https://registry.npmjs.org/@rollup%2frollup-darwin-x64 set size:321884 disposed:false
1297 silly fetch manifest @rollup/rollup-openharmony-arm64@4.59.0
1298 silly packumentCache full:https://registry.npmjs.org/@rollup%2frollup-openharmony-arm64 cache-miss
1299 http fetch GET 200 https://registry.npmjs.org/@rollup%2frollup-win32-x64-gnu 99ms (cache revalidated)
1300 silly packumentCache full:https://registry.npmjs.org/@rollup%2frollup-win32-x64-gnu set size:49709 disposed:false
1301 http fetch GET 200 https://registry.npmjs.org/@rollup%2frollup-win32-x64-msvc 107ms (cache revalidated)
1302 silly packumentCache full:https://registry.npmjs.org/@rollup%2frollup-win32-x64-msvc set size:326588 disposed:false
1303 http fetch GET 200 https://registry.npmjs.org/@rollup%2frollup-linux-x64-gnu 102ms (cache revalidated)
1304 silly packumentCache full:https://registry.npmjs.org/@rollup%2frollup-linux-x64-gnu set size:328744 disposed:false
1305 http fetch GET 200 https://registry.npmjs.org/@rollup%2frollup-openbsd-x64 104ms (cache revalidated)
1306 silly packumentCache full:https://registry.npmjs.org/@rollup%2frollup-openbsd-x64 set size:19171 disposed:false
1307 http fetch GET 200 https://registry.npmjs.org/@rollup%2frollup-openharmony-arm64 101ms (cache revalidated)
1308 silly packumentCache full:https://registry.npmjs.org/@rollup%2frollup-openharmony-arm64 set size:58833 disposed:false
1309 http fetch GET 200 https://registry.npmjs.org/@rollup%2frollup-linux-x64-musl 357ms (cache revalidated)
1310 silly packumentCache full:https://registry.npmjs.org/@rollup%2frollup-linux-x64-musl set size:328061 disposed:false
1311 http fetch GET 200 https://registry.npmjs.org/@rollup%2frollup-freebsd-x64 1016ms (cache revalidated)
1312 silly packumentCache full:https://registry.npmjs.org/@rollup%2frollup-freebsd-x64 set size:174438 disposed:false
1313 silly placeDep ROOT @rollup/rollup-android-arm-eabi@4.59.0 OK for: rollup@4.59.0 want: 4.59.0
1314 silly placeDep ROOT @rollup/rollup-android-arm64@4.59.0 OK for: rollup@4.59.0 want: 4.59.0
1315 silly placeDep ROOT @rollup/rollup-darwin-arm64@4.59.0 OK for: rollup@4.59.0 want: 4.59.0
1316 silly placeDep ROOT @rollup/rollup-darwin-x64@4.59.0 OK for: rollup@4.59.0 want: 4.59.0
1317 silly placeDep ROOT @rollup/rollup-freebsd-arm64@4.59.0 OK for: rollup@4.59.0 want: 4.59.0
1318 silly placeDep ROOT @rollup/rollup-freebsd-x64@4.59.0 OK for: rollup@4.59.0 want: 4.59.0
1319 silly placeDep ROOT @rollup/rollup-linux-arm-gnueabihf@4.59.0 OK for: rollup@4.59.0 want: 4.59.0
1320 silly placeDep ROOT @rollup/rollup-linux-arm-musleabihf@4.59.0 OK for: rollup@4.59.0 want: 4.59.0
1321 silly placeDep ROOT @rollup/rollup-linux-arm64-gnu@4.59.0 OK for: rollup@4.59.0 want: 4.59.0
1322 silly placeDep ROOT @rollup/rollup-linux-arm64-musl@4.59.0 OK for: rollup@4.59.0 want: 4.59.0
1323 silly placeDep ROOT @rollup/rollup-linux-loong64-gnu@4.59.0 OK for: rollup@4.59.0 want: 4.59.0
1324 silly placeDep ROOT @rollup/rollup-linux-loong64-musl@4.59.0 OK for: rollup@4.59.0 want: 4.59.0
1325 silly placeDep ROOT @rollup/rollup-linux-ppc64-gnu@4.59.0 OK for: rollup@4.59.0 want: 4.59.0
1326 silly placeDep ROOT @rollup/rollup-linux-ppc64-musl@4.59.0 OK for: rollup@4.59.0 want: 4.59.0
1327 silly placeDep ROOT @rollup/rollup-linux-riscv64-gnu@4.59.0 OK for: rollup@4.59.0 want: 4.59.0
1328 silly placeDep ROOT @rollup/rollup-linux-riscv64-musl@4.59.0 OK for: rollup@4.59.0 want: 4.59.0
1329 silly placeDep ROOT @rollup/rollup-linux-s390x-gnu@4.59.0 OK for: rollup@4.59.0 want: 4.59.0
1330 silly placeDep ROOT @rollup/rollup-linux-x64-gnu@4.59.0 OK for: rollup@4.59.0 want: 4.59.0
1331 silly placeDep ROOT @rollup/rollup-linux-x64-musl@4.59.0 OK for: rollup@4.59.0 want: 4.59.0
1332 silly placeDep ROOT @rollup/rollup-openbsd-x64@4.59.0 OK for: rollup@4.59.0 want: 4.59.0
1333 silly placeDep ROOT @rollup/rollup-openharmony-arm64@4.59.0 OK for: rollup@4.59.0 want: 4.59.0
1334 silly placeDep ROOT @rollup/rollup-win32-arm64-msvc@4.59.0 OK for: rollup@4.59.0 want: 4.59.0
1335 silly placeDep ROOT @rollup/rollup-win32-ia32-msvc@4.59.0 OK for: rollup@4.59.0 want: 4.59.0
1336 silly placeDep ROOT @rollup/rollup-win32-x64-gnu@4.59.0 OK for: rollup@4.59.0 want: 4.59.0
1337 silly placeDep ROOT @rollup/rollup-win32-x64-msvc@4.59.0 OK for: rollup@4.59.0 want: 4.59.0
1338 silly placeDep ROOT @types/estree@1.0.8 OK for: rollup@4.59.0 want: 1.0.8
1339 silly fetch manifest webpack@^5.1.0
1340 silly packumentCache full:https://registry.npmjs.org/webpack cache-miss
1341 http cache https://registry.npmjs.org/webpack 9ms (cache hit)
1342 silly packumentCache full:https://registry.npmjs.org/webpack set size:4974505 disposed:false
1343 silly placeDep ROOT @types/eslint-scope@3.7.7 OK for: webpack@5.96.1 want: ^3.7.7
1344 silly placeDep ROOT @webassemblyjs/ast@1.14.1 OK for: webpack@5.96.1 want: ^1.12.1
1345 silly placeDep ROOT @webassemblyjs/wasm-edit@1.14.1 OK for: webpack@5.96.1 want: ^1.12.1
1346 silly placeDep ROOT @webassemblyjs/wasm-parser@1.14.1 OK for: webpack@5.96.1 want: ^1.12.1
1347 silly placeDep ROOT acorn@8.16.0 OK for: webpack@5.96.1 want: ^8.14.0
1348 silly placeDep ROOT chrome-trace-event@1.0.4 OK for: webpack@5.96.1 want: ^1.0.2
1349 silly placeDep ROOT enhanced-resolve@5.20.0 OK for: webpack@5.96.1 want: ^5.17.1
1350 silly placeDep ROOT es-module-lexer@1.7.0 OK for: webpack@5.96.1 want: ^1.2.1
1351 silly placeDep ROOT eslint-scope@5.1.1 OK for: webpack@5.96.1 want: 5.1.1
1352 silly placeDep ROOT events@3.3.0 OK for: webpack@5.96.1 want: ^3.2.0
1353 silly placeDep ROOT glob-to-regexp@0.4.1 OK for: webpack@5.96.1 want: ^0.4.1
1354 silly placeDep ROOT graceful-fs@4.2.11 OK for: webpack@5.96.1 want: ^4.2.11
1355 silly placeDep ROOT json-parse-even-better-errors@2.3.1 OK for: webpack@5.96.1 want: ^2.3.1
1356 silly placeDep ROOT loader-runner@4.3.1 OK for: webpack@5.96.1 want: ^4.2.0
1357 silly placeDep ROOT mime-types@2.1.35 OK for: webpack@5.96.1 want: ^2.1.27
1358 silly placeDep ROOT neo-async@2.6.2 OK for: webpack@5.96.1 want: ^2.6.2
1359 silly placeDep ROOT tapable@2.3.0 OK for: webpack@5.96.1 want: ^2.1.1
1360 silly placeDep ROOT terser-webpack-plugin@5.3.17 OK for: webpack@5.96.1 want: ^5.3.10
1361 silly placeDep ROOT watchpack@2.5.1 OK for: webpack@5.96.1 want: ^2.4.1
1362 silly placeDep ROOT webpack-sources@3.3.4 OK for: webpack@5.96.1 want: ^3.2.3
1363 silly fetch manifest @types/eslint@*
1364 silly packumentCache full:https://registry.npmjs.org/@types%2feslint cache-miss
1365 silly fetch manifest @webassemblyjs/helper-numbers@1.13.2
1366 silly packumentCache full:https://registry.npmjs.org/@webassemblyjs%2fhelper-numbers cache-miss
1367 silly fetch manifest @webassemblyjs/helper-wasm-bytecode@1.13.2
1368 silly packumentCache full:https://registry.npmjs.org/@webassemblyjs%2fhelper-wasm-bytecode cache-miss
1369 silly fetch manifest @webassemblyjs/helper-buffer@1.14.1
1370 silly packumentCache full:https://registry.npmjs.org/@webassemblyjs%2fhelper-buffer cache-miss
1371 silly fetch manifest @webassemblyjs/helper-wasm-bytecode@1.13.2
1372 silly packumentCache full:https://registry.npmjs.org/@webassemblyjs%2fhelper-wasm-bytecode cache-miss
1373 silly fetch manifest @webassemblyjs/helper-wasm-section@1.14.1
1374 silly packumentCache full:https://registry.npmjs.org/@webassemblyjs%2fhelper-wasm-section cache-miss
1375 silly fetch manifest @webassemblyjs/wasm-gen@1.14.1
1376 silly packumentCache full:https://registry.npmjs.org/@webassemblyjs%2fwasm-gen cache-miss
1377 http fetch GET 200 https://registry.npmjs.org/@webassemblyjs%2fhelper-wasm-bytecode 113ms (cache revalidated)
1378 silly packumentCache full:https://registry.npmjs.org/@webassemblyjs%2fhelper-wasm-bytecode set size:179356 disposed:false
1379 silly fetch manifest @webassemblyjs/wasm-opt@1.14.1
1380 silly packumentCache full:https://registry.npmjs.org/@webassemblyjs%2fwasm-opt cache-miss
1381 http fetch GET 200 https://registry.npmjs.org/@types%2feslint 118ms (cache revalidated)
1382 silly packumentCache full:https://registry.npmjs.org/@types%2feslint set size:220085 disposed:false
1383 silly fetch manifest @webassemblyjs/wasm-parser@1.14.1
1384 silly packumentCache full:https://registry.npmjs.org/@webassemblyjs%2fwasm-parser cache-hit
1385 silly fetch manifest @webassemblyjs/wast-printer@1.14.1
1386 silly packumentCache full:https://registry.npmjs.org/@webassemblyjs%2fwast-printer cache-miss
1387 http fetch GET 200 https://registry.npmjs.org/@webassemblyjs%2fhelper-buffer 130ms (cache revalidated)
1388 silly packumentCache full:https://registry.npmjs.org/@webassemblyjs%2fhelper-buffer set size:178406 disposed:false
1389 silly fetch manifest @webassemblyjs/helper-api-error@1.13.2
1390 silly packumentCache full:https://registry.npmjs.org/@webassemblyjs%2fhelper-api-error cache-miss
1391 http fetch GET 200 https://registry.npmjs.org/@webassemblyjs%2fhelper-wasm-section 135ms (cache revalidated)
1392 silly packumentCache full:https://registry.npmjs.org/@webassemblyjs%2fhelper-wasm-section set size:191754 disposed:false
1393 silly fetch manifest @webassemblyjs/ieee754@1.13.2
1394 silly packumentCache full:https://registry.npmjs.org/@webassemblyjs%2fieee754 cache-miss
1395 http fetch GET 200 https://registry.npmjs.org/@webassemblyjs%2fhelper-wasm-bytecode 147ms (cache revalidated)
1396 silly packumentCache full:https://registry.npmjs.org/@webassemblyjs%2fhelper-wasm-bytecode set size:179356 disposed:false
1397 silly packumentCache full:https://registry.npmjs.org/@webassemblyjs%2fhelper-wasm-bytecode dispose
1398 silly fetch manifest @webassemblyjs/leb128@1.13.2
1399 silly packumentCache full:https://registry.npmjs.org/@webassemblyjs%2fleb128 cache-miss
1400 http fetch GET 200 https://registry.npmjs.org/@webassemblyjs%2fwasm-opt 103ms (cache revalidated)
1401 silly packumentCache full:https://registry.npmjs.org/@webassemblyjs%2fwasm-opt set size:150483 disposed:false
1402 silly fetch manifest @webassemblyjs/utf8@1.13.2
1403 silly packumentCache full:https://registry.npmjs.org/@webassemblyjs%2futf8 cache-miss
1404 http fetch GET 200 https://registry.npmjs.org/@webassemblyjs%2fwast-printer 108ms (cache revalidated)
1405 silly packumentCache full:https://registry.npmjs.org/@webassemblyjs%2fwast-printer set size:193690 disposed:false
1406 silly fetch manifest graceful-fs@^4.2.4
1407 silly packumentCache full:https://registry.npmjs.org/graceful-fs cache-hit
1408 silly fetch manifest tapable@^2.3.0
1409 silly packumentCache full:https://registry.npmjs.org/tapable cache-hit
1410 silly fetch manifest esrecurse@^4.3.0
1411 silly packumentCache full:https://registry.npmjs.org/esrecurse cache-miss
1412 http fetch GET 200 https://registry.npmjs.org/@webassemblyjs%2fhelper-api-error 103ms (cache revalidated)
1413 silly packumentCache full:https://registry.npmjs.org/@webassemblyjs%2fhelper-api-error set size:103778 disposed:false
1414 silly fetch manifest estraverse@^4.1.1
1415 silly packumentCache full:https://registry.npmjs.org/estraverse cache-miss
1416 http fetch GET 200 https://registry.npmjs.org/@webassemblyjs%2fieee754 103ms (cache revalidated)
1417 silly packumentCache full:https://registry.npmjs.org/@webassemblyjs%2fieee754 set size:99475 disposed:false
1418 silly fetch manifest mime-db@1.52.0
1419 silly packumentCache full:https://registry.npmjs.org/mime-db cache-miss
1420 http fetch GET 200 https://registry.npmjs.org/estraverse 82ms (cache revalidated)
1421 silly packumentCache full:https://registry.npmjs.org/estraverse set size:62412 disposed:false
1422 silly fetch manifest jest-worker@^27.4.5
1423 silly packumentCache full:https://registry.npmjs.org/jest-worker cache-miss
1424 http fetch GET 200 https://registry.npmjs.org/@webassemblyjs%2futf8 104ms (cache revalidated)
1425 silly packumentCache full:https://registry.npmjs.org/@webassemblyjs%2futf8 set size:102359 disposed:false
1426 silly fetch manifest schema-utils@^4.3.0
1427 silly packumentCache full:https://registry.npmjs.org/schema-utils cache-hit
1428 silly fetch manifest terser@^5.31.1
1429 silly packumentCache full:https://registry.npmjs.org/terser cache-hit
1430 http fetch GET 200 https://registry.npmjs.org/esrecurse 94ms (cache revalidated)
1431 silly packumentCache full:https://registry.npmjs.org/esrecurse set size:29005 disposed:false
1432 http fetch GET 200 https://registry.npmjs.org/mime-db 121ms (cache revalidated)
1433 silly packumentCache full:https://registry.npmjs.org/mime-db set size:164953 disposed:false
1434 http fetch GET 200 https://registry.npmjs.org/jest-worker 101ms (cache revalidated)
1435 silly packumentCache full:https://registry.npmjs.org/jest-worker set size:460562 disposed:false
1436 http fetch GET 200 https://registry.npmjs.org/@webassemblyjs%2fwasm-gen 423ms (cache revalidated)
1437 silly packumentCache full:https://registry.npmjs.org/@webassemblyjs%2fwasm-gen set size:187955 disposed:false
1438 http fetch GET 200 https://registry.npmjs.org/@webassemblyjs%2fhelper-numbers 765ms (cache revalidated)
1439 silly packumentCache full:https://registry.npmjs.org/@webassemblyjs%2fhelper-numbers set size:23867 disposed:false
1440 http fetch GET 200 https://registry.npmjs.org/@webassemblyjs%2fleb128 1735ms (cache revalidated)
1441 silly packumentCache full:https://registry.npmjs.org/@webassemblyjs%2fleb128 set size:248474 disposed:false
1442 silly placeDep ROOT @types/eslint@9.6.1 OK for: @types/eslint-scope@3.7.7 want: *
1443 silly placeDep ROOT @webassemblyjs/helper-numbers@1.13.2 OK for: @webassemblyjs/ast@1.14.1 want: 1.13.2
1444 silly placeDep ROOT @webassemblyjs/helper-wasm-bytecode@1.13.2 OK for: @webassemblyjs/ast@1.14.1 want: 1.13.2
1445 silly fetch manifest @xtuc/long@4.2.2
1446 silly packumentCache full:https://registry.npmjs.org/@xtuc%2flong cache-miss
1447 silly fetch manifest @webassemblyjs/floating-point-hex-parser@1.13.2
1448 silly packumentCache full:https://registry.npmjs.org/@webassemblyjs%2ffloating-point-hex-parser cache-miss
1449 http fetch GET 200 https://registry.npmjs.org/@webassemblyjs%2ffloating-point-hex-parser 91ms (cache revalidated)
1450 silly packumentCache full:https://registry.npmjs.org/@webassemblyjs%2ffloating-point-hex-parser set size:186097 disposed:false
1451 http fetch GET 200 https://registry.npmjs.org/@xtuc%2flong 103ms (cache revalidated)
1452 silly packumentCache full:https://registry.npmjs.org/@xtuc%2flong set size:23242 disposed:false
1453 silly placeDep ROOT @webassemblyjs/floating-point-hex-parser@1.13.2 OK for: @webassemblyjs/helper-numbers@1.13.2 want: 1.13.2
1454 silly placeDep ROOT @webassemblyjs/helper-api-error@1.13.2 OK for: @webassemblyjs/helper-numbers@1.13.2 want: 1.13.2
1455 silly placeDep ROOT @xtuc/long@4.2.2 OK for: @webassemblyjs/helper-numbers@1.13.2 want: 4.2.2
1456 silly placeDep ROOT @webassemblyjs/helper-buffer@1.14.1 OK for: @webassemblyjs/wasm-edit@1.14.1 want: 1.14.1
1457 silly placeDep ROOT @webassemblyjs/helper-wasm-section@1.14.1 OK for: @webassemblyjs/wasm-edit@1.14.1 want: 1.14.1
1458 silly placeDep ROOT @webassemblyjs/wasm-gen@1.14.1 OK for: @webassemblyjs/wasm-edit@1.14.1 want: 1.14.1
1459 silly placeDep ROOT @webassemblyjs/wasm-opt@1.14.1 OK for: @webassemblyjs/wasm-edit@1.14.1 want: 1.14.1
1460 silly placeDep ROOT @webassemblyjs/wast-printer@1.14.1 OK for: @webassemblyjs/wasm-edit@1.14.1 want: 1.14.1
1461 silly placeDep ROOT @webassemblyjs/ieee754@1.13.2 OK for: @webassemblyjs/wasm-gen@1.14.1 want: 1.13.2
1462 silly placeDep ROOT @webassemblyjs/leb128@1.13.2 OK for: @webassemblyjs/wasm-gen@1.14.1 want: 1.13.2
1463 silly placeDep ROOT @webassemblyjs/utf8@1.13.2 OK for: @webassemblyjs/wasm-gen@1.14.1 want: 1.13.2
1464 silly fetch manifest @xtuc/ieee754@^1.2.0
1465 silly packumentCache full:https://registry.npmjs.org/@xtuc%2fieee754 cache-miss
1466 http fetch GET 200 https://registry.npmjs.org/@xtuc%2fieee754 94ms (cache revalidated)
1467 silly packumentCache full:https://registry.npmjs.org/@xtuc%2fieee754 set size:5495 disposed:false
1468 silly placeDep ROOT @xtuc/ieee754@1.2.0 OK for: @webassemblyjs/ieee754@1.13.2 want: ^1.2.0
1469 silly placeDep ROOT esrecurse@4.3.0 OK for: eslint-scope@5.1.1 want: ^4.3.0
1470 silly placeDep ROOT estraverse@4.3.0 OK for: eslint-scope@5.1.1 want: ^4.1.1
1471 silly fetch manifest estraverse@^5.2.0
1472 silly packumentCache full:https://registry.npmjs.org/estraverse cache-hit
1473 silly placeDep node_modules/esrecurse estraverse@5.3.0 OK for: esrecurse@4.3.0 want: ^5.2.0
1474 silly placeDep ROOT mime-db@1.52.0 OK for: mime-types@2.1.35 want: 1.52.0
1475 silly placeDep ROOT jest-worker@27.5.1 OK for: terser-webpack-plugin@5.3.17 want: ^27.4.5
1476 silly placeDep node_modules/terser-webpack-plugin schema-utils@4.3.3 OK for: terser-webpack-plugin@5.3.17 want: ^4.3.0
1477 silly placeDep ROOT terser@5.46.0 OK for: terser-webpack-plugin@5.3.17 want: ^5.31.1
1478 silly fetch manifest supports-color@^8.0.0
1479 silly packumentCache full:https://registry.npmjs.org/supports-color cache-miss
1480 silly fetch manifest ajv@^8.9.0
1481 silly packumentCache full:https://registry.npmjs.org/ajv cache-miss
1482 silly fetch manifest ajv-formats@^2.1.1
1483 silly packumentCache full:https://registry.npmjs.org/ajv-formats cache-miss
1484 silly fetch manifest ajv-keywords@^5.1.0
1485 silly packumentCache full:https://registry.npmjs.org/ajv-keywords cache-hit
1486 silly fetch manifest @jridgewell/source-map@^0.3.3
1487 silly packumentCache full:https://registry.npmjs.org/@jridgewell%2fsource-map cache-miss
1488 silly fetch manifest commander@^2.20.0
1489 silly packumentCache full:https://registry.npmjs.org/commander cache-hit
1490 silly fetch manifest source-map-support@~0.5.20
1491 silly packumentCache full:https://registry.npmjs.org/source-map-support cache-miss
1492 http cache https://registry.npmjs.org/ajv 6ms (cache hit)
1493 silly packumentCache full:https://registry.npmjs.org/ajv set size:1120197 disposed:false
1494 http fetch GET 200 https://registry.npmjs.org/ajv-formats 88ms (cache revalidated)
1495 silly packumentCache full:https://registry.npmjs.org/ajv-formats set size:141264 disposed:false
1496 http fetch GET 200 https://registry.npmjs.org/@jridgewell%2fsource-map 94ms (cache revalidated)
1497 silly packumentCache full:https://registry.npmjs.org/@jridgewell%2fsource-map set size:45204 disposed:false
1498 http fetch GET 200 https://registry.npmjs.org/source-map-support 110ms (cache revalidated)
1499 silly packumentCache full:https://registry.npmjs.org/source-map-support set size:125488 disposed:false
1500 http fetch GET 200 https://registry.npmjs.org/supports-color 942ms (cache revalidated)
1501 silly packumentCache full:https://registry.npmjs.org/supports-color set size:118680 disposed:false
1502 silly placeDep ROOT supports-color@8.1.1 OK for: jest-worker@27.5.1 want: ^8.0.0
1503 silly fetch manifest has-flag@^4.0.0
1504 silly packumentCache full:https://registry.npmjs.org/has-flag cache-miss
1505 http fetch GET 200 https://registry.npmjs.org/has-flag 87ms (cache revalidated)
1506 silly packumentCache full:https://registry.npmjs.org/has-flag set size:15180 disposed:false
1507 silly placeDep ROOT has-flag@4.0.0 OK for: supports-color@8.1.1 want: ^4.0.0
1508 silly placeDep ROOT @jridgewell/source-map@0.3.11 OK for: terser@5.46.0 want: ^0.3.3
1509 silly placeDep node_modules/terser commander@2.20.3 OK for: terser@5.46.0 want: ^2.20.0
1510 silly placeDep ROOT source-map-support@0.5.21 OK for: terser@5.46.0 want: ~0.5.20
1511 silly fetch manifest buffer-from@^1.0.0
1512 silly packumentCache full:https://registry.npmjs.org/buffer-from cache-miss
1513 silly fetch manifest source-map@^0.6.0
1514 silly packumentCache full:https://registry.npmjs.org/source-map cache-hit
1515 http fetch GET 200 https://registry.npmjs.org/buffer-from 81ms (cache revalidated)
1516 silly packumentCache full:https://registry.npmjs.org/buffer-from set size:15463 disposed:false
1517 silly placeDep ROOT buffer-from@1.1.2 OK for: source-map-support@0.5.21 want: ^1.0.0
1518 silly placeDep node_modules/source-map-support source-map@0.6.1 OK for: source-map-support@0.5.21 want: ^0.6.0
1519 silly placeDep ROOT isexe@2.0.0 OK for: which@2.0.2 want: ^2.0.0
1520 silly placeDep ROOT buffer-crc32@0.2.13 OK for: yauzl@2.10.0 want: ~0.2.3
1521 silly placeDep ROOT fd-slicer@1.1.0 OK for: yauzl@2.10.0 want: ~1.1.0
1522 silly fetch manifest pend@~1.2.0
1523 silly packumentCache full:https://registry.npmjs.org/pend cache-miss
1524 http fetch GET 200 https://registry.npmjs.org/pend 92ms (cache revalidated)
1525 silly packumentCache full:https://registry.npmjs.org/pend set size:8066 disposed:false
1526 silly placeDep ROOT pend@1.2.0 OK for: fd-slicer@1.1.0 want: ~1.2.0
1527 silly placeDep ROOT whatwg-url@7.1.0 OK for: source-map@0.8.0-beta.0 want: ^7.0.0
1528 silly fetch manifest tr46@^1.0.1
1529 silly packumentCache full:https://registry.npmjs.org/tr46 cache-miss
1530 silly fetch manifest lodash.sortby@^4.7.0
1531 silly packumentCache full:https://registry.npmjs.org/lodash.sortby cache-miss
1532 silly fetch manifest webidl-conversions@^4.0.2
1533 silly packumentCache full:https://registry.npmjs.org/webidl-conversions cache-miss
1534 http fetch GET 200 https://registry.npmjs.org/webidl-conversions 91ms (cache revalidated)
1535 silly packumentCache full:https://registry.npmjs.org/webidl-conversions set size:46073 disposed:false
1536 http fetch GET 200 https://registry.npmjs.org/lodash.sortby 96ms (cache revalidated)
1537 silly packumentCache full:https://registry.npmjs.org/lodash.sortby set size:62703 disposed:false
1538 http fetch GET 200 https://registry.npmjs.org/tr46 102ms (cache revalidated)
1539 silly packumentCache full:https://registry.npmjs.org/tr46 set size:47377 disposed:false
1540 silly placeDep ROOT lodash.sortby@4.7.0 OK for: whatwg-url@7.1.0 want: ^4.7.0
1541 silly placeDep ROOT tr46@1.0.1 OK for: whatwg-url@7.1.0 want: ^1.0.1
1542 silly placeDep ROOT webidl-conversions@4.0.2 OK for: whatwg-url@7.1.0 want: ^4.0.2
1543 silly placeDep ROOT pump@3.0.4 OK for: get-stream@5.2.0 want: ^3.0.0
1544 silly fetch manifest end-of-stream@^1.1.0
1545 silly packumentCache full:https://registry.npmjs.org/end-of-stream cache-miss
1546 silly fetch manifest once@^1.3.1
1547 silly packumentCache full:https://registry.npmjs.org/once cache-miss
1548 http fetch GET 200 https://registry.npmjs.org/once 86ms (cache revalidated)
1549 silly packumentCache full:https://registry.npmjs.org/once set size:11752 disposed:false
1550 http fetch GET 200 https://registry.npmjs.org/end-of-stream 87ms (cache revalidated)
1551 silly packumentCache full:https://registry.npmjs.org/end-of-stream set size:27842 disposed:false
1552 silly placeDep ROOT end-of-stream@1.4.5 OK for: pump@3.0.4 want: ^1.1.0
1553 silly placeDep ROOT once@1.4.0 OK for: pump@3.0.4 want: ^1.3.1
1554 silly fetch manifest once@^1.4.0
1555 silly packumentCache full:https://registry.npmjs.org/once cache-hit
1556 silly fetch manifest wrappy@1
1557 silly packumentCache full:https://registry.npmjs.org/wrappy cache-miss
1558 http fetch GET 200 https://registry.npmjs.org/wrappy 95ms (cache revalidated)
1559 silly packumentCache full:https://registry.npmjs.org/wrappy set size:7682 disposed:false
1560 silly placeDep ROOT wrappy@1.0.2 OK for: once@1.4.0 want: 1
1561 silly placeDep node_modules/semver yallist@4.0.0 OK for: lru-cache@6.0.0 want: ^4.0.0
1562 silly placeDep node_modules/terser-webpack-plugin ajv@8.18.0 OK for: schema-utils@4.3.3 want: ^8.9.0
1563 silly placeDep ROOT ajv-formats@2.1.1 OK for: schema-utils@4.3.3 want: ^2.1.1
1564 silly placeDep node_modules/terser-webpack-plugin ajv-keywords@5.1.0 OK for: schema-utils@4.3.3 want: ^5.1.0
1565 silly fetch manifest fast-uri@^3.0.1
1566 silly packumentCache full:https://registry.npmjs.org/fast-uri cache-miss
1567 silly fetch manifest require-from-string@^2.0.2
1568 silly packumentCache full:https://registry.npmjs.org/require-from-string cache-miss
1569 silly fetch manifest json-schema-traverse@^1.0.0
1570 silly packumentCache full:https://registry.npmjs.org/json-schema-traverse cache-hit
1571 silly fetch manifest ajv@^8.0.0
1572 silly packumentCache full:https://registry.npmjs.org/ajv cache-miss
1573 http cache https://registry.npmjs.org/ajv 5ms (cache hit)
1574 silly packumentCache full:https://registry.npmjs.org/ajv set size:1120197 disposed:false
1575 http fetch GET 200 https://registry.npmjs.org/fast-uri 91ms (cache revalidated)
1576 silly packumentCache full:https://registry.npmjs.org/fast-uri set size:61472 disposed:false
1577 http fetch GET 200 https://registry.npmjs.org/require-from-string 102ms (cache revalidated)
1578 silly packumentCache full:https://registry.npmjs.org/require-from-string set size:15128 disposed:false
1579 silly placeDep node_modules/ajv-formats ajv@8.18.0 OK for: ajv-formats@2.1.1 want: ^8.0.0
1580 silly placeDep ROOT fast-uri@3.1.0 OK for: ajv@8.18.0 want: ^3.0.1
1581 silly placeDep node_modules/ajv-formats json-schema-traverse@1.0.0 OK for: ajv@8.18.0 want: ^1.0.0
1582 silly placeDep ROOT require-from-string@2.0.2 OK for: ajv@8.18.0 want: ^2.0.2
1583 silly placeDep node_modules/terser-webpack-plugin json-schema-traverse@1.0.0 OK for: ajv@8.18.0 want: ^1.0.0
1584 silly placeDep node_modules/vite @esbuild/aix-ppc64@0.27.3 OK for: esbuild@0.27.3 want: 0.27.3
1585 silly placeDep node_modules/vite @esbuild/android-arm@0.27.3 OK for: esbuild@0.27.3 want: 0.27.3
1586 silly placeDep node_modules/vite @esbuild/android-arm64@0.27.3 OK for: esbuild@0.27.3 want: 0.27.3
1587 silly placeDep node_modules/vite @esbuild/android-x64@0.27.3 OK for: esbuild@0.27.3 want: 0.27.3
1588 silly placeDep node_modules/vite @esbuild/darwin-arm64@0.27.3 OK for: esbuild@0.27.3 want: 0.27.3
1589 silly placeDep node_modules/vite @esbuild/darwin-x64@0.27.3 OK for: esbuild@0.27.3 want: 0.27.3
1590 silly placeDep node_modules/vite @esbuild/freebsd-arm64@0.27.3 OK for: esbuild@0.27.3 want: 0.27.3
1591 silly placeDep node_modules/vite @esbuild/freebsd-x64@0.27.3 OK for: esbuild@0.27.3 want: 0.27.3
1592 silly placeDep node_modules/vite @esbuild/linux-arm@0.27.3 OK for: esbuild@0.27.3 want: 0.27.3
1593 silly placeDep node_modules/vite @esbuild/linux-arm64@0.27.3 OK for: esbuild@0.27.3 want: 0.27.3
1594 silly placeDep node_modules/vite @esbuild/linux-ia32@0.27.3 OK for: esbuild@0.27.3 want: 0.27.3
1595 silly placeDep node_modules/vite @esbuild/linux-loong64@0.27.3 OK for: esbuild@0.27.3 want: 0.27.3
1596 silly placeDep node_modules/vite @esbuild/linux-mips64el@0.27.3 OK for: esbuild@0.27.3 want: 0.27.3
1597 silly placeDep node_modules/vite @esbuild/linux-ppc64@0.27.3 OK for: esbuild@0.27.3 want: 0.27.3
1598 silly placeDep node_modules/vite @esbuild/linux-riscv64@0.27.3 OK for: esbuild@0.27.3 want: 0.27.3
1599 silly placeDep node_modules/vite @esbuild/linux-s390x@0.27.3 OK for: esbuild@0.27.3 want: 0.27.3
1600 silly placeDep node_modules/vite @esbuild/linux-x64@0.27.3 OK for: esbuild@0.27.3 want: 0.27.3
1601 silly placeDep node_modules/vite @esbuild/netbsd-arm64@0.27.3 OK for: esbuild@0.27.3 want: 0.27.3
1602 silly placeDep node_modules/vite @esbuild/netbsd-x64@0.27.3 OK for: esbuild@0.27.3 want: 0.27.3
1603 silly placeDep node_modules/vite @esbuild/openbsd-arm64@0.27.3 OK for: esbuild@0.27.3 want: 0.27.3
1604 silly placeDep node_modules/vite @esbuild/openbsd-x64@0.27.3 OK for: esbuild@0.27.3 want: 0.27.3
1605 silly placeDep ROOT @esbuild/openharmony-arm64@0.27.3 OK for: esbuild@0.27.3 want: 0.27.3
1606 silly placeDep node_modules/vite @esbuild/sunos-x64@0.27.3 OK for: esbuild@0.27.3 want: 0.27.3
1607 silly placeDep node_modules/vite @esbuild/win32-arm64@0.27.3 OK for: esbuild@0.27.3 want: 0.27.3
1608 silly placeDep node_modules/vite @esbuild/win32-ia32@0.27.3 OK for: esbuild@0.27.3 want: 0.27.3
1609 silly placeDep node_modules/vite @esbuild/win32-x64@0.27.3 OK for: esbuild@0.27.3 want: 0.27.3
1610 silly reify moves {}
1611 silly audit bulk request {
1611 silly audit   '@remotion/cli': [ '4.0.290' ],
1611 silly audit   react: [ '18.3.1' ],
1611 silly audit   'react-dom': [ '18.3.1' ],
1611 silly audit   '@remotion/player': [ '4.0.290' ],
1611 silly audit   '@vitejs/plugin-react': [ '4.7.0' ],
1611 silly audit   vite: [ '7.3.1' ],
1611 silly audit   katex: [ '0.16.38' ],
1611 silly audit   'react-katex': [ '3.1.0' ],
1611 silly audit   'prop-types': [ '15.8.1' ],
1611 silly audit   remotion: [ '4.0.290' ],
1611 silly audit   '@remotion/bundler': [ '4.0.290' ],
1611 silly audit   '@remotion/media-utils': [ '4.0.290' ],
1611 silly audit   '@remotion/renderer': [ '4.0.290' ],
1611 silly audit   '@remotion/studio': [ '4.0.290' ],
1611 silly audit   '@remotion/studio-server': [ '4.0.290' ],
1611 silly audit   '@remotion/studio-shared': [ '4.0.290' ],
1611 silly audit   dotenv: [ '9.0.2' ],
1611 silly audit   minimist: [ '1.2.6' ],
1611 silly audit   prompts: [ '2.4.2' ],
1611 silly audit   'css-loader': [ '5.2.7' ],
1611 silly audit   webpack: [ '5.96.1' ],
1611 silly audit   esbuild: [ '0.25.0', '0.27.3' ],
1611 silly audit   'react-refresh': [ '0.9.0', '0.17.0' ],
1611 silly audit   'source-map': [ '0.7.3', '0.8.0-beta.0', '0.6.1' ],
1611 silly audit   'style-loader': [ '4.0.0' ],
1611 silly audit   '@remotion/compositor-darwin-arm64': [ '4.0.290' ],
1611 silly audit   '@remotion/compositor-darwin-x64': [ '4.0.290' ],
1611 silly audit   '@remotion/compositor-linux-arm64-gnu': [ '4.0.290' ],
1611 silly audit   '@remotion/compositor-linux-arm64-musl': [ '4.0.290' ],
1611 silly audit   '@remotion/compositor-linux-x64-gnu': [ '4.0.290' ],
1611 silly audit   '@remotion/compositor-linux-x64-musl': [ '4.0.290' ],
1611 silly audit   '@remotion/compositor-win32-x64-msvc': [ '4.0.290' ],
1611 silly audit   '@remotion/streaming': [ '4.0.290' ],
1611 silly audit   execa: [ '5.1.1' ],
1611 silly audit   'extract-zip': [ '2.0.1' ],
1611 silly audit   ws: [ '8.17.1' ],
1611 silly audit   '@remotion/media-parser': [ '4.0.290' ],
1611 silly audit   '@remotion/zod-types': [ '4.0.290' ],
1611 silly audit   zod: [ '3.22.3' ],
1611 silly audit   memfs: [ '3.4.3' ],
1611 silly audit   open: [ '8.4.2' ],
1611 silly audit   semver: [ '7.5.3', '6.3.1' ],
1611 silly audit   '@babel/parser': [ '7.24.1', '7.29.0' ],
1611 silly audit   recast: [ '0.23.9' ],
1611 silly audit   '@babel/core': [ '7.29.0' ],
1611 silly audit   '@babel/plugin-transform-react-jsx-self': [ '7.27.1' ],
1611 silly audit   '@babel/plugin-transform-react-jsx-source': [ '7.27.1' ],
1611 silly audit   '@rolldown/pluginutils': [ '1.0.0-beta.27' ],
1611 silly audit   '@types/babel__core': [ '7.20.5' ],
1611 silly audit   '@babel/code-frame': [ '7.29.0' ],
1611 silly audit   '@babel/generator': [ '7.29.1' ],
1611 silly audit   '@babel/helper-compilation-targets': [ '7.28.6' ],
1611 silly audit   '@babel/helper-module-transforms': [ '7.28.6' ],
1611 silly audit   '@babel/helpers': [ '7.28.6' ],
1611 silly audit   '@babel/template': [ '7.28.6' ],
1611 silly audit   '@babel/traverse': [ '7.29.0' ],
1611 silly audit   '@babel/types': [ '7.29.0' ],
1611 silly audit   '@jridgewell/remapping': [ '2.3.5' ],
1611 silly audit   'convert-source-map': [ '2.0.0' ],
1611 silly audit   debug: [ '4.4.3' ],
1611 silly audit   gensync: [ '1.0.0-beta.2' ],
1611 silly audit   json5: [ '2.2.3' ],
1611 silly audit   '@babel/helper-validator-identifier': [ '7.28.5' ],
1611 silly audit   'js-tokens': [ '4.0.0' ],
1611 silly audit   picocolors: [ '1.1.1' ],
1611 silly audit   '@jridgewell/gen-mapping': [ '0.3.13' ],
1611 silly audit   '@jridgewell/trace-mapping': [ '0.3.31' ],
1611 silly audit   jsesc: [ '3.1.0' ],
1611 silly audit   '@babel/compat-data': [ '7.29.0' ],
1611 silly audit   '@babel/helper-validator-option': [ '7.27.1' ],
1611 silly audit   browserslist: [ '4.28.1' ],
1611 silly audit   'lru-cache': [ '5.1.1', '6.0.0' ],
1611 silly audit   '@babel/helper-module-imports': [ '7.28.6' ],
1611 silly audit   '@babel/helper-plugin-utils': [ '7.28.6' ],
1611 silly audit   '@babel/helper-globals': [ '7.28.0' ],
1611 silly audit   '@babel/helper-string-parser': [ '7.27.1' ],
1611 silly audit   '@jridgewell/sourcemap-codec': [ '1.5.5' ],
1611 silly audit   '@jridgewell/resolve-uri': [ '3.1.2' ],
1611 silly audit   '@types/babel__generator': [ '7.27.0' ],
1611 silly audit   '@types/babel__template': [ '7.4.4' ],
1611 silly audit   '@types/babel__traverse': [ '7.28.0' ],
1611 silly audit   'baseline-browser-mapping': [ '2.10.0' ],
1611 silly audit   'caniuse-lite': [ '1.0.30001777' ],
1611 silly audit   'electron-to-chromium': [ '1.5.307' ],
1611 silly audit   'node-releases': [ '2.0.36' ],
1611 silly audit   'update-browserslist-db': [ '1.2.3' ],
1611 silly audit   'icss-utils': [ '5.1.0' ],
1611 silly audit   postcss: [ '8.5.8' ],
1611 silly audit   'loader-utils': [ '2.0.4' ],
1611 silly audit   'postcss-modules-extract-imports': [ '3.1.0' ],
1611 silly audit   'postcss-modules-local-by-default': [ '4.2.0' ],
1611 silly audit   'postcss-modules-scope': [ '3.2.1' ],
1611 silly audit   'postcss-modules-values': [ '4.0.0' ],
1611 silly audit   'postcss-value-parser': [ '4.2.0' ],
1611 silly audit   'schema-utils': [ '3.3.0', '4.3.3' ],
1611 silly audit   ms: [ '2.1.3' ],
1611 silly audit   '@esbuild/aix-ppc64': [ '0.25.0', '0.27.3' ],
1611 silly audit   '@esbuild/android-arm': [ '0.25.0', '0.27.3' ],
1611 silly audit   '@esbuild/android-arm64': [ '0.25.0', '0.27.3' ],
1611 silly audit   '@esbuild/android-x64': [ '0.25.0', '0.27.3' ],
1611 silly audit   '@esbuild/darwin-arm64': [ '0.25.0', '0.27.3' ],
1611 silly audit   '@esbuild/darwin-x64': [ '0.25.0', '0.27.3' ],
1611 silly audit   '@esbuild/freebsd-arm64': [ '0.25.0', '0.27.3' ],
1611 silly audit   '@esbuild/freebsd-x64': [ '0.25.0', '0.27.3' ],
1611 silly audit   '@esbuild/linux-arm': [ '0.25.0', '0.27.3' ],
1611 silly audit   '@esbuild/linux-arm64': [ '0.25.0', '0.27.3' ],
1611 silly audit   '@esbuild/linux-ia32': [ '0.25.0', '0.27.3' ],
1611 silly audit   '@esbuild/linux-loong64': [ '0.25.0', '0.27.3' ],
1611 silly audit   '@esbuild/linux-mips64el': [ '0.25.0', '0.27.3' ],
1611 silly audit   '@esbuild/linux-ppc64': [ '0.25.0', '0.27.3' ],
1611 silly audit   '@esbuild/linux-riscv64': [ '0.25.0', '0.27.3' ],
1611 silly audit   '@esbuild/linux-s390x': [ '0.25.0', '0.27.3' ],
1611 silly audit   '@esbuild/linux-x64': [ '0.25.0', '0.27.3' ],
1611 silly audit   '@esbuild/netbsd-arm64': [ '0.25.0', '0.27.3' ],
1611 silly audit   '@esbuild/netbsd-x64': [ '0.25.0', '0.27.3' ],
1611 silly audit   '@esbuild/openbsd-arm64': [ '0.25.0', '0.27.3' ],
1611 silly audit   '@esbuild/openbsd-x64': [ '0.25.0', '0.27.3' ],
1611 silly audit   '@esbuild/sunos-x64': [ '0.25.0', '0.27.3' ],
1611 silly audit   '@esbuild/win32-arm64': [ '0.25.0', '0.27.3' ],
1611 silly audit   '@esbuild/win32-ia32': [ '0.25.0', '0.27.3' ],
1611 silly audit   '@esbuild/win32-x64': [ '0.25.0', '0.27.3' ],
1611 silly audit   'cross-spawn': [ '7.0.6' ],
1611 silly audit   'get-stream': [ '6.0.1', '5.2.0' ],
1611 silly audit   'human-signals': [ '2.1.0' ],
1611 silly audit   'is-stream': [ '2.0.1' ],
1611 silly audit   'merge-stream': [ '2.0.0' ],
1611 silly audit   'npm-run-path': [ '4.0.1' ],
1611 silly audit   onetime: [ '5.1.2' ],
1611 silly audit   'signal-exit': [ '3.0.7' ],
1611 silly audit   'strip-final-newline': [ '2.0.0' ],
1611 silly audit   'path-key': [ '3.1.1' ],
1611 silly audit   'shebang-command': [ '2.0.0' ],
1611 silly audit   which: [ '2.0.2' ],
1611 silly audit   '@types/yauzl': [ '2.10.3' ],
1611 silly audit   yauzl: [ '2.10.0' ],
1611 silly audit   '@types/node': [ '25.3.5' ],
1611 silly audit   'undici-types': [ '7.18.2' ],
1611 silly audit   commander: [ '8.3.0', '2.20.3' ],
1611 silly audit   'big.js': [ '5.2.2' ],
1611 silly audit   'emojis-list': [ '3.0.0' ],
1611 silly audit   yallist: [ '3.1.1', '4.0.0' ],
1611 silly audit   'fs-monkey': [ '1.0.3' ],
1611 silly audit   'mimic-fn': [ '2.1.0' ],
1611 silly audit   'define-lazy-prop': [ '2.0.0' ],
1611 silly audit   'is-docker': [ '2.2.1' ],
1611 silly audit   'is-wsl': [ '2.2.0' ],
1611 silly audit   nanoid: [ '3.3.11' ],
1611 silly audit   'source-map-js': [ '1.2.1' ],
1611 silly audit   'postcss-selector-parser': [ '7.1.1' ],
1611 silly audit   cssesc: [ '3.0.0' ],
1611 silly audit   'util-deprecate': [ '1.0.2' ],
1611 silly audit   kleur: [ '3.0.3' ],
1611 silly audit   sisteransi: [ '1.0.5' ],
1611 silly audit   'loose-envify': [ '1.4.0' ],
1611 silly audit   'object-assign': [ '4.1.1' ],
1611 silly audit   'react-is': [ '16.13.1' ],
1611 silly audit   scheduler: [ '0.23.2' ],
1611 silly audit   'ast-types': [ '0.16.1' ],
1611 silly audit   esprima: [ '4.0.1' ],
1611 silly audit   'tiny-invariant': [ '1.3.3' ],
1611 silly audit   tslib: [ '2.8.1' ],
1611 silly audit   '@types/json-schema': [ '7.0.15' ],
1611 silly audit   ajv: [ '6.14.0', '8.18.0' ],
1611 silly audit   'ajv-keywords': [ '3.5.2', '5.1.0' ],
1611 silly audit   'fast-deep-equal': [ '3.1.3' ],
1611 silly audit   'fast-json-stable-stringify': [ '2.1.0' ],
1611 silly audit   'json-schema-traverse': [ '0.4.1', '1.0.0' ],
1611 silly audit   'uri-js': [ '4.4.1' ],
1611 silly audit   'shebang-regex': [ '3.0.0' ],
1611 silly audit   escalade: [ '3.2.0' ],
1611 silly audit   punycode: [ '2.3.1' ],
1611 silly audit   fdir: [ '6.5.0' ],
1611 silly audit   fsevents: [ '2.3.3' ],
1611 silly audit   picomatch: [ '4.0.3' ],
1611 silly audit   rollup: [ '4.59.0' ],
1611 silly audit   tinyglobby: [ '0.2.15' ],
1611 silly audit   '@rollup/rollup-android-arm-eabi': [ '4.59.0' ],
1611 silly audit   '@rollup/rollup-android-arm64': [ '4.59.0' ],
1611 silly audit   '@rollup/rollup-darwin-arm64': [ '4.59.0' ],
1611 silly audit   '@rollup/rollup-darwin-x64': [ '4.59.0' ],
1611 silly audit   '@rollup/rollup-freebsd-arm64': [ '4.59.0' ],
1611 silly audit   '@rollup/rollup-freebsd-x64': [ '4.59.0' ],
1611 silly audit   '@rollup/rollup-linux-arm-gnueabihf': [ '4.59.0' ],
1611 silly audit   '@rollup/rollup-linux-arm-musleabihf': [ '4.59.0' ],
1611 silly audit   '@rollup/rollup-linux-arm64-gnu': [ '4.59.0' ],
1611 silly audit   '@rollup/rollup-linux-arm64-musl': [ '4.59.0' ],
1611 silly audit   '@rollup/rollup-linux-loong64-gnu': [ '4.59.0' ],
1611 silly audit   '@rollup/rollup-linux-loong64-musl': [ '4.59.0' ],
1611 silly audit   '@rollup/rollup-linux-ppc64-gnu': [ '4.59.0' ],
1611 silly audit   '@rollup/rollup-linux-ppc64-musl': [ '4.59.0' ],
1611 silly audit   '@rollup/rollup-linux-riscv64-gnu': [ '4.59.0' ],
1611 silly audit   '@rollup/rollup-linux-riscv64-musl': [ '4.59.0' ],
1611 silly audit   '@rollup/rollup-linux-s390x-gnu': [ '4.59.0' ],
1611 silly audit   '@rollup/rollup-linux-x64-gnu': [ '4.59.0' ],
1611 silly audit   '@rollup/rollup-linux-x64-musl': [ '4.59.0' ],
1611 silly audit   '@rollup/rollup-openbsd-x64': [ '4.59.0' ],
1611 silly audit   '@rollup/rollup-openharmony-arm64': [ '4.59.0' ],
1611 silly audit   '@rollup/rollup-win32-arm64-msvc': [ '4.59.0' ],
1611 silly audit   '@rollup/rollup-win32-ia32-msvc': [ '4.59.0' ],
1611 silly audit   '@rollup/rollup-win32-x64-gnu': [ '4.59.0' ],
1611 silly audit   '@rollup/rollup-win32-x64-msvc': [ '4.59.0' ],
1611 silly audit   '@types/estree': [ '1.0.8' ],
1611 silly audit   '@types/eslint-scope': [ '3.7.7' ],
1611 silly audit   '@webassemblyjs/ast': [ '1.14.1' ],
1611 silly audit   '@webassemblyjs/wasm-edit': [ '1.14.1' ],
1611 silly audit   '@webassemblyjs/wasm-parser': [ '1.14.1' ],
1611 silly audit   acorn: [ '8.16.0' ],
1611 silly audit   'chrome-trace-event': [ '1.0.4' ],
1611 silly audit   'enhanced-resolve': [ '5.20.0' ],
1611 silly audit   'es-module-lexer': [ '1.7.0' ],
1611 silly audit   'eslint-scope': [ '5.1.1' ],
1611 silly audit   events: [ '3.3.0' ],
1611 silly audit   'glob-to-regexp': [ '0.4.1' ],
1611 silly audit   'graceful-fs': [ '4.2.11' ],
1611 silly audit   'json-parse-even-better-errors': [ '2.3.1' ],
1611 silly audit   'loader-runner': [ '4.3.1' ],
1611 silly audit   'mime-types': [ '2.1.35' ],
1611 silly audit   'neo-async': [ '2.6.2' ],
1611 silly audit   tapable: [ '2.3.0' ],
1611 silly audit   'terser-webpack-plugin': [ '5.3.17' ],
1611 silly audit   watchpack: [ '2.5.1' ],
1611 silly audit   'webpack-sources': [ '3.3.4' ],
1611 silly audit   '@types/eslint': [ '9.6.1' ],
1611 silly audit   '@webassemblyjs/helper-numbers': [ '1.13.2' ],
1611 silly audit   '@webassemblyjs/helper-wasm-bytecode': [ '1.13.2' ],
1611 silly audit   '@webassemblyjs/floating-point-hex-parser': [ '1.13.2' ],
1611 silly audit   '@webassemblyjs/helper-api-error': [ '1.13.2' ],
1611 silly audit   '@xtuc/long': [ '4.2.2' ],
1611 silly audit   '@webassemblyjs/helper-buffer': [ '1.14.1' ],
1611 silly audit   '@webassemblyjs/helper-wasm-section': [ '1.14.1' ],
1611 silly audit   '@webassemblyjs/wasm-gen': [ '1.14.1' ],
1611 silly audit   '@webassemblyjs/wasm-opt': [ '1.14.1' ],
1611 silly audit   '@webassemblyjs/wast-printer': [ '1.14.1' ],
1611 silly audit   '@webassemblyjs/ieee754': [ '1.13.2' ],
1611 silly audit   '@webassemblyjs/leb128': [ '1.13.2' ],
1611 silly audit   '@webassemblyjs/utf8': [ '1.13.2' ],
1611 silly audit   '@xtuc/ieee754': [ '1.2.0' ],
1611 silly audit   esrecurse: [ '4.3.0' ],
1611 silly audit   estraverse: [ '4.3.0', '5.3.0' ],
1611 silly audit   'mime-db': [ '1.52.0' ],
1611 silly audit   'jest-worker': [ '27.5.1' ],
1611 silly audit   terser: [ '5.46.0' ],
1611 silly audit   'supports-color': [ '8.1.1' ],
1611 silly audit   'has-flag': [ '4.0.0' ],
1611 silly audit   '@jridgewell/source-map': [ '0.3.11' ],
1611 silly audit   'source-map-support': [ '0.5.21' ],
1611 silly audit   'buffer-from': [ '1.1.2' ],
1611 silly audit   isexe: [ '2.0.0' ],
1611 silly audit   'buffer-crc32': [ '0.2.13' ],
1611 silly audit   'fd-slicer': [ '1.1.0' ],
1611 silly audit   pend: [ '1.2.0' ],
1611 silly audit   'whatwg-url': [ '7.1.0' ],
1611 silly audit   'lodash.sortby': [ '4.7.0' ],
1611 silly audit   tr46: [ '1.0.1' ],
1611 silly audit   'webidl-conversions': [ '4.0.2' ],
1611 silly audit   pump: [ '3.0.4' ],
1611 silly audit   'end-of-stream': [ '1.4.5' ],
1611 silly audit   once: [ '1.4.0' ],
1611 silly audit   wrappy: [ '1.0.2' ],
1611 silly audit   'ajv-formats': [ '2.1.1' ],
1611 silly audit   'fast-uri': [ '3.1.0' ],
1611 silly audit   'require-from-string': [ '2.0.2' ],
1611 silly audit   '@esbuild/openharmony-arm64': [ '0.27.3' ]
1611 silly audit }
1612 http cache require-from-string@https://registry.npmjs.org/require-from-string/-/require-from-string-2.0.2.tgz 0ms (cache hit)
1613 http cache ajv-formats@https://registry.npmjs.org/ajv-formats/-/ajv-formats-2.1.1.tgz 0ms (cache hit)
1614 http cache wrappy@https://registry.npmjs.org/wrappy/-/wrappy-1.0.2.tgz 0ms (cache hit)
1615 http cache end-of-stream@https://registry.npmjs.org/end-of-stream/-/end-of-stream-1.4.5.tgz 0ms (cache hit)
1616 http cache pump@https://registry.npmjs.org/pump/-/pump-3.0.4.tgz 0ms (cache hit)
1617 http cache fast-uri@https://registry.npmjs.org/fast-uri/-/fast-uri-3.1.0.tgz 0ms (cache hit)
1618 http cache once@https://registry.npmjs.org/once/-/once-1.4.0.tgz 0ms (cache hit)
1619 http cache webidl-conversions@https://registry.npmjs.org/webidl-conversions/-/webidl-conversions-4.0.2.tgz 0ms (cache hit)
1620 http cache tr46@https://registry.npmjs.org/tr46/-/tr46-1.0.1.tgz 0ms (cache hit)
1621 http cache whatwg-url@https://registry.npmjs.org/whatwg-url/-/whatwg-url-7.1.0.tgz 0ms (cache hit)
1622 http cache pend@https://registry.npmjs.org/pend/-/pend-1.2.0.tgz 0ms (cache hit)
1623 http cache lodash.sortby@https://registry.npmjs.org/lodash.sortby/-/lodash.sortby-4.7.0.tgz 0ms (cache hit)
1624 http cache fd-slicer@https://registry.npmjs.org/fd-slicer/-/fd-slicer-1.1.0.tgz 0ms (cache hit)
1625 http cache buffer-crc32@https://registry.npmjs.org/buffer-crc32/-/buffer-crc32-0.2.13.tgz 0ms (cache hit)
1626 http cache isexe@https://registry.npmjs.org/isexe/-/isexe-2.0.0.tgz 0ms (cache hit)
1627 http cache @jridgewell/source-map@https://registry.npmjs.org/@jridgewell/source-map/-/source-map-0.3.11.tgz 0ms (cache hit)
1628 http cache buffer-from@https://registry.npmjs.org/buffer-from/-/buffer-from-1.1.2.tgz 0ms (cache hit)
1629 http cache has-flag@https://registry.npmjs.org/has-flag/-/has-flag-4.0.0.tgz 0ms (cache hit)
1630 http cache source-map-support@https://registry.npmjs.org/source-map-support/-/source-map-support-0.5.21.tgz 0ms (cache hit)
1631 http cache supports-color@https://registry.npmjs.org/supports-color/-/supports-color-8.1.1.tgz 0ms (cache hit)
1632 http cache jest-worker@https://registry.npmjs.org/jest-worker/-/jest-worker-27.5.1.tgz 0ms (cache hit)
1633 http cache mime-db@https://registry.npmjs.org/mime-db/-/mime-db-1.52.0.tgz 0ms (cache hit)
1634 http cache terser@https://registry.npmjs.org/terser/-/terser-5.46.0.tgz 0ms (cache hit)
1635 http cache estraverse@https://registry.npmjs.org/estraverse/-/estraverse-4.3.0.tgz 0ms (cache hit)
1636 http cache esrecurse@https://registry.npmjs.org/esrecurse/-/esrecurse-4.3.0.tgz 0ms (cache hit)
1637 http cache @xtuc/ieee754@https://registry.npmjs.org/@xtuc/ieee754/-/ieee754-1.2.0.tgz 0ms (cache hit)
1638 http cache @webassemblyjs/utf8@https://registry.npmjs.org/@webassemblyjs/utf8/-/utf8-1.13.2.tgz 0ms (cache hit)
1639 http cache @webassemblyjs/leb128@https://registry.npmjs.org/@webassemblyjs/leb128/-/leb128-1.13.2.tgz 0ms (cache hit)
1640 http cache @webassemblyjs/wast-printer@https://registry.npmjs.org/@webassemblyjs/wast-printer/-/wast-printer-1.14.1.tgz 0ms (cache hit)
1641 http cache @webassemblyjs/wasm-gen@https://registry.npmjs.org/@webassemblyjs/wasm-gen/-/wasm-gen-1.14.1.tgz 1ms (cache hit)
1642 http cache @webassemblyjs/helper-wasm-section@https://registry.npmjs.org/@webassemblyjs/helper-wasm-section/-/helper-wasm-section-1.14.1.tgz 0ms (cache hit)
1643 http cache @webassemblyjs/helper-buffer@https://registry.npmjs.org/@webassemblyjs/helper-buffer/-/helper-buffer-1.14.1.tgz 0ms (cache hit)
1644 http cache @xtuc/long@https://registry.npmjs.org/@xtuc/long/-/long-4.2.2.tgz 0ms (cache hit)
1645 http cache @webassemblyjs/floating-point-hex-parser@https://registry.npmjs.org/@webassemblyjs/floating-point-hex-parser/-/floating-point-hex-parser-1.13.2.tgz 0ms (cache hit)
1646 http cache @webassemblyjs/helper-api-error@https://registry.npmjs.org/@webassemblyjs/helper-api-error/-/helper-api-error-1.13.2.tgz 0ms (cache hit)
1647 http cache @webassemblyjs/wasm-opt@https://registry.npmjs.org/@webassemblyjs/wasm-opt/-/wasm-opt-1.14.1.tgz 0ms (cache hit)
1648 http cache @webassemblyjs/helper-wasm-bytecode@https://registry.npmjs.org/@webassemblyjs/helper-wasm-bytecode/-/helper-wasm-bytecode-1.13.2.tgz 0ms (cache hit)
1649 http cache webpack-sources@https://registry.npmjs.org/webpack-sources/-/webpack-sources-3.3.4.tgz 0ms (cache hit)
1650 http cache @webassemblyjs/helper-numbers@https://registry.npmjs.org/@webassemblyjs/helper-numbers/-/helper-numbers-1.13.2.tgz 0ms (cache hit)
1651 http cache @webassemblyjs/ieee754@https://registry.npmjs.org/@webassemblyjs/ieee754/-/ieee754-1.13.2.tgz 0ms (cache hit)
1652 http cache @types/eslint@https://registry.npmjs.org/@types/eslint/-/eslint-9.6.1.tgz 0ms (cache hit)
1653 http cache watchpack@https://registry.npmjs.org/watchpack/-/watchpack-2.5.1.tgz 0ms (cache hit)
1654 http cache terser-webpack-plugin@https://registry.npmjs.org/terser-webpack-plugin/-/terser-webpack-plugin-5.3.17.tgz 0ms (cache hit)
1655 http cache tapable@https://registry.npmjs.org/tapable/-/tapable-2.3.0.tgz 0ms (cache hit)
1656 http cache mime-types@https://registry.npmjs.org/mime-types/-/mime-types-2.1.35.tgz 0ms (cache hit)
1657 http cache loader-runner@https://registry.npmjs.org/loader-runner/-/loader-runner-4.3.1.tgz 0ms (cache hit)
1658 http cache json-parse-even-better-errors@https://registry.npmjs.org/json-parse-even-better-errors/-/json-parse-even-better-errors-2.3.1.tgz 0ms (cache hit)
1659 http cache glob-to-regexp@https://registry.npmjs.org/glob-to-regexp/-/glob-to-regexp-0.4.1.tgz 0ms (cache hit)
1660 http cache neo-async@https://registry.npmjs.org/neo-async/-/neo-async-2.6.2.tgz 0ms (cache hit)
1661 http cache graceful-fs@https://registry.npmjs.org/graceful-fs/-/graceful-fs-4.2.11.tgz 0ms (cache hit)
1662 http cache events@https://registry.npmjs.org/events/-/events-3.3.0.tgz 0ms (cache hit)
1663 http cache eslint-scope@https://registry.npmjs.org/eslint-scope/-/eslint-scope-5.1.1.tgz 0ms (cache hit)
1664 http cache es-module-lexer@https://registry.npmjs.org/es-module-lexer/-/es-module-lexer-1.7.0.tgz 0ms (cache hit)
1665 http cache enhanced-resolve@https://registry.npmjs.org/enhanced-resolve/-/enhanced-resolve-5.20.0.tgz 0ms (cache hit)
1666 http cache chrome-trace-event@https://registry.npmjs.org/chrome-trace-event/-/chrome-trace-event-1.0.4.tgz 0ms (cache hit)
1667 http cache acorn@https://registry.npmjs.org/acorn/-/acorn-8.16.0.tgz 0ms (cache hit)
1668 http cache @webassemblyjs/wasm-edit@https://registry.npmjs.org/@webassemblyjs/wasm-edit/-/wasm-edit-1.14.1.tgz 0ms (cache hit)
1669 http cache @webassemblyjs/ast@https://registry.npmjs.org/@webassemblyjs/ast/-/ast-1.14.1.tgz 0ms (cache hit)
1670 http cache @webassemblyjs/wasm-parser@https://registry.npmjs.org/@webassemblyjs/wasm-parser/-/wasm-parser-1.14.1.tgz 0ms (cache hit)
1671 http cache @types/eslint-scope@https://registry.npmjs.org/@types/eslint-scope/-/eslint-scope-3.7.7.tgz 0ms (cache hit)
1672 http cache @types/estree@https://registry.npmjs.org/@types/estree/-/estree-1.0.8.tgz 0ms (cache hit)
1673 http cache tinyglobby@https://registry.npmjs.org/tinyglobby/-/tinyglobby-0.2.15.tgz 0ms (cache hit)
1674 http cache rollup@https://registry.npmjs.org/rollup/-/rollup-4.59.0.tgz 0ms (cache hit)
1675 http cache @rollup/rollup-darwin-arm64@https://registry.npmjs.org/@rollup/rollup-darwin-arm64/-/rollup-darwin-arm64-4.59.0.tgz 0ms (cache hit)
1676 http cache picomatch@https://registry.npmjs.org/picomatch/-/picomatch-4.0.3.tgz 0ms (cache hit)
1677 http cache fsevents@https://registry.npmjs.org/fsevents/-/fsevents-2.3.3.tgz 0ms (cache hit)
1678 http cache fdir@https://registry.npmjs.org/fdir/-/fdir-6.5.0.tgz 0ms (cache hit)
1679 http cache shebang-regex@https://registry.npmjs.org/shebang-regex/-/shebang-regex-3.0.0.tgz 0ms (cache hit)
1680 http cache punycode@https://registry.npmjs.org/punycode/-/punycode-2.3.1.tgz 0ms (cache hit)
1681 http cache escalade@https://registry.npmjs.org/escalade/-/escalade-3.2.0.tgz 0ms (cache hit)
1682 http cache uri-js@https://registry.npmjs.org/uri-js/-/uri-js-4.4.1.tgz 0ms (cache hit)
1683 http cache json-schema-traverse@https://registry.npmjs.org/json-schema-traverse/-/json-schema-traverse-0.4.1.tgz 0ms (cache hit)
1684 http cache fast-json-stable-stringify@https://registry.npmjs.org/fast-json-stable-stringify/-/fast-json-stable-stringify-2.1.0.tgz 0ms (cache hit)
1685 http cache ajv-keywords@https://registry.npmjs.org/ajv-keywords/-/ajv-keywords-3.5.2.tgz 0ms (cache hit)
1686 http cache fast-deep-equal@https://registry.npmjs.org/fast-deep-equal/-/fast-deep-equal-3.1.3.tgz 0ms (cache hit)
1687 http cache @types/json-schema@https://registry.npmjs.org/@types/json-schema/-/json-schema-7.0.15.tgz 0ms (cache hit)
1688 http cache tslib@https://registry.npmjs.org/tslib/-/tslib-2.8.1.tgz 0ms (cache hit)
1689 http cache tiny-invariant@https://registry.npmjs.org/tiny-invariant/-/tiny-invariant-1.3.3.tgz 0ms (cache hit)
1690 http cache ajv@https://registry.npmjs.org/ajv/-/ajv-6.14.0.tgz 0ms (cache hit)
1691 http cache esprima@https://registry.npmjs.org/esprima/-/esprima-4.0.1.tgz 0ms (cache hit)
1692 http cache ast-types@https://registry.npmjs.org/ast-types/-/ast-types-0.16.1.tgz 0ms (cache hit)
1693 http cache scheduler@https://registry.npmjs.org/scheduler/-/scheduler-0.23.2.tgz 0ms (cache hit)
1694 http cache object-assign@https://registry.npmjs.org/object-assign/-/object-assign-4.1.1.tgz 0ms (cache hit)
1695 http cache react-is@https://registry.npmjs.org/react-is/-/react-is-16.13.1.tgz 0ms (cache hit)
1696 http cache loose-envify@https://registry.npmjs.org/loose-envify/-/loose-envify-1.4.0.tgz 0ms (cache hit)
1697 http cache sisteransi@https://registry.npmjs.org/sisteransi/-/sisteransi-1.0.5.tgz 0ms (cache hit)
1698 http cache kleur@https://registry.npmjs.org/kleur/-/kleur-3.0.3.tgz 0ms (cache hit)
1699 http cache util-deprecate@https://registry.npmjs.org/util-deprecate/-/util-deprecate-1.0.2.tgz 0ms (cache hit)
1700 http cache cssesc@https://registry.npmjs.org/cssesc/-/cssesc-3.0.0.tgz 0ms (cache hit)
1701 http cache postcss-selector-parser@https://registry.npmjs.org/postcss-selector-parser/-/postcss-selector-parser-7.1.1.tgz 0ms (cache hit)
1702 http cache source-map-js@https://registry.npmjs.org/source-map-js/-/source-map-js-1.2.1.tgz 0ms (cache hit)
1703 http cache nanoid@https://registry.npmjs.org/nanoid/-/nanoid-3.3.11.tgz 0ms (cache hit)
1704 http cache is-wsl@https://registry.npmjs.org/is-wsl/-/is-wsl-2.2.0.tgz 0ms (cache hit)
1705 http cache define-lazy-prop@https://registry.npmjs.org/define-lazy-prop/-/define-lazy-prop-2.0.0.tgz 0ms (cache hit)
1706 http cache mimic-fn@https://registry.npmjs.org/mimic-fn/-/mimic-fn-2.1.0.tgz 0ms (cache hit)
1707 http cache fs-monkey@https://registry.npmjs.org/fs-monkey/-/fs-monkey-1.0.3.tgz 0ms (cache hit)
1708 http cache emojis-list@https://registry.npmjs.org/emojis-list/-/emojis-list-3.0.0.tgz 0ms (cache hit)
1709 http cache big.js@https://registry.npmjs.org/big.js/-/big.js-5.2.2.tgz 0ms (cache hit)
1710 http cache commander@https://registry.npmjs.org/commander/-/commander-8.3.0.tgz 0ms (cache hit)
1711 http cache yallist@https://registry.npmjs.org/yallist/-/yallist-3.1.1.tgz 0ms (cache hit)
1712 http cache undici-types@https://registry.npmjs.org/undici-types/-/undici-types-7.18.2.tgz 0ms (cache hit)
1713 http cache yauzl@https://registry.npmjs.org/yauzl/-/yauzl-2.10.0.tgz 0ms (cache hit)
1714 http cache is-docker@https://registry.npmjs.org/is-docker/-/is-docker-2.2.1.tgz 0ms (cache hit)
1715 http cache @types/yauzl@https://registry.npmjs.org/@types/yauzl/-/yauzl-2.10.3.tgz 0ms (cache hit)
1716 http cache shebang-command@https://registry.npmjs.org/shebang-command/-/shebang-command-2.0.0.tgz 0ms (cache hit)
1717 http cache which@https://registry.npmjs.org/which/-/which-2.0.2.tgz 0ms (cache hit)
1718 http cache strip-final-newline@https://registry.npmjs.org/strip-final-newline/-/strip-final-newline-2.0.0.tgz 0ms (cache hit)
1719 http cache path-key@https://registry.npmjs.org/path-key/-/path-key-3.1.1.tgz 0ms (cache hit)
1720 http cache signal-exit@https://registry.npmjs.org/signal-exit/-/signal-exit-3.0.7.tgz 0ms (cache hit)
1721 http cache onetime@https://registry.npmjs.org/onetime/-/onetime-5.1.2.tgz 0ms (cache hit)
1722 http cache npm-run-path@https://registry.npmjs.org/npm-run-path/-/npm-run-path-4.0.1.tgz 0ms (cache hit)
1723 http cache @types/node@https://registry.npmjs.org/@types/node/-/node-25.3.5.tgz 0ms (cache hit)
1724 http cache human-signals@https://registry.npmjs.org/human-signals/-/human-signals-2.1.0.tgz 0ms (cache hit)
1725 http cache get-stream@https://registry.npmjs.org/get-stream/-/get-stream-6.0.1.tgz 0ms (cache hit)
1726 http cache merge-stream@https://registry.npmjs.org/merge-stream/-/merge-stream-2.0.0.tgz 0ms (cache hit)
1727 http cache is-stream@https://registry.npmjs.org/is-stream/-/is-stream-2.0.1.tgz 0ms (cache hit)
1728 http cache @esbuild/darwin-arm64@https://registry.npmjs.org/@esbuild/darwin-arm64/-/darwin-arm64-0.25.0.tgz 0ms (cache hit)
1729 http cache cross-spawn@https://registry.npmjs.org/cross-spawn/-/cross-spawn-7.0.6.tgz 0ms (cache hit)
1730 http cache ms@https://registry.npmjs.org/ms/-/ms-2.1.3.tgz 0ms (cache hit)
1731 http cache postcss-value-parser@https://registry.npmjs.org/postcss-value-parser/-/postcss-value-parser-4.2.0.tgz 0ms (cache hit)
1732 http cache postcss-modules-values@https://registry.npmjs.org/postcss-modules-values/-/postcss-modules-values-4.0.0.tgz 0ms (cache hit)
1733 http cache postcss-modules-scope@https://registry.npmjs.org/postcss-modules-scope/-/postcss-modules-scope-3.2.1.tgz 0ms (cache hit)
1734 http cache postcss-modules-extract-imports@https://registry.npmjs.org/postcss-modules-extract-imports/-/postcss-modules-extract-imports-3.1.0.tgz 0ms (cache hit)
1735 http cache loader-utils@https://registry.npmjs.org/loader-utils/-/loader-utils-2.0.4.tgz 0ms (cache hit)
1736 http cache postcss@https://registry.npmjs.org/postcss/-/postcss-8.5.8.tgz 0ms (cache hit)
1737 http cache icss-utils@https://registry.npmjs.org/icss-utils/-/icss-utils-5.1.0.tgz 0ms (cache hit)
1738 http cache update-browserslist-db@https://registry.npmjs.org/update-browserslist-db/-/update-browserslist-db-1.2.3.tgz 0ms (cache hit)
1739 http cache schema-utils@https://registry.npmjs.org/schema-utils/-/schema-utils-3.3.0.tgz 0ms (cache hit)
1740 http cache node-releases@https://registry.npmjs.org/node-releases/-/node-releases-2.0.36.tgz 0ms (cache hit)
1741 http cache electron-to-chromium@https://registry.npmjs.org/electron-to-chromium/-/electron-to-chromium-1.5.307.tgz 0ms (cache hit)
1742 http cache caniuse-lite@https://registry.npmjs.org/caniuse-lite/-/caniuse-lite-1.0.30001777.tgz 0ms (cache hit)
1743 http cache baseline-browser-mapping@https://registry.npmjs.org/baseline-browser-mapping/-/baseline-browser-mapping-2.10.0.tgz 0ms (cache hit)
1744 http cache @types/babel__template@https://registry.npmjs.org/@types/babel__template/-/babel__template-7.4.4.tgz 0ms (cache hit)
1745 http cache @types/babel__traverse@https://registry.npmjs.org/@types/babel__traverse/-/babel__traverse-7.28.0.tgz 0ms (cache hit)
1746 http cache @types/babel__generator@https://registry.npmjs.org/@types/babel__generator/-/babel__generator-7.27.0.tgz 0ms (cache hit)
1747 http cache postcss-modules-local-by-default@https://registry.npmjs.org/postcss-modules-local-by-default/-/postcss-modules-local-by-default-4.2.0.tgz 0ms (cache hit)
1748 http cache @jridgewell/resolve-uri@https://registry.npmjs.org/@jridgewell/resolve-uri/-/resolve-uri-3.1.2.tgz 0ms (cache hit)
1749 http cache @jridgewell/sourcemap-codec@https://registry.npmjs.org/@jridgewell/sourcemap-codec/-/sourcemap-codec-1.5.5.tgz 0ms (cache hit)
1750 http cache @babel/helper-string-parser@https://registry.npmjs.org/@babel/helper-string-parser/-/helper-string-parser-7.27.1.tgz 0ms (cache hit)
1751 http cache @babel/helper-plugin-utils@https://registry.npmjs.org/@babel/helper-plugin-utils/-/helper-plugin-utils-7.28.6.tgz 0ms (cache hit)
1752 http cache @babel/helper-module-imports@https://registry.npmjs.org/@babel/helper-module-imports/-/helper-module-imports-7.28.6.tgz 0ms (cache hit)
1753 http cache lru-cache@https://registry.npmjs.org/lru-cache/-/lru-cache-5.1.1.tgz 0ms (cache hit)
1754 http cache @babel/helper-validator-option@https://registry.npmjs.org/@babel/helper-validator-option/-/helper-validator-option-7.27.1.tgz 0ms (cache hit)
1755 http cache browserslist@https://registry.npmjs.org/browserslist/-/browserslist-4.28.1.tgz 0ms (cache hit)
1756 http cache @babel/compat-data@https://registry.npmjs.org/@babel/compat-data/-/compat-data-7.29.0.tgz 0ms (cache hit)
1757 http cache jsesc@https://registry.npmjs.org/jsesc/-/jsesc-3.1.0.tgz 0ms (cache hit)
1758 http cache picocolors@https://registry.npmjs.org/picocolors/-/picocolors-1.1.1.tgz 0ms (cache hit)
1759 http cache @jridgewell/gen-mapping@https://registry.npmjs.org/@jridgewell/gen-mapping/-/gen-mapping-0.3.13.tgz 0ms (cache hit)
1760 http cache @jridgewell/trace-mapping@https://registry.npmjs.org/@jridgewell/trace-mapping/-/trace-mapping-0.3.31.tgz 0ms (cache hit)
1761 http cache @babel/helper-validator-identifier@https://registry.npmjs.org/@babel/helper-validator-identifier/-/helper-validator-identifier-7.28.5.tgz 0ms (cache hit)
1762 http cache js-tokens@https://registry.npmjs.org/js-tokens/-/js-tokens-4.0.0.tgz 0ms (cache hit)
1763 http cache gensync@https://registry.npmjs.org/gensync/-/gensync-1.0.0-beta.2.tgz 0ms (cache hit)
1764 http cache debug@https://registry.npmjs.org/debug/-/debug-4.4.3.tgz 0ms (cache hit)
1765 http cache json5@https://registry.npmjs.org/json5/-/json5-2.2.3.tgz 0ms (cache hit)
1766 http cache @jridgewell/remapping@https://registry.npmjs.org/@jridgewell/remapping/-/remapping-2.3.5.tgz 0ms (cache hit)
1767 http cache @babel/types@https://registry.npmjs.org/@babel/types/-/types-7.29.0.tgz 0ms (cache hit)
1768 http cache @babel/helper-globals@https://registry.npmjs.org/@babel/helper-globals/-/helper-globals-7.28.0.tgz 0ms (cache hit)
1769 http cache @babel/traverse@https://registry.npmjs.org/@babel/traverse/-/traverse-7.29.0.tgz 0ms (cache hit)
1770 http cache @babel/template@https://registry.npmjs.org/@babel/template/-/template-7.28.6.tgz 0ms (cache hit)
1771 http cache @babel/helpers@https://registry.npmjs.org/@babel/helpers/-/helpers-7.28.6.tgz 0ms (cache hit)
1772 http cache @babel/helper-module-transforms@https://registry.npmjs.org/@babel/helper-module-transforms/-/helper-module-transforms-7.28.6.tgz 0ms (cache hit)
1773 http cache convert-source-map@https://registry.npmjs.org/convert-source-map/-/convert-source-map-2.0.0.tgz 0ms (cache hit)
1774 http cache @babel/generator@https://registry.npmjs.org/@babel/generator/-/generator-7.29.1.tgz 0ms (cache hit)
1775 http cache @rolldown/pluginutils@https://registry.npmjs.org/@rolldown/pluginutils/-/pluginutils-1.0.0-beta.27.tgz 0ms (cache hit)
1776 http cache @babel/helper-compilation-targets@https://registry.npmjs.org/@babel/helper-compilation-targets/-/helper-compilation-targets-7.28.6.tgz 0ms (cache hit)
1777 http cache @babel/code-frame@https://registry.npmjs.org/@babel/code-frame/-/code-frame-7.29.0.tgz 0ms (cache hit)
1778 http cache @babel/plugin-transform-react-jsx-source@https://registry.npmjs.org/@babel/plugin-transform-react-jsx-source/-/plugin-transform-react-jsx-source-7.27.1.tgz 0ms (cache hit)
1779 http cache @babel/core@https://registry.npmjs.org/@babel/core/-/core-7.29.0.tgz 0ms (cache hit)
1780 http cache recast@https://registry.npmjs.org/recast/-/recast-0.23.9.tgz 0ms (cache hit)
1781 http cache @babel/parser@https://registry.npmjs.org/@babel/parser/-/parser-7.24.1.tgz 0ms (cache hit)
1782 http cache @babel/plugin-transform-react-jsx-self@https://registry.npmjs.org/@babel/plugin-transform-react-jsx-self/-/plugin-transform-react-jsx-self-7.27.1.tgz 0ms (cache hit)
1783 http cache semver@https://registry.npmjs.org/semver/-/semver-7.5.3.tgz 0ms (cache hit)
1784 http cache open@https://registry.npmjs.org/open/-/open-8.4.2.tgz 0ms (cache hit)
1785 http cache memfs@https://registry.npmjs.org/memfs/-/memfs-3.4.3.tgz 0ms (cache hit)
1786 http cache @remotion/media-parser@https://registry.npmjs.org/@remotion/media-parser/-/media-parser-4.0.290.tgz 0ms (cache hit)
1787 http cache @remotion/zod-types@https://registry.npmjs.org/@remotion/zod-types/-/zod-types-4.0.290.tgz 0ms (cache hit)
1788 http cache zod@https://registry.npmjs.org/zod/-/zod-3.22.3.tgz 0ms (cache hit)
1789 http cache @types/babel__core@https://registry.npmjs.org/@types/babel__core/-/babel__core-7.20.5.tgz 0ms (cache hit)
1790 http cache extract-zip@https://registry.npmjs.org/extract-zip/-/extract-zip-2.0.1.tgz 0ms (cache hit)
1791 http cache ws@https://registry.npmjs.org/ws/-/ws-8.17.1.tgz 0ms (cache hit)
1792 http cache @remotion/streaming@https://registry.npmjs.org/@remotion/streaming/-/streaming-4.0.290.tgz 0ms (cache hit)
1793 http cache @remotion/compositor-darwin-arm64@https://registry.npmjs.org/@remotion/compositor-darwin-arm64/-/compositor-darwin-arm64-4.0.290.tgz 0ms (cache hit)
1794 http cache style-loader@https://registry.npmjs.org/style-loader/-/style-loader-4.0.0.tgz 0ms (cache hit)
1795 http cache source-map@https://registry.npmjs.org/source-map/-/source-map-0.7.3.tgz 0ms (cache hit)
1796 http cache react-refresh@https://registry.npmjs.org/react-refresh/-/react-refresh-0.9.0.tgz 0ms (cache hit)
1797 http cache esbuild@https://registry.npmjs.org/esbuild/-/esbuild-0.25.0.tgz 0ms (cache hit)
1798 http cache webpack@https://registry.npmjs.org/webpack/-/webpack-5.96.1.tgz 0ms (cache hit)
1799 http cache minimist@https://registry.npmjs.org/minimist/-/minimist-1.2.6.tgz 0ms (cache hit)
1800 http cache css-loader@https://registry.npmjs.org/css-loader/-/css-loader-5.2.7.tgz 0ms (cache hit)
1801 http cache prompts@https://registry.npmjs.org/prompts/-/prompts-2.4.2.tgz 0ms (cache hit)
1802 http cache dotenv@https://registry.npmjs.org/dotenv/-/dotenv-9.0.2.tgz 0ms (cache hit)
1803 http cache @remotion/studio-shared@https://registry.npmjs.org/@remotion/studio-shared/-/studio-shared-4.0.290.tgz 0ms (cache hit)
1804 http cache @remotion/studio@https://registry.npmjs.org/@remotion/studio/-/studio-4.0.290.tgz 0ms (cache hit)
1805 http cache execa@https://registry.npmjs.org/execa/-/execa-5.1.1.tgz 0ms (cache hit)
1806 http cache @remotion/studio-server@https://registry.npmjs.org/@remotion/studio-server/-/studio-server-4.0.290.tgz 0ms (cache hit)
1807 http cache @remotion/media-utils@https://registry.npmjs.org/@remotion/media-utils/-/media-utils-4.0.290.tgz 0ms (cache hit)
1808 http cache @remotion/renderer@https://registry.npmjs.org/@remotion/renderer/-/renderer-4.0.290.tgz 0ms (cache hit)
1809 http cache @remotion/bundler@https://registry.npmjs.org/@remotion/bundler/-/bundler-4.0.290.tgz 0ms (cache hit)
1810 http cache prop-types@https://registry.npmjs.org/prop-types/-/prop-types-15.8.1.tgz 0ms (cache hit)
1811 http cache react-katex@https://registry.npmjs.org/react-katex/-/react-katex-3.1.0.tgz 0ms (cache hit)
1812 http cache remotion@https://registry.npmjs.org/remotion/-/remotion-4.0.290.tgz 0ms (cache hit)
1813 http cache vite@https://registry.npmjs.org/vite/-/vite-7.3.1.tgz 0ms (cache hit)
1814 http cache katex@https://registry.npmjs.org/katex/-/katex-0.16.38.tgz 0ms (cache hit)
1815 http cache @remotion/player@https://registry.npmjs.org/@remotion/player/-/player-4.0.290.tgz 0ms (cache hit)
1816 http cache react-dom@https://registry.npmjs.org/react-dom/-/react-dom-18.3.1.tgz 0ms (cache hit)
1817 http cache react@https://registry.npmjs.org/react/-/react-18.3.1.tgz 0ms (cache hit)
1818 http cache @remotion/cli@https://registry.npmjs.org/@remotion/cli/-/cli-4.0.290.tgz 0ms (cache hit)
1819 http cache @vitejs/plugin-react@https://registry.npmjs.org/@vitejs/plugin-react/-/plugin-react-4.7.0.tgz 0ms (cache hit)
1820 http cache source-map@https://registry.npmjs.org/source-map/-/source-map-0.6.1.tgz 0ms (cache hit)
1821 http cache ajv@https://registry.npmjs.org/ajv/-/ajv-8.18.0.tgz 0ms (cache hit)
1822 http cache commander@https://registry.npmjs.org/commander/-/commander-2.20.3.tgz 0ms (cache hit)
1823 http cache estraverse@https://registry.npmjs.org/estraverse/-/estraverse-5.3.0.tgz 0ms (cache hit)
1824 http cache json-schema-traverse@https://registry.npmjs.org/json-schema-traverse/-/json-schema-traverse-1.0.0.tgz 0ms (cache hit)
1825 http cache ajv-keywords@https://registry.npmjs.org/ajv-keywords/-/ajv-keywords-5.1.0.tgz 0ms (cache hit)
1826 http cache ajv@https://registry.npmjs.org/ajv/-/ajv-8.18.0.tgz 0ms (cache hit)
1827 http cache schema-utils@https://registry.npmjs.org/schema-utils/-/schema-utils-4.3.3.tgz 0ms (cache hit)
1828 http cache @babel/parser@https://registry.npmjs.org/@babel/parser/-/parser-7.29.0.tgz 0ms (cache hit)
1829 http cache @babel/parser@https://registry.npmjs.org/@babel/parser/-/parser-7.29.0.tgz 0ms (cache hit)
1830 http cache @babel/parser@https://registry.npmjs.org/@babel/parser/-/parser-7.29.0.tgz 0ms (cache hit)
1831 http cache semver@https://registry.npmjs.org/semver/-/semver-6.3.1.tgz 0ms (cache hit)
1832 http cache semver@https://registry.npmjs.org/semver/-/semver-6.3.1.tgz 0ms (cache hit)
1833 http cache source-map@https://registry.npmjs.org/source-map/-/source-map-0.6.1.tgz 0ms (cache hit)
1834 http cache @babel/parser@https://registry.npmjs.org/@babel/parser/-/parser-7.29.0.tgz 0ms (cache hit)
1835 http cache yallist@https://registry.npmjs.org/yallist/-/yallist-4.0.0.tgz 0ms (cache hit)
1836 http cache lru-cache@https://registry.npmjs.org/lru-cache/-/lru-cache-6.0.0.tgz 0ms (cache hit)
1837 http cache get-stream@https://registry.npmjs.org/get-stream/-/get-stream-5.2.0.tgz 0ms (cache hit)
1838 http cache source-map@https://registry.npmjs.org/source-map/-/source-map-0.8.0-beta.0.tgz 0ms (cache hit)
1839 http cache @esbuild/darwin-arm64@https://registry.npmjs.org/@esbuild/darwin-arm64/-/darwin-arm64-0.27.3.tgz 0ms (cache hit)
1840 http cache esbuild@https://registry.npmjs.org/esbuild/-/esbuild-0.27.3.tgz 0ms (cache hit)
1841 http cache json-schema-traverse@https://registry.npmjs.org/json-schema-traverse/-/json-schema-traverse-1.0.0.tgz 0ms (cache hit)
1842 http cache react-refresh@https://registry.npmjs.org/react-refresh/-/react-refresh-0.17.0.tgz 0ms (cache hit)
1843 silly tarball no local data for recast@https://registry.npmjs.org/recast/-/recast-0.23.9.tgz. Extracting by manifest.
1844 silly tarball no local data for dotenv@https://registry.npmjs.org/dotenv/-/dotenv-9.0.2.tgz. Extracting by manifest.
1845 silly tarball no local data for @remotion/studio-server@https://registry.npmjs.org/@remotion/studio-server/-/studio-server-4.0.290.tgz. Extracting by manifest.
1846 silly tarball no local data for @remotion/cli@https://registry.npmjs.org/@remotion/cli/-/cli-4.0.290.tgz. Extracting by manifest.
1847 http fetch POST 200 https://registry.npmjs.org/-/npm/v1/security/advisories/bulk 605ms
1848 silly audit report {
1848 silly audit report   webpack: [
1848 silly audit report     {
1848 silly audit report       id: 1113041,
1848 silly audit report       url: 'https://github.com/advisories/GHSA-8fgc-7cc6-rx7x',
1848 silly audit report       title: 'webpack buildHttp: allowedUris allow-list bypass via URL userinfo (@) leading to build-time SSRF behavior',
1848 silly audit report       severity: 'low',
1848 silly audit report       vulnerable_versions: '>=5.49.0 <=5.104.0',
1848 silly audit report       cwe: [Array],
1848 silly audit report       cvss: [Object]
1848 silly audit report     },
1848 silly audit report     {
1848 silly audit report       id: 1113042,
1848 silly audit report       url: 'https://github.com/advisories/GHSA-38r7-794h-5758',
1848 silly audit report       title: 'webpack buildHttp HttpUriPlugin allowedUris bypass via HTTP redirects → SSRF + cache persistence',
1848 silly audit report       severity: 'low',
1848 silly audit report       vulnerable_versions: '>=5.49.0 <5.104.0',
1848 silly audit report       cwe: [Array],
1848 silly audit report       cvss: [Object]
1848 silly audit report     }
1848 silly audit report   ]
1848 silly audit report }
1849 silly packumentCache corgi:https://registry.npmjs.org/webpack cache-miss
1850 http cache https://registry.npmjs.org/webpack 124ms (cache hit)
1851 silly packumentCache corgi:https://registry.npmjs.org/webpack set size:1999728 disposed:false
1852 silly packumentCache corgi:https://registry.npmjs.org/@remotion%2fbundler cache-miss
1853 silly packumentCache corgi:https://registry.npmjs.org/css-loader cache-miss
1854 silly packumentCache corgi:https://registry.npmjs.org/style-loader cache-miss
1855 silly packumentCache corgi:https://registry.npmjs.org/terser-webpack-plugin cache-miss
1856 http fetch GET 200 https://registry.npmjs.org/dotenv/-/dotenv-9.0.2.tgz 724ms (cache miss)
1857 http cache https://registry.npmjs.org/css-loader 51ms (cache hit)
1858 silly packumentCache corgi:https://registry.npmjs.org/css-loader set size:243401 disposed:false
1859 http cache https://registry.npmjs.org/style-loader 56ms (cache hit)
1860 silly packumentCache corgi:https://registry.npmjs.org/style-loader set size:87141 disposed:false
1861 http cache https://registry.npmjs.org/terser-webpack-plugin 59ms (cache hit)
1862 silly packumentCache corgi:https://registry.npmjs.org/terser-webpack-plugin set size:205225 disposed:false
1863 http cache https://registry.npmjs.org/@remotion%2fbundler 66ms (cache hit)
1864 silly packumentCache corgi:https://registry.npmjs.org/@remotion%2fbundler set size:2147210 disposed:false
1865 silly packumentCache corgi:https://registry.npmjs.org/@remotion%2fcli cache-miss
1866 silly packumentCache corgi:https://registry.npmjs.org/@remotion%2fstudio-server cache-miss
1867 warn deprecated source-map@0.8.0-beta.0: The work that was done in this beta branch won't be included in future versions
1868 http fetch GET 200 https://registry.npmjs.org/recast/-/recast-0.23.9.tgz 1074ms (cache miss)
1869 http fetch GET 200 https://registry.npmjs.org/@remotion%2fstudio-server 1756ms (cache updated)
1870 silly packumentCache corgi:https://registry.npmjs.org/@remotion%2fstudio-server set size:undefined disposed:false
1871 http fetch GET 200 https://registry.npmjs.org/@remotion%2fcli 1928ms (cache updated)
1872 silly packumentCache corgi:https://registry.npmjs.org/@remotion%2fcli set size:undefined disposed:false
1873 http fetch GET 200 https://registry.npmjs.org/@remotion/studio-server/-/studio-server-4.0.290.tgz 3013ms (cache miss)
1874 http fetch GET 200 https://registry.npmjs.org/@remotion/cli/-/cli-4.0.290.tgz 3122ms (cache miss)
1875 info run fsevents@2.3.3 install node_modules/fsevents node-gyp rebuild
1876 info run fsevents@2.3.3 install { code: 7, signal: null }
1877 verbose reify failed optional dependency /Users/rosario/Desktop/q&A/jee-video-gen/remotion/node_modules/fsevents
1878 silly reify mark deleted [
1878 silly reify   '/Users/rosario/Desktop/q&A/jee-video-gen/remotion/node_modules/fsevents'
1878 silly reify ]
1879 info run esbuild@0.25.0 postinstall node_modules/esbuild node install.js
1880 info run esbuild@0.27.3 postinstall node_modules/vite/node_modules/esbuild node install.js
1881 info run esbuild@0.27.3 postinstall { code: 0, signal: null }
1882 info run esbuild@0.25.0 postinstall { code: 0, signal: null }
1883 silly ADD node_modules/require-from-string
1884 silly ADD node_modules/fast-uri
1885 silly ADD node_modules/ajv-formats
1886 silly ADD node_modules/ajv-formats/node_modules/json-schema-traverse
1887 silly ADD node_modules/ajv-formats/node_modules/ajv
1888 silly ADD node_modules/wrappy
1889 silly ADD node_modules/once
1890 silly ADD node_modules/end-of-stream
1891 silly ADD node_modules/pump
1892 silly ADD node_modules/webidl-conversions
1893 silly ADD node_modules/tr46
1894 silly ADD node_modules/lodash.sortby
1895 silly ADD node_modules/whatwg-url
1896 silly ADD node_modules/pend
1897 silly ADD node_modules/fd-slicer
1898 silly ADD node_modules/buffer-crc32
1899 silly ADD node_modules/isexe
1900 silly ADD node_modules/buffer-from
1901 silly ADD node_modules/source-map-support
1902 silly ADD node_modules/source-map-support/node_modules/source-map
1903 silly ADD node_modules/@jridgewell/source-map
1904 silly ADD node_modules/has-flag
1905 silly ADD node_modules/supports-color
1906 silly ADD node_modules/terser
1907 silly ADD node_modules/terser/node_modules/commander
1908 silly ADD node_modules/jest-worker
1909 silly ADD node_modules/mime-db
1910 silly ADD node_modules/estraverse
1911 silly ADD node_modules/esrecurse
1912 silly ADD node_modules/esrecurse/node_modules/estraverse
1913 silly ADD node_modules/@xtuc/ieee754
1914 silly ADD node_modules/@webassemblyjs/utf8
1915 silly ADD node_modules/@webassemblyjs/leb128
1916 silly ADD node_modules/@webassemblyjs/ieee754
1917 silly ADD node_modules/@webassemblyjs/wast-printer
1918 silly ADD node_modules/@webassemblyjs/wasm-opt
1919 silly ADD node_modules/@webassemblyjs/wasm-gen
1920 silly ADD node_modules/@webassemblyjs/helper-wasm-section
1921 silly ADD node_modules/@webassemblyjs/helper-buffer
1922 silly ADD node_modules/@xtuc/long
1923 silly ADD node_modules/@webassemblyjs/helper-api-error
1924 silly ADD node_modules/@webassemblyjs/floating-point-hex-parser
1925 silly ADD node_modules/@webassemblyjs/helper-wasm-bytecode
1926 silly ADD node_modules/@webassemblyjs/helper-numbers
1927 silly ADD node_modules/@types/eslint
1928 silly ADD node_modules/webpack-sources
1929 silly ADD node_modules/watchpack
1930 silly ADD node_modules/terser-webpack-plugin
1931 silly ADD node_modules/terser-webpack-plugin/node_modules/json-schema-traverse
1932 silly ADD node_modules/terser-webpack-plugin/node_modules/ajv-keywords
1933 silly ADD node_modules/terser-webpack-plugin/node_modules/ajv
1934 silly ADD node_modules/terser-webpack-plugin/node_modules/schema-utils
1935 silly ADD node_modules/tapable
1936 silly ADD node_modules/neo-async
1937 silly ADD node_modules/mime-types
1938 silly ADD node_modules/loader-runner
1939 silly ADD node_modules/json-parse-even-better-errors
1940 silly ADD node_modules/graceful-fs
1941 silly ADD node_modules/glob-to-regexp
1942 silly ADD node_modules/events
1943 silly ADD node_modules/eslint-scope
1944 silly ADD node_modules/es-module-lexer
1945 silly ADD node_modules/enhanced-resolve
1946 silly ADD node_modules/chrome-trace-event
1947 silly ADD node_modules/acorn
1948 silly ADD node_modules/@webassemblyjs/wasm-parser
1949 silly ADD node_modules/@webassemblyjs/wasm-edit
1950 silly ADD node_modules/@webassemblyjs/ast
1951 silly ADD node_modules/@types/eslint-scope
1952 silly ADD node_modules/@types/estree
1953 silly ADD node_modules/@rollup/rollup-darwin-arm64
1954 silly ADD node_modules/tinyglobby
1955 silly ADD node_modules/rollup
1956 silly ADD node_modules/picomatch
1957 silly ADD
1958 silly ADD node_modules/fdir
1959 silly ADD node_modules/punycode
1960 silly ADD node_modules/escalade
1961 silly ADD node_modules/shebang-regex
1962 silly ADD node_modules/uri-js
1963 silly ADD node_modules/json-schema-traverse
1964 silly ADD node_modules/fast-json-stable-stringify
1965 silly ADD node_modules/fast-deep-equal
1966 silly ADD node_modules/ajv-keywords
1967 silly ADD node_modules/ajv
1968 silly ADD node_modules/@types/json-schema
1969 silly ADD node_modules/tslib
1970 silly ADD node_modules/tiny-invariant
1971 silly ADD node_modules/esprima
1972 silly ADD node_modules/ast-types
1973 silly ADD node_modules/scheduler
1974 silly ADD node_modules/react-is
1975 silly ADD node_modules/object-assign
1976 silly ADD node_modules/loose-envify
1977 silly ADD node_modules/sisteransi
1978 silly ADD node_modules/kleur
1979 silly ADD node_modules/util-deprecate
1980 silly ADD node_modules/cssesc
1981 silly ADD node_modules/postcss-selector-parser
1982 silly ADD node_modules/source-map-js
1983 silly ADD node_modules/nanoid
1984 silly ADD node_modules/is-wsl
1985 silly ADD node_modules/is-docker
1986 silly ADD node_modules/define-lazy-prop
1987 silly ADD node_modules/mimic-fn
1988 silly ADD node_modules/fs-monkey
1989 silly ADD node_modules/yallist
1990 silly ADD node_modules/emojis-list
1991 silly ADD node_modules/big.js
1992 silly ADD node_modules/commander
1993 silly ADD node_modules/undici-types
1994 silly ADD node_modules/@types/node
1995 silly ADD node_modules/yauzl
1996 silly ADD node_modules/@types/yauzl
1997 silly ADD node_modules/which
1998 silly ADD node_modules/shebang-command
1999 silly ADD node_modules/path-key
2000 silly ADD node_modules/strip-final-newline
2001 silly ADD node_modules/signal-exit
2002 silly ADD node_modules/onetime
2003 silly ADD node_modules/npm-run-path
2004 silly ADD node_modules/merge-stream
2005 silly ADD node_modules/is-stream
2006 silly ADD node_modules/human-signals
2007 silly ADD node_modules/get-stream
2008 silly ADD node_modules/cross-spawn
2009 silly ADD node_modules/@esbuild/darwin-arm64
2010 silly ADD node_modules/ms
2011 silly ADD node_modules/schema-utils
2012 silly ADD node_modules/postcss-value-parser
2013 silly ADD node_modules/postcss-modules-values
2014 silly ADD node_modules/postcss-modules-scope
2015 silly ADD node_modules/postcss-modules-local-by-default
2016 silly ADD node_modules/postcss-modules-extract-imports
2017 silly ADD node_modules/loader-utils
2018 silly ADD node_modules/postcss
2019 silly ADD node_modules/icss-utils
2020 silly ADD node_modules/update-browserslist-db
2021 silly ADD node_modules/node-releases
2022 silly ADD node_modules/electron-to-chromium
2023 silly ADD node_modules/caniuse-lite
2024 silly ADD node_modules/baseline-browser-mapping
2025 silly ADD node_modules/@types/babel__traverse
2026 silly ADD node_modules/@types/babel__template
2027 silly ADD node_modules/@types/babel__generator
2028 silly ADD node_modules/@jridgewell/resolve-uri
2029 silly ADD node_modules/@jridgewell/sourcemap-codec
2030 silly ADD node_modules/@babel/helper-string-parser
2031 silly ADD node_modules/@babel/helper-globals
2032 silly ADD node_modules/@babel/helper-plugin-utils
2033 silly ADD node_modules/@babel/helper-module-imports
2034 silly ADD node_modules/lru-cache
2035 silly ADD node_modules/browserslist
2036 silly ADD node_modules/@babel/helper-validator-option
2037 silly ADD node_modules/@babel/compat-data
2038 silly ADD node_modules/jsesc
2039 silly ADD node_modules/@jridgewell/trace-mapping
2040 silly ADD node_modules/@jridgewell/gen-mapping
2041 silly ADD node_modules/picocolors
2042 silly ADD node_modules/js-tokens
2043 silly ADD node_modules/@babel/helper-validator-identifier
2044 silly ADD node_modules/json5
2045 silly ADD node_modules/gensync
2046 silly ADD node_modules/debug
2047 silly ADD node_modules/convert-source-map
2048 silly ADD node_modules/@jridgewell/remapping
2049 silly ADD node_modules/@babel/types
2050 silly ADD node_modules/@babel/traverse
2051 silly ADD node_modules/@babel/traverse/node_modules/@babel/parser
2052 silly ADD node_modules/@babel/template
2053 silly ADD node_modules/@babel/template/node_modules/@babel/parser
2054 silly ADD node_modules/@babel/helpers
2055 silly ADD node_modules/@babel/helper-module-transforms
2056 silly ADD node_modules/@babel/helper-compilation-targets
2057 silly ADD node_modules/@babel/helper-compilation-targets/node_modules/semver
2058 silly ADD node_modules/@babel/generator
2059 silly ADD node_modules/@babel/generator/node_modules/@babel/parser
2060 silly ADD node_modules/@babel/code-frame
2061 silly ADD node_modules/@types/babel__core
2062 silly ADD node_modules/@rolldown/pluginutils
2063 silly ADD node_modules/@babel/plugin-transform-react-jsx-source
2064 silly ADD node_modules/@babel/plugin-transform-react-jsx-self
2065 silly ADD node_modules/@babel/core
2066 silly ADD node_modules/@babel/core/node_modules/semver
2067 silly ADD node_modules/@babel/core/node_modules/@babel/parser
2068 silly ADD node_modules/recast
2069 silly ADD node_modules/recast/node_modules/source-map
2070 silly ADD node_modules/@babel/parser
2071 silly ADD node_modules/semver
2072 silly ADD node_modules/semver/node_modules/yallist
2073 silly ADD node_modules/semver/node_modules/lru-cache
2074 silly ADD node_modules/open
2075 silly ADD node_modules/memfs
2076 silly ADD node_modules/zod
2077 silly ADD node_modules/@remotion/zod-types
2078 silly ADD node_modules/@remotion/media-parser
2079 silly ADD node_modules/ws
2080 silly ADD node_modules/extract-zip
2081 silly ADD node_modules/extract-zip/node_modules/get-stream
2082 silly ADD node_modules/execa
2083 silly ADD node_modules/@remotion/streaming
2084 silly ADD node_modules/@remotion/compositor-darwin-arm64
2085 silly ADD node_modules/style-loader
2086 silly ADD node_modules/source-map
2087 silly ADD node_modules/react-refresh
2088 silly ADD node_modules/esbuild
2089 silly ADD node_modules/webpack
2090 silly ADD node_modules/css-loader
2091 silly ADD node_modules/prompts
2092 silly ADD node_modules/minimist
2093 silly ADD node_modules/dotenv
2094 silly ADD node_modules/@remotion/studio-shared
2095 silly ADD node_modules/@remotion/studio-server
2096 silly ADD node_modules/@remotion/studio
2097 silly ADD node_modules/@remotion/renderer
2098 silly ADD node_modules/@remotion/renderer/node_modules/source-map
2099 silly ADD node_modules/@remotion/media-utils
2100 silly ADD node_modules/@remotion/bundler
2101 silly ADD node_modules/remotion
2102 silly ADD node_modules/prop-types
2103 silly ADD node_modules/react-katex
2104 silly ADD node_modules/katex
2105 silly ADD node_modules/vite
2106 silly ADD node_modules/vite/node_modules/@esbuild/darwin-arm64
2107 silly ADD node_modules/vite/node_modules/esbuild
2108 silly ADD node_modules/@vitejs/plugin-react
2109 silly ADD node_modules/@vitejs/plugin-react/node_modules/react-refresh
2110 silly ADD node_modules/@remotion/player
2111 silly ADD node_modules/react-dom
2112 silly ADD node_modules/react
2113 silly ADD node_modules/@remotion/cli
2114 verbose cwd /Users/rosario/Desktop/q&A/jee-video-gen/remotion
2115 verbose os Darwin 25.0.0
2116 verbose node v24.13.0
2117 verbose npm  v11.6.2
2118 verbose exit 0
2119 info ok
