0 verbose cli /usr/local/bin/node /usr/local/bin/npm
1 info using npm@11.6.2
2 info using node@v24.13.0
3 silly config load:file:/usr/local/lib/node_modules/npm/npmrc
4 silly config load:file:/Users/rosario/Desktop/q&A/jee-video-gen/backend/.npmrc
5 silly config load:file:/Users/rosario/.npmrc
6 silly config load:file:/usr/local/etc/npmrc
7 verbose title npm install
8 verbose argv "install"
9 verbose logfile logs-max:10 dir:/Users/rosario/Desktop/LMS app/admin-dashboard/.npm_cache/_logs/2026-03-09T17_32_39_324Z-
10 verbose logfile /Users/rosario/Desktop/LMS app/admin-dashboard/.npm_cache/_logs/2026-03-09T17_32_39_324Z-debug-0.log
11 silly logfile start cleaning logs, removing 1 files
12 silly packumentCache heap:2348810240 maxSize:587202560 maxEntrySize:293601280
13 silly logfile done cleaning log files
14 silly idealTree buildDeps
15 silly fetch manifest @google-cloud/text-to-speech@^5.3.0
16 silly packumentCache full:https://registry.npmjs.org/@google-cloud%2ftext-to-speech cache-miss
17 http fetch GET 200 https://registry.npmjs.org/@google-cloud%2ftext-to-speech 892ms (cache revalidated)
18 silly packumentCache full:https://registry.npmjs.org/@google-cloud%2ftext-to-speech set size:242059 disposed:false
19 silly fetch manifest @google/generative-ai@^0.21.0
20 silly packumentCache full:https://registry.npmjs.org/@google%2fgenerative-ai cache-miss
21 http fetch GET 200 https://registry.npmjs.org/@google%2fgenerative-ai 103ms (cache revalidated)
22 silly packumentCache full:https://registry.npmjs.org/@google%2fgenerative-ai set size:118041 disposed:false
23 silly fetch manifest @remotion/bundler@4.0.290
24 silly packumentCache full:https://registry.npmjs.org/@remotion%2fbundler cache-miss
25 http fetch GET 200 https://registry.npmjs.org/@remotion%2fbundler 1542ms (cache revalidated)
26 silly packumentCache full:https://registry.npmjs.org/@remotion%2fbundler set size:3452446 disposed:false
27 silly fetch manifest react@>=16.8.0
28 silly packumentCache full:https://registry.npmjs.org/react cache-miss
29 http cache https://registry.npmjs.org/react 16ms (cache hit)
30 silly packumentCache full:https://registry.npmjs.org/react set size:6535664 disposed:false
31 silly fetch manifest react-dom@>=16.8.0
32 silly packumentCache full:https://registry.npmjs.org/react-dom cache-miss
33 http cache https://registry.npmjs.org/react-dom 23ms (cache hit)
34 silly packumentCache full:https://registry.npmjs.org/react-dom set size:8671691 disposed:false
35 silly fetch manifest @remotion/renderer@4.0.290
36 silly packumentCache full:https://registry.npmjs.org/@remotion%2frenderer cache-miss
37 http fetch GET 200 https://registry.npmjs.org/@remotion%2frenderer 1076ms (cache revalidated)
38 silly packumentCache full:https://registry.npmjs.org/@remotion%2frenderer set size:3739163 disposed:false
39 silly fetch manifest bullmq@^5.7.0
40 silly packumentCache full:https://registry.npmjs.org/bullmq cache-miss
41 http fetch GET 200 https://registry.npmjs.org/bullmq 753ms (cache miss)
42 silly packumentCache full:https://registry.npmjs.org/bullmq set size:undefined disposed:false
43 silly fetch manifest cors@^2.8.5
44 silly packumentCache full:https://registry.npmjs.org/cors cache-miss
45 http fetch GET 200 https://registry.npmjs.org/cors 112ms (cache miss)
46 silly packumentCache full:https://registry.npmjs.org/cors set size:undefined disposed:false
47 silly fetch manifest dotenv@^16.4.5
48 silly packumentCache full:https://registry.npmjs.org/dotenv cache-miss
49 http fetch GET 200 https://registry.npmjs.org/dotenv 101ms (cache revalidated)
50 silly packumentCache full:https://registry.npmjs.org/dotenv set size:270065 disposed:false
51 silly fetch manifest express@^4.19.2
52 silly packumentCache full:https://registry.npmjs.org/express cache-miss
53 http fetch GET 200 https://registry.npmjs.org/express 418ms (cache miss)
54 silly packumentCache full:https://registry.npmjs.org/express set size:undefined disposed:false
55 silly fetch manifest ioredis@^5.3.2
56 silly packumentCache full:https://registry.npmjs.org/ioredis cache-miss
57 http fetch GET 200 https://registry.npmjs.org/ioredis 917ms (cache miss)
58 silly packumentCache full:https://registry.npmjs.org/ioredis set size:undefined disposed:false
59 silly fetch manifest slugify@^1.6.6
60 silly packumentCache full:https://registry.npmjs.org/slugify cache-miss
61 http fetch GET 200 https://registry.npmjs.org/slugify 113ms (cache updated)
62 silly packumentCache full:https://registry.npmjs.org/slugify set size:undefined disposed:false
63 silly fetch manifest uuid@^10.0.0
64 silly packumentCache full:https://registry.npmjs.org/uuid cache-miss
65 http fetch GET 200 https://registry.npmjs.org/uuid 96ms (cache revalidated)
66 silly packumentCache full:https://registry.npmjs.org/uuid set size:224608 disposed:false
67 silly fetch manifest music-metadata@^10.2.2
68 silly packumentCache full:https://registry.npmjs.org/music-metadata cache-miss
69 http fetch GET 200 https://registry.npmjs.org/music-metadata 128ms (cache miss)
70 silly packumentCache full:https://registry.npmjs.org/music-metadata set size:undefined disposed:false
71 silly fetch manifest nodemon@^3.1.0
72 silly packumentCache full:https://registry.npmjs.org/nodemon cache-miss
73 http fetch GET 200 https://registry.npmjs.org/nodemon 110ms (cache miss)
74 silly packumentCache full:https://registry.npmjs.org/nodemon set size:undefined disposed:false
75 silly fetch manifest jest@^29.7.0
76 silly packumentCache full:https://registry.npmjs.org/jest cache-miss
77 http fetch GET 200 https://registry.npmjs.org/jest 129ms (cache miss)
78 silly packumentCache full:https://registry.npmjs.org/jest set size:undefined disposed:false
79 silly fetch manifest node-notifier@^8.0.1 || ^9.0.0 || ^10.0.0
80 silly packumentCache full:https://registry.npmjs.org/node-notifier cache-miss
81 http fetch GET 200 https://registry.npmjs.org/node-notifier 106ms (cache miss)
82 silly packumentCache full:https://registry.npmjs.org/node-notifier set size:undefined disposed:false
83 silly placeDep ROOT @google-cloud/text-to-speech@5.8.1 OK for: jee-video-gen-backend@1.0.0 want: ^5.3.0
84 silly placeDep ROOT @google/generative-ai@0.21.0 OK for: jee-video-gen-backend@1.0.0 want: ^0.21.0
85 silly placeDep ROOT @remotion/bundler@4.0.290 OK for: jee-video-gen-backend@1.0.0 want: 4.0.290
86 silly placeDep ROOT react@19.2.4 OK for: @remotion/bundler@4.0.290 want: >=16.8.0
87 silly placeDep ROOT react-dom@19.2.4 OK for: @remotion/bundler@4.0.290 want: >=16.8.0
88 silly placeDep ROOT @remotion/renderer@4.0.290 OK for: jee-video-gen-backend@1.0.0 want: 4.0.290
89 silly placeDep ROOT bullmq@5.70.4 OK for: jee-video-gen-backend@1.0.0 want: ^5.7.0
90 silly placeDep ROOT cors@2.8.6 OK for: jee-video-gen-backend@1.0.0 want: ^2.8.5
91 silly placeDep ROOT dotenv@16.6.1 OK for: jee-video-gen-backend@1.0.0 want: ^16.4.5
92 silly placeDep ROOT express@4.22.1 OK for: jee-video-gen-backend@1.0.0 want: ^4.19.2
93 silly placeDep ROOT ioredis@5.10.0 OK for: jee-video-gen-backend@1.0.0 want: ^5.3.2
94 silly placeDep ROOT jest@29.7.0 OK for: jee-video-gen-backend@1.0.0 want: ^29.7.0
95 silly placeDep ROOT music-metadata@10.9.1 OK for: jee-video-gen-backend@1.0.0 want: ^10.2.2
96 silly placeDep ROOT nodemon@3.1.14 OK for: jee-video-gen-backend@1.0.0 want: ^3.1.0
97 silly placeDep ROOT slugify@1.6.6 OK for: jee-video-gen-backend@1.0.0 want: ^1.6.6
98 silly placeDep ROOT uuid@10.0.0 OK for: jee-video-gen-backend@1.0.0 want: ^10.0.0
99 silly fetch manifest google-gax@^4.0.3
100 silly packumentCache full:https://registry.npmjs.org/google-gax cache-miss
101 silly fetch manifest esbuild@0.25.0
102 silly packumentCache full:https://registry.npmjs.org/esbuild cache-miss
103 silly fetch manifest webpack@5.96.1
104 silly packumentCache full:https://registry.npmjs.org/webpack cache-miss
105 silly fetch manifest remotion@4.0.290
106 silly packumentCache full:https://registry.npmjs.org/remotion cache-miss
107 silly fetch manifest css-loader@5.2.7
108 silly packumentCache full:https://registry.npmjs.org/css-loader cache-miss
109 silly fetch manifest source-map@0.7.3
110 silly packumentCache full:https://registry.npmjs.org/source-map cache-miss
111 silly fetch manifest style-loader@4.0.0
112 silly packumentCache full:https://registry.npmjs.org/style-loader cache-miss
113 http cache https://registry.npmjs.org/esbuild 16ms (cache hit)
114 silly packumentCache full:https://registry.npmjs.org/esbuild set size:1242223 disposed:false
115 silly fetch manifest react-refresh@0.9.0
116 silly packumentCache full:https://registry.npmjs.org/react-refresh cache-miss
117 http cache https://registry.npmjs.org/react-refresh 14ms (cache hit)
118 silly packumentCache full:https://registry.npmjs.org/react-refresh set size:6233868 disposed:false
119 silly fetch manifest @remotion/studio@4.0.290
120 silly packumentCache full:https://registry.npmjs.org/@remotion%2fstudio cache-miss
121 http fetch GET 200 https://registry.npmjs.org/google-gax 89ms (cache revalidated)
122 silly packumentCache full:https://registry.npmjs.org/google-gax set size:2055354 disposed:false
123 silly fetch manifest @remotion/studio-shared@4.0.290
124 silly packumentCache full:https://registry.npmjs.org/@remotion%2fstudio-shared cache-miss
125 http fetch GET 200 https://registry.npmjs.org/style-loader 307ms (cache revalidated)
126 silly packumentCache full:https://registry.npmjs.org/style-loader set size:214125 disposed:false
127 silly fetch manifest scheduler@^0.27.0
128 silly packumentCache full:https://registry.npmjs.org/scheduler cache-miss
129 http fetch GET 200 https://registry.npmjs.org/source-map 311ms (cache revalidated)
130 silly packumentCache full:https://registry.npmjs.org/source-map set size:226141 disposed:false
131 silly fetch manifest ws@8.17.1
132 silly packumentCache full:https://registry.npmjs.org/ws cache-miss
133 http cache https://registry.npmjs.org/scheduler 15ms (cache hit)
134 silly packumentCache full:https://registry.npmjs.org/scheduler set size:5424473 disposed:false
135 silly fetch manifest execa@5.1.1
136 silly packumentCache full:https://registry.npmjs.org/execa cache-miss
137 http fetch GET 200 https://registry.npmjs.org/webpack 352ms (cache revalidated)
138 silly packumentCache full:https://registry.npmjs.org/webpack set size:4974505 disposed:false
139 silly fetch manifest remotion@4.0.290
140 silly packumentCache full:https://registry.npmjs.org/remotion cache-miss
141 http fetch GET 200 https://registry.npmjs.org/css-loader 377ms (cache revalidated)
142 silly packumentCache full:https://registry.npmjs.org/css-loader set size:520219 disposed:false
143 silly fetch manifest source-map@^0.8.0-beta.0
144 silly packumentCache full:https://registry.npmjs.org/source-map cache-hit
145 silly fetch manifest extract-zip@2.0.1
146 silly packumentCache full:https://registry.npmjs.org/extract-zip cache-miss
147 http fetch GET 200 https://registry.npmjs.org/ws 92ms (cache revalidated)
148 silly packumentCache full:https://registry.npmjs.org/ws set size:413307 disposed:false
149 silly fetch manifest @remotion/streaming@4.0.290
150 silly packumentCache full:https://registry.npmjs.org/@remotion%2fstreaming cache-miss
151 http fetch GET 200 https://registry.npmjs.org/execa 130ms (cache revalidated)
152 silly packumentCache full:https://registry.npmjs.org/execa set size:181234 disposed:false
153 silly fetch manifest @remotion/compositor-darwin-x64@4.0.290
154 silly packumentCache full:https://registry.npmjs.org/@remotion%2fcompositor-darwin-x64 cache-miss
155 http fetch GET 200 https://registry.npmjs.org/extract-zip 99ms (cache revalidated)
156 silly packumentCache full:https://registry.npmjs.org/extract-zip set size:47715 disposed:false
157 silly fetch manifest @remotion/compositor-darwin-arm64@4.0.290
158 silly packumentCache full:https://registry.npmjs.org/@remotion%2fcompositor-darwin-arm64 cache-miss
159 http fetch GET 200 https://registry.npmjs.org/remotion 631ms (cache revalidated)
160 silly packumentCache full:https://registry.npmjs.org/remotion set size:3486592 disposed:false
161 silly fetch manifest @remotion/compositor-linux-x64-gnu@4.0.290
162 silly packumentCache full:https://registry.npmjs.org/@remotion%2fcompositor-linux-x64-gnu cache-miss
163 http fetch GET 200 https://registry.npmjs.org/remotion 899ms (cache revalidated)
164 silly packumentCache full:https://registry.npmjs.org/remotion set size:3486592 disposed:false
165 silly fetch manifest @remotion/compositor-linux-x64-musl@4.0.290
166 silly packumentCache full:https://registry.npmjs.org/@remotion%2fcompositor-linux-x64-musl cache-miss
167 http fetch GET 200 https://registry.npmjs.org/@remotion%2fcompositor-darwin-arm64 1045ms (cache revalidated)
168 silly packumentCache full:https://registry.npmjs.org/@remotion%2fcompositor-darwin-arm64 set size:981273 disposed:false
169 silly fetch manifest @remotion/compositor-win32-x64-msvc@4.0.290
170 silly packumentCache full:https://registry.npmjs.org/@remotion%2fcompositor-win32-x64-msvc cache-miss
171 http fetch GET 200 https://registry.npmjs.org/@remotion%2fstudio-shared 1525ms (cache revalidated)
172 silly packumentCache full:https://registry.npmjs.org/@remotion%2fstudio-shared set size:659596 disposed:false
173 silly fetch manifest @remotion/compositor-linux-arm64-gnu@4.0.290
174 silly packumentCache full:https://registry.npmjs.org/@remotion%2fcompositor-linux-arm64-gnu cache-miss
175 http fetch GET 200 https://registry.npmjs.org/@remotion%2fcompositor-linux-x64-gnu 1070ms (cache revalidated)
176 silly packumentCache full:https://registry.npmjs.org/@remotion%2fcompositor-linux-x64-gnu set size:979798 disposed:false
177 silly fetch manifest @remotion/compositor-linux-arm64-musl@4.0.290
178 silly packumentCache full:https://registry.npmjs.org/@remotion%2fcompositor-linux-arm64-musl cache-miss
179 http fetch GET 200 https://registry.npmjs.org/@remotion%2fstudio 1764ms (cache revalidated)
180 silly packumentCache full:https://registry.npmjs.org/@remotion%2fstudio set size:942401 disposed:false
181 silly fetch manifest cron-parser@4.9.0
182 silly packumentCache full:https://registry.npmjs.org/cron-parser cache-miss
183 http fetch GET 200 https://registry.npmjs.org/@remotion%2fcompositor-linux-x64-musl 2038ms (cache revalidated)
184 silly packumentCache full:https://registry.npmjs.org/@remotion%2fcompositor-linux-x64-musl set size:979688 disposed:false
185 silly fetch manifest ioredis@5.9.3
186 silly packumentCache full:https://registry.npmjs.org/ioredis cache-miss
187 http fetch GET 200 https://registry.npmjs.org/@remotion%2fcompositor-darwin-x64 2858ms (cache revalidated)
188 silly packumentCache full:https://registry.npmjs.org/@remotion%2fcompositor-darwin-x64 set size:968418 disposed:false
189 silly fetch manifest msgpackr@1.11.5
190 silly packumentCache full:https://registry.npmjs.org/msgpackr cache-miss
191 http fetch GET 200 https://registry.npmjs.org/@remotion%2fcompositor-win32-x64-msvc 1811ms (cache revalidated)
192 silly packumentCache full:https://registry.npmjs.org/@remotion%2fcompositor-win32-x64-msvc set size:977442 disposed:false
193 silly fetch manifest node-abort-controller@3.1.1
194 silly packumentCache full:https://registry.npmjs.org/node-abort-controller cache-miss
195 http fetch GET 200 https://registry.npmjs.org/@remotion%2fstreaming 2937ms (cache revalidated)
196 silly packumentCache full:https://registry.npmjs.org/@remotion%2fstreaming set size:499876 disposed:false
197 silly fetch manifest semver@7.7.4
198 silly packumentCache full:https://registry.npmjs.org/semver cache-miss
199 http fetch GET 200 https://registry.npmjs.org/@remotion%2fcompositor-linux-arm64-musl 1629ms (cache revalidated)
200 silly packumentCache full:https://registry.npmjs.org/@remotion%2fcompositor-linux-arm64-musl set size:991764 disposed:false
201 silly fetch manifest tslib@2.8.1
202 silly packumentCache full:https://registry.npmjs.org/tslib cache-miss
203 http fetch GET 200 https://registry.npmjs.org/cron-parser 1526ms (cache miss)
204 silly packumentCache full:https://registry.npmjs.org/cron-parser set size:undefined disposed:false
205 silly fetch manifest uuid@11.1.0
206 silly packumentCache full:https://registry.npmjs.org/uuid cache-hit
207 silly fetch manifest object-assign@^4
208 silly packumentCache full:https://registry.npmjs.org/object-assign cache-miss
209 http cache https://registry.npmjs.org/ioredis 25ms (cache hit)
210 silly packumentCache full:https://registry.npmjs.org/ioredis set size:838683 disposed:false
211 silly fetch manifest vary@^1
212 silly packumentCache full:https://registry.npmjs.org/vary cache-miss
213 http cache https://registry.npmjs.org/semver 21ms (cache hit)
214 silly packumentCache full:https://registry.npmjs.org/semver set size:229678 disposed:false
215 silly fetch manifest qs@~6.14.0
216 silly packumentCache full:https://registry.npmjs.org/qs cache-miss
217 http fetch GET 200 https://registry.npmjs.org/vary 87ms (cache revalidated)
218 silly packumentCache full:https://registry.npmjs.org/vary set size:16018 disposed:false
219 silly fetch manifest depd@2.0.0
220 silly packumentCache full:https://registry.npmjs.org/depd cache-miss
221 http fetch GET 200 https://registry.npmjs.org/tslib 101ms (cache revalidated)
222 silly packumentCache full:https://registry.npmjs.org/tslib set size:108760 disposed:false
223 silly fetch manifest etag@~1.8.1
224 silly packumentCache full:https://registry.npmjs.org/etag cache-miss
225 http fetch GET 200 https://registry.npmjs.org/node-abort-controller 113ms (cache miss)
226 silly packumentCache full:https://registry.npmjs.org/node-abort-controller set size:undefined disposed:false
227 silly fetch manifest send@~0.19.0
228 silly packumentCache full:https://registry.npmjs.org/send cache-miss
229 http fetch GET 200 https://registry.npmjs.org/object-assign 106ms (cache revalidated)
230 silly packumentCache full:https://registry.npmjs.org/object-assign set size:28988 disposed:false
231 silly fetch manifest vary@~1.1.2
232 silly packumentCache full:https://registry.npmjs.org/vary cache-hit
233 silly fetch manifest debug@2.6.9
234 silly packumentCache full:https://registry.npmjs.org/debug cache-miss
235 http cache https://registry.npmjs.org/debug 2ms (cache hit)
236 silly packumentCache full:https://registry.npmjs.org/debug set size:195840 disposed:false
237 silly fetch manifest fresh@~0.5.2
238 silly packumentCache full:https://registry.npmjs.org/fresh cache-miss
239 http fetch GET 200 https://registry.npmjs.org/send 100ms (cache miss)
240 silly packumentCache full:https://registry.npmjs.org/send set size:undefined disposed:false
241 silly fetch manifest cookie@~0.7.1
242 silly packumentCache full:https://registry.npmjs.org/cookie cache-miss
243 http fetch GET 200 https://registry.npmjs.org/depd 108ms (cache revalidated)
244 silly packumentCache full:https://registry.npmjs.org/depd set size:40182 disposed:false
245 silly fetch manifest accepts@~1.3.8
246 silly packumentCache full:https://registry.npmjs.org/accepts cache-miss
247 http fetch GET 200 https://registry.npmjs.org/etag 108ms (cache revalidated)
248 silly packumentCache full:https://registry.npmjs.org/etag set size:30032 disposed:false
249 silly fetch manifest methods@~1.1.2
250 silly packumentCache full:https://registry.npmjs.org/methods cache-miss
251 http fetch GET 200 https://registry.npmjs.org/qs 196ms (cache miss)
252 silly packumentCache full:https://registry.npmjs.org/qs set size:undefined disposed:false
253 silly fetch manifest type-is@~1.6.18
254 silly packumentCache full:https://registry.npmjs.org/type-is cache-miss
255 http fetch GET 200 https://registry.npmjs.org/fresh 101ms (cache miss)
256 silly packumentCache full:https://registry.npmjs.org/fresh set size:undefined disposed:false
257 silly fetch manifest parseurl@~1.3.3
258 silly packumentCache full:https://registry.npmjs.org/parseurl cache-miss
259 http fetch GET 200 https://registry.npmjs.org/msgpackr 232ms (cache miss)
260 silly packumentCache full:https://registry.npmjs.org/msgpackr set size:undefined disposed:false
261 silly fetch manifest statuses@~2.0.1
262 silly packumentCache full:https://registry.npmjs.org/statuses cache-miss
263 http fetch GET 200 https://registry.npmjs.org/accepts 86ms (cache miss)
264 silly packumentCache full:https://registry.npmjs.org/accepts set size:undefined disposed:false
265 silly fetch manifest encodeurl@~2.0.0
266 silly packumentCache full:https://registry.npmjs.org/encodeurl cache-miss
267 http fetch GET 200 https://registry.npmjs.org/methods 92ms (cache miss)
268 silly packumentCache full:https://registry.npmjs.org/methods set size:undefined disposed:false
269 silly fetch manifest proxy-addr@~2.0.7
270 silly packumentCache full:https://registry.npmjs.org/proxy-addr cache-miss
271 http fetch GET 200 https://registry.npmjs.org/cookie 105ms (cache revalidated)
272 silly packumentCache full:https://registry.npmjs.org/cookie set size:72891 disposed:false
273 silly fetch manifest body-parser@~1.20.3
274 silly packumentCache full:https://registry.npmjs.org/body-parser cache-miss
275 http fetch GET 200 https://registry.npmjs.org/type-is 102ms (cache miss)
276 silly packumentCache full:https://registry.npmjs.org/type-is set size:undefined disposed:false
277 silly fetch manifest escape-html@~1.0.3
278 silly packumentCache full:https://registry.npmjs.org/escape-html cache-miss
279 http fetch GET 200 https://registry.npmjs.org/parseurl 114ms (cache miss)
280 silly packumentCache full:https://registry.npmjs.org/parseurl set size:undefined disposed:false
281 silly fetch manifest http-errors@~2.0.0
282 silly packumentCache full:https://registry.npmjs.org/http-errors cache-miss
283 http fetch GET 200 https://registry.npmjs.org/statuses 113ms (cache revalidated)
284 silly packumentCache full:https://registry.npmjs.org/statuses set size:37117 disposed:false
285 silly fetch manifest on-finished@~2.4.1
286 silly packumentCache full:https://registry.npmjs.org/on-finished cache-miss
287 http fetch GET 200 https://registry.npmjs.org/encodeurl 80ms (cache miss)
288 silly packumentCache full:https://registry.npmjs.org/encodeurl set size:undefined disposed:false
289 silly fetch manifest safe-buffer@5.2.1
290 silly packumentCache full:https://registry.npmjs.org/safe-buffer cache-miss
291 http fetch GET 200 https://registry.npmjs.org/proxy-addr 93ms (cache miss)
292 silly packumentCache full:https://registry.npmjs.org/proxy-addr set size:undefined disposed:false
293 silly fetch manifest utils-merge@1.0.1
294 silly packumentCache full:https://registry.npmjs.org/utils-merge cache-miss
295 http fetch GET 200 https://registry.npmjs.org/body-parser 112ms (cache miss)
296 silly packumentCache full:https://registry.npmjs.org/body-parser set size:undefined disposed:false
297 silly fetch manifest content-type@~1.0.4
298 silly packumentCache full:https://registry.npmjs.org/content-type cache-miss
299 http fetch GET 200 https://registry.npmjs.org/http-errors 97ms (cache revalidated)
300 silly packumentCache full:https://registry.npmjs.org/http-errors set size:71987 disposed:false
301 silly fetch manifest finalhandler@~1.3.1
302 silly packumentCache full:https://registry.npmjs.org/finalhandler cache-miss
303 http fetch GET 200 https://registry.npmjs.org/on-finished 97ms (cache miss)
304 silly packumentCache full:https://registry.npmjs.org/on-finished set size:undefined disposed:false
305 silly fetch manifest range-parser@~1.2.1
306 silly packumentCache full:https://registry.npmjs.org/range-parser cache-miss
307 http fetch GET 200 https://registry.npmjs.org/escape-html 113ms (cache miss)
308 silly packumentCache full:https://registry.npmjs.org/escape-html set size:undefined disposed:false
309 silly fetch manifest serve-static@~1.16.2
310 silly packumentCache full:https://registry.npmjs.org/serve-static cache-miss
311 http fetch GET 200 https://registry.npmjs.org/safe-buffer 73ms (cache revalidated)
312 silly packumentCache full:https://registry.npmjs.org/safe-buffer set size:41183 disposed:false
313 silly fetch manifest array-flatten@1.1.1
314 silly packumentCache full:https://registry.npmjs.org/array-flatten cache-miss
315 http fetch GET 200 https://registry.npmjs.org/@remotion%2fcompositor-linux-arm64-gnu 2195ms (cache revalidated)
316 silly packumentCache full:https://registry.npmjs.org/@remotion%2fcompositor-linux-arm64-gnu set size:993468 disposed:false
317 silly fetch manifest path-to-regexp@~0.1.12
318 silly packumentCache full:https://registry.npmjs.org/path-to-regexp cache-miss
319 http fetch GET 200 https://registry.npmjs.org/utils-merge 92ms (cache miss)
320 silly packumentCache full:https://registry.npmjs.org/utils-merge set size:undefined disposed:false
321 silly fetch manifest setprototypeof@1.2.0
322 silly packumentCache full:https://registry.npmjs.org/setprototypeof cache-miss
323 http fetch GET 200 https://registry.npmjs.org/content-type 95ms (cache revalidated)
324 silly packumentCache full:https://registry.npmjs.org/content-type set size:17311 disposed:false
325 silly fetch manifest cookie-signature@~1.0.6
326 silly packumentCache full:https://registry.npmjs.org/cookie-signature cache-miss
327 http fetch GET 200 https://registry.npmjs.org/range-parser 98ms (cache revalidated)
328 silly packumentCache full:https://registry.npmjs.org/range-parser set size:22228 disposed:false
329 silly fetch manifest merge-descriptors@1.0.3
330 silly packumentCache full:https://registry.npmjs.org/merge-descriptors cache-miss
331 http fetch GET 200 https://registry.npmjs.org/finalhandler 100ms (cache miss)
332 silly packumentCache full:https://registry.npmjs.org/finalhandler set size:undefined disposed:false
333 silly fetch manifest content-disposition@~0.5.4
334 silly packumentCache full:https://registry.npmjs.org/content-disposition cache-miss
335 http fetch GET 200 https://registry.npmjs.org/array-flatten 85ms (cache miss)
336 silly packumentCache full:https://registry.npmjs.org/array-flatten set size:undefined disposed:false
337 silly fetch manifest @ioredis/commands@1.5.1
338 silly packumentCache full:https://registry.npmjs.org/@ioredis%2fcommands cache-miss
339 http fetch GET 200 https://registry.npmjs.org/serve-static 112ms (cache miss)
340 silly packumentCache full:https://registry.npmjs.org/serve-static set size:undefined disposed:false
341 silly fetch manifest cluster-key-slot@^1.1.0
342 silly packumentCache full:https://registry.npmjs.org/cluster-key-slot cache-miss
343 http fetch GET 200 https://registry.npmjs.org/path-to-regexp 92ms (cache revalidated)
344 silly packumentCache full:https://registry.npmjs.org/path-to-regexp set size:207142 disposed:false
345 silly fetch manifest debug@^4.3.4
346 silly packumentCache full:https://registry.npmjs.org/debug cache-hit
347 silly fetch manifest denque@^2.1.0
348 silly packumentCache full:https://registry.npmjs.org/denque cache-miss
349 http fetch GET 200 https://registry.npmjs.org/setprototypeof 90ms (cache revalidated)
350 silly packumentCache full:https://registry.npmjs.org/setprototypeof set size:14532 disposed:false
351 silly fetch manifest lodash.defaults@^4.2.0
352 silly packumentCache full:https://registry.npmjs.org/lodash.defaults cache-miss
353 http fetch GET 200 https://registry.npmjs.org/merge-descriptors 93ms (cache miss)
354 silly packumentCache full:https://registry.npmjs.org/merge-descriptors set size:undefined disposed:false
355 silly fetch manifest lodash.isarguments@^3.1.0
356 silly packumentCache full:https://registry.npmjs.org/lodash.isarguments cache-miss
357 http fetch GET 200 https://registry.npmjs.org/content-disposition 93ms (cache revalidated)
358 silly packumentCache full:https://registry.npmjs.org/content-disposition set size:34469 disposed:false
359 silly fetch manifest redis-errors@^1.2.0
360 silly packumentCache full:https://registry.npmjs.org/redis-errors cache-miss
361 http fetch GET 200 https://registry.npmjs.org/cookie-signature 106ms (cache miss)
362 silly packumentCache full:https://registry.npmjs.org/cookie-signature set size:undefined disposed:false
363 silly fetch manifest redis-parser@^3.0.0
364 silly packumentCache full:https://registry.npmjs.org/redis-parser cache-miss
365 http fetch GET 200 https://registry.npmjs.org/cluster-key-slot 99ms (cache miss)
366 silly packumentCache full:https://registry.npmjs.org/cluster-key-slot set size:undefined disposed:false
367 silly fetch manifest standard-as-callback@^2.1.0
368 silly packumentCache full:https://registry.npmjs.org/standard-as-callback cache-miss
369 http fetch GET 200 https://registry.npmjs.org/denque 92ms (cache revalidated)
370 silly packumentCache full:https://registry.npmjs.org/denque set size:62908 disposed:false
371 silly fetch manifest jest-cli@^29.7.0
372 silly packumentCache full:https://registry.npmjs.org/jest-cli cache-miss
373 http fetch GET 200 https://registry.npmjs.org/lodash.defaults 95ms (cache miss)
374 silly packumentCache full:https://registry.npmjs.org/lodash.defaults set size:undefined disposed:false
375 silly fetch manifest @jest/core@^29.7.0
376 silly packumentCache full:https://registry.npmjs.org/@jest%2fcore cache-miss
377 http fetch GET 200 https://registry.npmjs.org/redis-errors 101ms (cache miss)
378 silly packumentCache full:https://registry.npmjs.org/redis-errors set size:undefined disposed:false
379 silly fetch manifest @jest/types@^29.6.3
380 silly packumentCache full:https://registry.npmjs.org/@jest%2ftypes cache-miss
381 http fetch GET 200 https://registry.npmjs.org/lodash.isarguments 111ms (cache miss)
382 silly packumentCache full:https://registry.npmjs.org/lodash.isarguments set size:undefined disposed:false
383 silly fetch manifest import-local@^3.0.2
384 silly packumentCache full:https://registry.npmjs.org/import-local cache-miss
385 http fetch GET 200 https://registry.npmjs.org/redis-parser 122ms (cache miss)
386 silly packumentCache full:https://registry.npmjs.org/redis-parser set size:undefined disposed:false
387 silly fetch manifest link@^2.1.1
388 silly packumentCache full:https://registry.npmjs.org/link cache-miss
389 http fetch GET 200 https://registry.npmjs.org/standard-as-callback 107ms (cache miss)
390 silly packumentCache full:https://registry.npmjs.org/standard-as-callback set size:undefined disposed:false
391 silly fetch manifest debug@^4.4.0
392 silly packumentCache full:https://registry.npmjs.org/debug cache-hit
393 silly fetch manifest strtok3@^10.2.1
394 silly packumentCache full:https://registry.npmjs.org/strtok3 cache-miss
395 http fetch GET 200 https://registry.npmjs.org/jest-cli 144ms (cache miss)
396 silly packumentCache full:https://registry.npmjs.org/jest-cli set size:undefined disposed:false
397 silly fetch manifest file-type@^19.6.0
398 silly packumentCache full:https://registry.npmjs.org/file-type cache-miss
399 http fetch GET 200 https://registry.npmjs.org/import-local 119ms (cache miss)
400 silly packumentCache full:https://registry.npmjs.org/import-local set size:undefined disposed:false
401 silly fetch manifest media-typer@^1.1.0
402 silly packumentCache full:https://registry.npmjs.org/media-typer cache-miss
403 http fetch GET 200 https://registry.npmjs.org/@jest%2fcore 224ms (cache miss)
404 silly packumentCache full:https://registry.npmjs.org/@jest%2fcore set size:undefined disposed:false
405 silly fetch manifest token-types@^6.0.0
406 silly packumentCache full:https://registry.npmjs.org/token-types cache-miss
407 http fetch GET 200 https://registry.npmjs.org/@jest%2ftypes 189ms (cache miss)
408 silly packumentCache full:https://registry.npmjs.org/@jest%2ftypes set size:undefined disposed:false
409 silly fetch manifest content-type@^1.0.5
410 silly packumentCache full:https://registry.npmjs.org/content-type cache-hit
411 silly fetch manifest @tokenizer/token@^0.3.0
412 silly packumentCache full:https://registry.npmjs.org/@tokenizer%2ftoken cache-miss
413 http fetch GET 200 https://registry.npmjs.org/strtok3 170ms (cache miss)
414 silly packumentCache full:https://registry.npmjs.org/strtok3 set size:undefined disposed:false
415 silly fetch manifest uint8array-extras@^1.4.0
416 silly packumentCache full:https://registry.npmjs.org/uint8array-extras cache-miss
417 http fetch GET 200 https://registry.npmjs.org/media-typer 94ms (cache miss)
418 silly packumentCache full:https://registry.npmjs.org/media-typer set size:undefined disposed:false
419 silly fetch manifest debug@^4
420 silly packumentCache full:https://registry.npmjs.org/debug cache-hit
421 silly fetch manifest touch@^3.1.0
422 silly packumentCache full:https://registry.npmjs.org/touch cache-miss
423 http fetch GET 200 https://registry.npmjs.org/token-types 112ms (cache miss)
424 silly packumentCache full:https://registry.npmjs.org/token-types set size:undefined disposed:false
425 silly fetch manifest semver@^7.5.3
426 silly packumentCache full:https://registry.npmjs.org/semver cache-hit
427 silly fetch manifest chokidar@^3.5.2
428 silly packumentCache full:https://registry.npmjs.org/chokidar cache-miss
429 http fetch GET 200 https://registry.npmjs.org/uint8array-extras 103ms (cache miss)
430 silly packumentCache full:https://registry.npmjs.org/uint8array-extras set size:undefined disposed:false
431 silly fetch manifest minimatch@^10.2.1
432 silly packumentCache full:https://registry.npmjs.org/minimatch cache-miss
433 http fetch GET 200 https://registry.npmjs.org/touch 116ms (cache miss)
434 silly packumentCache full:https://registry.npmjs.org/touch set size:undefined disposed:false
435 silly fetch manifest undefsafe@^2.0.5
436 silly packumentCache full:https://registry.npmjs.org/undefsafe cache-miss
437 http fetch GET 200 https://registry.npmjs.org/chokidar 107ms (cache revalidated)
438 silly packumentCache full:https://registry.npmjs.org/chokidar set size:255902 disposed:false
439 silly fetch manifest pstree.remy@^1.1.8
440 silly packumentCache full:https://registry.npmjs.org/pstree.remy cache-miss
441 http fetch GET 200 https://registry.npmjs.org/minimatch 109ms (cache revalidated)
442 silly packumentCache full:https://registry.npmjs.org/minimatch set size:352359 disposed:false
443 silly fetch manifest supports-color@^5.5.0
444 silly packumentCache full:https://registry.npmjs.org/supports-color cache-miss
445 http fetch GET 200 https://registry.npmjs.org/undefsafe 97ms (cache miss)
446 silly packumentCache full:https://registry.npmjs.org/undefsafe set size:undefined disposed:false
447 silly fetch manifest ignore-by-default@^1.0.1
448 silly packumentCache full:https://registry.npmjs.org/ignore-by-default cache-miss
449 http fetch GET 200 https://registry.npmjs.org/file-type 392ms (cache miss)
450 silly packumentCache full:https://registry.npmjs.org/file-type set size:undefined disposed:false
451 silly fetch manifest simple-update-notifier@^2.0.0
452 silly packumentCache full:https://registry.npmjs.org/simple-update-notifier cache-miss
453 http fetch GET 200 https://registry.npmjs.org/supports-color 89ms (cache revalidated)
454 silly packumentCache full:https://registry.npmjs.org/supports-color set size:118680 disposed:false
455 http fetch GET 200 https://registry.npmjs.org/pstree.remy 104ms (cache miss)
456 silly packumentCache full:https://registry.npmjs.org/pstree.remy set size:undefined disposed:false
457 http fetch GET 200 https://registry.npmjs.org/@tokenizer%2ftoken 398ms (cache miss)
458 silly packumentCache full:https://registry.npmjs.org/@tokenizer%2ftoken set size:undefined disposed:false
459 http fetch GET 200 https://registry.npmjs.org/simple-update-notifier 130ms (cache miss)
460 silly packumentCache full:https://registry.npmjs.org/simple-update-notifier set size:undefined disposed:false
461 http fetch GET 200 https://registry.npmjs.org/@ioredis%2fcommands 925ms (cache miss)
462 silly packumentCache full:https://registry.npmjs.org/@ioredis%2fcommands set size:undefined disposed:false
463 http fetch GET 200 https://registry.npmjs.org/ignore-by-default 381ms (cache miss)
464 silly packumentCache full:https://registry.npmjs.org/ignore-by-default set size:undefined disposed:false
465 http fetch GET 200 https://registry.npmjs.org/link 914ms (cache miss)
466 silly packumentCache full:https://registry.npmjs.org/link set size:undefined disposed:false
467 silly placeDep ROOT google-gax@4.6.1 OK for: @google-cloud/text-to-speech@5.8.1 want: ^4.0.3
468 silly fetch manifest uuid@^9.0.1
469 silly packumentCache full:https://registry.npmjs.org/uuid cache-hit
470 silly fetch manifest duplexify@^4.0.0
471 silly packumentCache full:https://registry.npmjs.org/duplexify cache-miss
472 silly fetch manifest node-fetch@^2.7.0
473 silly packumentCache full:https://registry.npmjs.org/node-fetch cache-miss
474 silly fetch manifest protobufjs@^7.3.2
475 silly packumentCache full:https://registry.npmjs.org/protobufjs cache-miss
476 silly fetch manifest @types/long@^4.0.0
477 silly packumentCache full:https://registry.npmjs.org/@types%2flong cache-miss
478 silly fetch manifest object-hash@^3.0.0
479 silly packumentCache full:https://registry.npmjs.org/object-hash cache-miss
480 silly fetch manifest @grpc/grpc-js@^1.10.9
481 silly packumentCache full:https://registry.npmjs.org/@grpc%2fgrpc-js cache-miss
482 silly fetch manifest retry-request@^7.0.0
483 silly packumentCache full:https://registry.npmjs.org/retry-request cache-miss
484 http fetch GET 200 https://registry.npmjs.org/node-fetch 107ms (cache revalidated)
485 silly packumentCache full:https://registry.npmjs.org/node-fetch set size:896010 disposed:false
486 silly fetch manifest abort-controller@^3.0.0
487 silly packumentCache full:https://registry.npmjs.org/abort-controller cache-miss
488 http fetch GET 200 https://registry.npmjs.org/duplexify 118ms (cache revalidated)
489 silly packumentCache full:https://registry.npmjs.org/duplexify set size:73064 disposed:false
490 silly fetch manifest @grpc/proto-loader@^0.7.13
491 silly packumentCache full:https://registry.npmjs.org/@grpc%2fproto-loader cache-miss
492 http fetch GET 200 https://registry.npmjs.org/protobufjs 118ms (cache revalidated)
493 silly packumentCache full:https://registry.npmjs.org/protobufjs set size:635352 disposed:false
494 silly fetch manifest google-auth-library@^9.3.0
495 silly packumentCache full:https://registry.npmjs.org/google-auth-library cache-miss
496 http fetch GET 200 https://registry.npmjs.org/@grpc%2fgrpc-js 122ms (cache revalidated)
497 silly packumentCache full:https://registry.npmjs.org/@grpc%2fgrpc-js set size:658277 disposed:false
498 silly fetch manifest proto3-json-serializer@^2.0.2
499 silly packumentCache full:https://registry.npmjs.org/proto3-json-serializer cache-miss
500 http fetch GET 200 https://registry.npmjs.org/object-hash 126ms (cache revalidated)
501 silly packumentCache full:https://registry.npmjs.org/object-hash set size:100564 disposed:false
502 http fetch GET 200 https://registry.npmjs.org/abort-controller 123ms (cache miss)
503 silly packumentCache full:https://registry.npmjs.org/abort-controller set size:undefined disposed:false
504 http fetch GET 200 https://registry.npmjs.org/google-auth-library 115ms (cache revalidated)
505 silly packumentCache full:https://registry.npmjs.org/google-auth-library set size:720826 disposed:false
506 http fetch GET 200 https://registry.npmjs.org/proto3-json-serializer 124ms (cache revalidated)
507 silly packumentCache full:https://registry.npmjs.org/proto3-json-serializer set size:83221 disposed:false
508 http fetch GET 200 https://registry.npmjs.org/@grpc%2fproto-loader 137ms (cache revalidated)
509 silly packumentCache full:https://registry.npmjs.org/@grpc%2fproto-loader set size:215394 disposed:false
510 http fetch GET 200 https://registry.npmjs.org/retry-request 386ms (cache revalidated)
511 silly packumentCache full:https://registry.npmjs.org/retry-request set size:88328 disposed:false
512 http fetch GET 200 https://registry.npmjs.org/@types%2flong 1033ms (cache miss)
513 silly packumentCache full:https://registry.npmjs.org/@types%2flong set size:undefined disposed:false
514 silly placeDep ROOT @remotion/studio@4.0.290 OK for: @remotion/bundler@4.0.290 want: 4.0.290
515 silly placeDep ROOT @remotion/studio-shared@4.0.290 OK for: @remotion/bundler@4.0.290 want: 4.0.290
516 silly placeDep ROOT css-loader@5.2.7 OK for: @remotion/bundler@4.0.290 want: 5.2.7
517 silly placeDep ROOT webpack@5.96.1 OK for: css-loader@5.2.7 want: ^4.27.0 || ^5.0.0
518 silly placeDep ROOT esbuild@0.25.0 OK for: @remotion/bundler@4.0.290 want: 0.25.0
519 silly placeDep ROOT react-refresh@0.9.0 OK for: @remotion/bundler@4.0.290 want: 0.9.0
520 silly placeDep ROOT remotion@4.0.290 OK for: @remotion/bundler@4.0.290 want: 4.0.290
521 silly placeDep ROOT source-map@0.7.3 OK for: @remotion/bundler@4.0.290 want: 0.7.3
522 silly placeDep ROOT style-loader@4.0.0 OK for: @remotion/bundler@4.0.290 want: 4.0.0
523 silly fetch manifest zod@3.22.3
524 silly packumentCache full:https://registry.npmjs.org/zod cache-miss
525 silly fetch manifest open@^8.4.2
526 silly packumentCache full:https://registry.npmjs.org/open cache-miss
527 silly fetch manifest memfs@3.4.3
528 silly packumentCache full:https://registry.npmjs.org/memfs cache-miss
529 silly fetch manifest semver@7.5.3
530 silly packumentCache full:https://registry.npmjs.org/semver cache-hit
531 silly fetch manifest @remotion/player@4.0.290
532 silly packumentCache full:https://registry.npmjs.org/@remotion%2fplayer cache-miss
533 silly fetch manifest @remotion/zod-types@4.0.290
534 silly packumentCache full:https://registry.npmjs.org/@remotion%2fzod-types cache-miss
535 silly fetch manifest @remotion/media-utils@4.0.290
536 silly packumentCache full:https://registry.npmjs.org/@remotion%2fmedia-utils cache-miss
537 silly fetch manifest @remotion/media-parser@4.0.290
538 silly packumentCache full:https://registry.npmjs.org/@remotion%2fmedia-parser cache-miss
539 http fetch GET 200 https://registry.npmjs.org/open 93ms (cache revalidated)
540 silly packumentCache full:https://registry.npmjs.org/open set size:136392 disposed:false
541 silly fetch manifest semver@^7.3.5
542 silly packumentCache full:https://registry.npmjs.org/semver cache-hit
543 silly fetch manifest postcss@^8.2.15
544 silly packumentCache full:https://registry.npmjs.org/postcss cache-miss
545 http fetch GET 200 https://registry.npmjs.org/memfs 105ms (cache revalidated)
546 silly packumentCache full:https://registry.npmjs.org/memfs set size:830344 disposed:false
547 silly fetch manifest icss-utils@^5.1.0
548 silly packumentCache full:https://registry.npmjs.org/icss-utils cache-miss
549 http fetch GET 200 https://registry.npmjs.org/zod 117ms (cache revalidated)
550 silly packumentCache full:https://registry.npmjs.org/zod set size:3489329 disposed:false
551 silly fetch manifest loader-utils@^2.0.0
552 silly packumentCache full:https://registry.npmjs.org/loader-utils cache-miss
553 http cache https://registry.npmjs.org/postcss 42ms (cache hit)
554 silly packumentCache full:https://registry.npmjs.org/postcss set size:702266 disposed:false
555 silly fetch manifest schema-utils@^3.0.0
556 silly packumentCache full:https://registry.npmjs.org/schema-utils cache-miss
557 http fetch GET 200 https://registry.npmjs.org/loader-utils 110ms (cache revalidated)
558 silly packumentCache full:https://registry.npmjs.org/loader-utils set size:168663 disposed:false
559 silly fetch manifest postcss-value-parser@^4.1.0
560 silly packumentCache full:https://registry.npmjs.org/postcss-value-parser cache-miss
561 http fetch GET 200 https://registry.npmjs.org/icss-utils 136ms (cache revalidated)
562 silly packumentCache full:https://registry.npmjs.org/icss-utils set size:31661 disposed:false
563 silly fetch manifest postcss-modules-scope@^3.0.0
564 silly packumentCache full:https://registry.npmjs.org/postcss-modules-scope cache-miss
565 http fetch GET 200 https://registry.npmjs.org/schema-utils 105ms (cache revalidated)
566 silly packumentCache full:https://registry.npmjs.org/schema-utils set size:166520 disposed:false
567 silly fetch manifest postcss-modules-values@^4.0.0
568 silly packumentCache full:https://registry.npmjs.org/postcss-modules-values cache-miss
569 http fetch GET 200 https://registry.npmjs.org/postcss-modules-scope 98ms (cache revalidated)
570 silly packumentCache full:https://registry.npmjs.org/postcss-modules-scope set size:72581 disposed:false
571 silly fetch manifest postcss-modules-extract-imports@^3.0.0
572 silly packumentCache full:https://registry.npmjs.org/postcss-modules-extract-imports cache-miss
573 http fetch GET 200 https://registry.npmjs.org/postcss-modules-values 108ms (cache revalidated)
574 silly packumentCache full:https://registry.npmjs.org/postcss-modules-values set size:56722 disposed:false
575 silly fetch manifest postcss-modules-local-by-default@^4.0.0
576 silly packumentCache full:https://registry.npmjs.org/postcss-modules-local-by-default cache-miss
577 http fetch GET 200 https://registry.npmjs.org/postcss-value-parser 117ms (cache revalidated)
578 silly packumentCache full:https://registry.npmjs.org/postcss-value-parser set size:73484 disposed:false
579 silly fetch manifest acorn@^8.14.0
580 silly packumentCache full:https://registry.npmjs.org/acorn cache-miss
581 http fetch GET 200 https://registry.npmjs.org/postcss-modules-extract-imports 105ms (cache revalidated)
582 silly packumentCache full:https://registry.npmjs.org/postcss-modules-extract-imports set size:57788 disposed:false
583 silly fetch manifest events@^3.2.0
584 silly packumentCache full:https://registry.npmjs.org/events cache-miss
585 http fetch GET 200 https://registry.npmjs.org/events 91ms (cache revalidated)
586 silly packumentCache full:https://registry.npmjs.org/events set size:35240 disposed:false
587 silly fetch manifest tapable@^2.1.1
588 silly packumentCache full:https://registry.npmjs.org/tapable cache-miss
589 http fetch GET 200 https://registry.npmjs.org/@remotion%2fmedia-parser 638ms (cache revalidated)
590 silly packumentCache full:https://registry.npmjs.org/@remotion%2fmedia-parser set size:831352 disposed:false
591 silly fetch manifest neo-async@^2.6.2
592 silly packumentCache full:https://registry.npmjs.org/neo-async cache-miss
593 http fetch GET 200 https://registry.npmjs.org/tapable 105ms (cache revalidated)
594 silly packumentCache full:https://registry.npmjs.org/tapable set size:110375 disposed:false
595 silly fetch manifest watchpack@^2.4.1
596 silly packumentCache full:https://registry.npmjs.org/watchpack cache-miss
597 http fetch GET 200 https://registry.npmjs.org/neo-async 94ms (cache revalidated)
598 silly packumentCache full:https://registry.npmjs.org/neo-async set size:155670 disposed:false
599 silly fetch manifest mime-types@^2.1.27
600 silly packumentCache full:https://registry.npmjs.org/mime-types cache-miss
601 http fetch GET 200 https://registry.npmjs.org/postcss-modules-local-by-default 385ms (cache revalidated)
602 silly packumentCache full:https://registry.npmjs.org/postcss-modules-local-by-default set size:107445 disposed:false
603 silly fetch manifest graceful-fs@^4.2.11
604 silly packumentCache full:https://registry.npmjs.org/graceful-fs cache-miss
605 http fetch GET 200 https://registry.npmjs.org/watchpack 96ms (cache revalidated)
606 silly packumentCache full:https://registry.npmjs.org/watchpack set size:144545 disposed:false
607 silly fetch manifest browserslist@^4.24.0
608 silly packumentCache full:https://registry.npmjs.org/browserslist cache-miss
609 http fetch GET 200 https://registry.npmjs.org/acorn 387ms (cache revalidated)
610 silly packumentCache full:https://registry.npmjs.org/acorn set size:379626 disposed:false
611 silly fetch manifest eslint-scope@5.1.1
612 silly packumentCache full:https://registry.npmjs.org/eslint-scope cache-miss
613 http cache https://registry.npmjs.org/mime-types 13ms (cache hit)
614 silly packumentCache full:https://registry.npmjs.org/mime-types set size:139110 disposed:false
615 silly fetch manifest schema-utils@^3.2.0
616 silly packumentCache full:https://registry.npmjs.org/schema-utils cache-hit
617 silly fetch manifest @types/estree@^1.0.6
618 silly packumentCache full:https://registry.npmjs.org/@types%2festree cache-miss
619 http cache https://registry.npmjs.org/browserslist 13ms (cache hit)
620 silly packumentCache full:https://registry.npmjs.org/browserslist set size:502989 disposed:false
621 silly fetch manifest loader-runner@^4.2.0
622 silly packumentCache full:https://registry.npmjs.org/loader-runner cache-miss
623 http cache https://registry.npmjs.org/@types%2festree 7ms (cache hit)
624 silly packumentCache full:https://registry.npmjs.org/@types%2festree set size:74091 disposed:false
625 silly fetch manifest glob-to-regexp@^0.4.1
626 silly packumentCache full:https://registry.npmjs.org/glob-to-regexp cache-miss
627 http fetch GET 200 https://registry.npmjs.org/graceful-fs 96ms (cache revalidated)
628 silly packumentCache full:https://registry.npmjs.org/graceful-fs set size:124285 disposed:false
629 silly fetch manifest es-module-lexer@^1.2.1
630 silly packumentCache full:https://registry.npmjs.org/es-module-lexer cache-miss
631 http fetch GET 200 https://registry.npmjs.org/glob-to-regexp 81ms (cache revalidated)
632 silly packumentCache full:https://registry.npmjs.org/glob-to-regexp set size:15844 disposed:false
633 silly fetch manifest webpack-sources@^3.2.3
634 silly packumentCache full:https://registry.npmjs.org/webpack-sources cache-miss
635 http fetch GET 200 https://registry.npmjs.org/eslint-scope 96ms (cache revalidated)
636 silly packumentCache full:https://registry.npmjs.org/eslint-scope set size:98867 disposed:false
637 silly fetch manifest enhanced-resolve@^5.17.1
638 silly packumentCache full:https://registry.npmjs.org/enhanced-resolve cache-miss
639 http fetch GET 200 https://registry.npmjs.org/loader-runner 95ms (cache revalidated)
640 silly packumentCache full:https://registry.npmjs.org/loader-runner set size:38718 disposed:false
641 silly fetch manifest @webassemblyjs/ast@^1.12.1
642 silly packumentCache full:https://registry.npmjs.org/@webassemblyjs%2fast cache-miss
643 http fetch GET 200 https://registry.npmjs.org/@remotion%2fplayer 923ms (cache revalidated)
644 silly packumentCache full:https://registry.npmjs.org/@remotion%2fplayer set size:2835552 disposed:false
645 silly fetch manifest chrome-trace-event@^1.0.2
646 silly packumentCache full:https://registry.npmjs.org/chrome-trace-event cache-miss
647 http fetch GET 200 https://registry.npmjs.org/@remotion%2fmedia-utils 940ms (cache revalidated)
648 silly packumentCache full:https://registry.npmjs.org/@remotion%2fmedia-utils set size:2518867 disposed:false
649 silly fetch manifest @types/eslint-scope@^3.7.7
650 silly packumentCache full:https://registry.npmjs.org/@types%2feslint-scope cache-miss
651 http fetch GET 200 https://registry.npmjs.org/es-module-lexer 109ms (cache revalidated)
652 silly packumentCache full:https://registry.npmjs.org/es-module-lexer set size:203341 disposed:false
653 silly fetch manifest terser-webpack-plugin@^5.3.10
654 silly packumentCache full:https://registry.npmjs.org/terser-webpack-plugin cache-miss
655 http fetch GET 200 https://registry.npmjs.org/enhanced-resolve 107ms (cache revalidated)
656 silly packumentCache full:https://registry.npmjs.org/enhanced-resolve set size:356274 disposed:false
657 silly fetch manifest @webassemblyjs/wasm-edit@^1.12.1
658 silly packumentCache full:https://registry.npmjs.org/@webassemblyjs%2fwasm-edit cache-miss
659 http fetch GET 200 https://registry.npmjs.org/webpack-sources 115ms (cache revalidated)
660 silly packumentCache full:https://registry.npmjs.org/webpack-sources set size:169062 disposed:false
661 silly fetch manifest @webassemblyjs/wasm-parser@^1.12.1
662 silly packumentCache full:https://registry.npmjs.org/@webassemblyjs%2fwasm-parser cache-miss
663 http fetch GET 200 https://registry.npmjs.org/@webassemblyjs%2fast 114ms (cache revalidated)
664 silly packumentCache full:https://registry.npmjs.org/@webassemblyjs%2fast set size:198816 disposed:false
665 silly fetch manifest json-parse-even-better-errors@^2.3.1
666 silly packumentCache full:https://registry.npmjs.org/json-parse-even-better-errors cache-miss
667 http fetch GET 200 https://registry.npmjs.org/chrome-trace-event 111ms (cache revalidated)
668 silly packumentCache full:https://registry.npmjs.org/chrome-trace-event set size:20859 disposed:false
669 silly fetch manifest @esbuild/aix-ppc64@0.25.0
670 silly packumentCache full:https://registry.npmjs.org/@esbuild%2faix-ppc64 cache-miss
671 http fetch GET 200 https://registry.npmjs.org/terser-webpack-plugin 91ms (cache revalidated)
672 silly packumentCache full:https://registry.npmjs.org/terser-webpack-plugin set size:390861 disposed:false
673 silly fetch manifest @esbuild/linux-arm@0.25.0
674 silly packumentCache full:https://registry.npmjs.org/@esbuild%2flinux-arm cache-miss
675 http cache https://registry.npmjs.org/@esbuild%2faix-ppc64 8ms (cache hit)
676 silly packumentCache full:https://registry.npmjs.org/@esbuild%2faix-ppc64 set size:56029 disposed:false
677 silly fetch manifest @esbuild/linux-x64@0.25.0
678 silly packumentCache full:https://registry.npmjs.org/@esbuild%2flinux-x64 cache-miss
679 http fetch GET 200 https://registry.npmjs.org/json-parse-even-better-errors 79ms (cache revalidated)
680 silly packumentCache full:https://registry.npmjs.org/json-parse-even-better-errors set size:34572 disposed:false
681 silly fetch manifest @esbuild/sunos-x64@0.25.0
682 silly packumentCache full:https://registry.npmjs.org/@esbuild%2fsunos-x64 cache-miss
683 http cache https://registry.npmjs.org/@esbuild%2flinux-arm 6ms (cache hit)
684 silly packumentCache full:https://registry.npmjs.org/@esbuild%2flinux-arm set size:186917 disposed:false
685 silly fetch manifest @esbuild/win32-x64@0.25.0
686 silly packumentCache full:https://registry.npmjs.org/@esbuild%2fwin32-x64 cache-miss
687 http cache https://registry.npmjs.org/@esbuild%2flinux-x64 6ms (cache hit)
688 silly packumentCache full:https://registry.npmjs.org/@esbuild%2flinux-x64 set size:187244 disposed:false
689 silly fetch manifest @esbuild/darwin-x64@0.25.0
690 silly packumentCache full:https://registry.npmjs.org/@esbuild%2fdarwin-x64 cache-miss
691 http cache https://registry.npmjs.org/@esbuild%2fsunos-x64 6ms (cache hit)
692 silly packumentCache full:https://registry.npmjs.org/@esbuild%2fsunos-x64 set size:187474 disposed:false
693 silly fetch manifest @esbuild/linux-ia32@0.25.0
694 silly packumentCache full:https://registry.npmjs.org/@esbuild%2flinux-ia32 cache-miss
695 http fetch GET 200 https://registry.npmjs.org/@webassemblyjs%2fwasm-parser 100ms (cache revalidated)
696 silly packumentCache full:https://registry.npmjs.org/@webassemblyjs%2fwasm-parser set size:214115 disposed:false
697 silly fetch manifest @esbuild/netbsd-x64@0.25.0
698 silly packumentCache full:https://registry.npmjs.org/@esbuild%2fnetbsd-x64 cache-miss
699 http fetch GET 200 https://registry.npmjs.org/@webassemblyjs%2fwasm-edit 106ms (cache revalidated)
700 silly packumentCache full:https://registry.npmjs.org/@webassemblyjs%2fwasm-edit set size:202718 disposed:false
701 silly fetch manifest @esbuild/win32-ia32@0.25.0
702 silly packumentCache full:https://registry.npmjs.org/@esbuild%2fwin32-ia32 cache-miss
703 http cache https://registry.npmjs.org/@esbuild%2fwin32-x64 10ms (cache hit)
704 silly packumentCache full:https://registry.npmjs.org/@esbuild%2fwin32-x64 set size:187476 disposed:false
705 silly fetch manifest @esbuild/android-arm@0.25.0
706 silly packumentCache full:https://registry.npmjs.org/@esbuild%2fandroid-arm cache-miss
707 http cache https://registry.npmjs.org/@esbuild%2fdarwin-x64 9ms (cache hit)
708 silly packumentCache full:https://registry.npmjs.org/@esbuild%2fdarwin-x64 set size:187924 disposed:false
709 silly fetch manifest @esbuild/android-x64@0.25.0
710 silly packumentCache full:https://registry.npmjs.org/@esbuild%2fandroid-x64 cache-miss
711 http cache https://registry.npmjs.org/@esbuild%2flinux-ia32 11ms (cache hit)
712 silly packumentCache full:https://registry.npmjs.org/@esbuild%2flinux-ia32 set size:187877 disposed:false
713 silly fetch manifest @esbuild/freebsd-x64@0.25.0
714 silly packumentCache full:https://registry.npmjs.org/@esbuild%2ffreebsd-x64 cache-miss
715 http cache https://registry.npmjs.org/@esbuild%2fnetbsd-x64 9ms (cache hit)
716 silly packumentCache full:https://registry.npmjs.org/@esbuild%2fnetbsd-x64 set size:185730 disposed:false
717 silly fetch manifest @esbuild/linux-arm64@0.25.0
718 silly packumentCache full:https://registry.npmjs.org/@esbuild%2flinux-arm64 cache-miss
719 http cache https://registry.npmjs.org/@esbuild%2fwin32-ia32 10ms (cache hit)
720 silly packumentCache full:https://registry.npmjs.org/@esbuild%2fwin32-ia32 set size:188094 disposed:false
721 silly fetch manifest @esbuild/linux-ppc64@0.25.0
722 silly packumentCache full:https://registry.npmjs.org/@esbuild%2flinux-ppc64 cache-miss
723 http cache https://registry.npmjs.org/@esbuild%2fandroid-arm 9ms (cache hit)
724 silly packumentCache full:https://registry.npmjs.org/@esbuild%2fandroid-arm set size:213504 disposed:false
725 silly fetch manifest @esbuild/linux-s390x@0.25.0
726 silly packumentCache full:https://registry.npmjs.org/@esbuild%2flinux-s390x cache-miss
727 http cache https://registry.npmjs.org/@esbuild%2fandroid-x64 10ms (cache hit)
728 silly packumentCache full:https://registry.npmjs.org/@esbuild%2fandroid-x64 set size:187307 disposed:false
729 silly fetch manifest @esbuild/openbsd-x64@0.25.0
730 silly packumentCache full:https://registry.npmjs.org/@esbuild%2fopenbsd-x64 cache-miss
731 http cache https://registry.npmjs.org/@esbuild%2ffreebsd-x64 10ms (cache hit)
732 silly packumentCache full:https://registry.npmjs.org/@esbuild%2ffreebsd-x64 set size:188756 disposed:false
733 silly fetch manifest @esbuild/win32-arm64@0.25.0
734 silly packumentCache full:https://registry.npmjs.org/@esbuild%2fwin32-arm64 cache-miss
735 http cache https://registry.npmjs.org/@esbuild%2flinux-ppc64 10ms (cache hit)
736 silly packumentCache full:https://registry.npmjs.org/@esbuild%2flinux-ppc64 set size:190895 disposed:false
737 silly fetch manifest @esbuild/darwin-arm64@0.25.0
738 silly packumentCache full:https://registry.npmjs.org/@esbuild%2fdarwin-arm64 cache-miss
739 http cache https://registry.npmjs.org/@esbuild%2flinux-arm64 12ms (cache hit)
740 silly packumentCache full:https://registry.npmjs.org/@esbuild%2flinux-arm64 set size:188948 disposed:false
741 silly fetch manifest @esbuild/netbsd-arm64@0.25.0
742 silly packumentCache full:https://registry.npmjs.org/@esbuild%2fnetbsd-arm64 cache-miss
743 http cache https://registry.npmjs.org/@esbuild%2flinux-s390x 10ms (cache hit)
744 silly packumentCache full:https://registry.npmjs.org/@esbuild%2flinux-s390x set size:190391 disposed:false
745 silly fetch manifest @esbuild/android-arm64@0.25.0
746 silly packumentCache full:https://registry.npmjs.org/@esbuild%2fandroid-arm64 cache-miss
747 http cache https://registry.npmjs.org/@esbuild%2fopenbsd-x64 22ms (cache hit)
748 silly packumentCache full:https://registry.npmjs.org/@esbuild%2fopenbsd-x64 set size:188762 disposed:false
749 silly fetch manifest @esbuild/freebsd-arm64@0.25.0
750 silly packumentCache full:https://registry.npmjs.org/@esbuild%2ffreebsd-arm64 cache-miss
751 http cache https://registry.npmjs.org/@esbuild%2fdarwin-arm64 20ms (cache hit)
752 silly packumentCache full:https://registry.npmjs.org/@esbuild%2fdarwin-arm64 set size:189596 disposed:false
753 silly fetch manifest @esbuild/linux-loong64@0.25.0
754 silly packumentCache full:https://registry.npmjs.org/@esbuild%2flinux-loong64 cache-miss
755 http cache https://registry.npmjs.org/@esbuild%2fwin32-arm64 23ms (cache hit)
756 silly packumentCache full:https://registry.npmjs.org/@esbuild%2fwin32-arm64 set size:189169 disposed:false
757 silly fetch manifest @esbuild/linux-riscv64@0.25.0
758 silly packumentCache full:https://registry.npmjs.org/@esbuild%2flinux-riscv64 cache-miss
759 http fetch GET 200 https://registry.npmjs.org/@types%2feslint-scope 160ms (cache revalidated)
760 silly packumentCache full:https://registry.npmjs.org/@types%2feslint-scope set size:25267 disposed:false
761 silly fetch manifest @esbuild/openbsd-arm64@0.25.0
762 silly packumentCache full:https://registry.npmjs.org/@esbuild%2fopenbsd-arm64 cache-miss
763 http cache https://registry.npmjs.org/@esbuild%2ffreebsd-arm64 7ms (cache hit)
764 silly packumentCache full:https://registry.npmjs.org/@esbuild%2ffreebsd-arm64 set size:190447 disposed:false
765 silly fetch manifest @esbuild/linux-mips64el@0.25.0
766 silly packumentCache full:https://registry.npmjs.org/@esbuild%2flinux-mips64el cache-miss
767 http cache https://registry.npmjs.org/@esbuild%2fandroid-arm64 23ms (cache hit)
768 silly packumentCache full:https://registry.npmjs.org/@esbuild%2fandroid-arm64 set size:192279 disposed:false
769 http cache https://registry.npmjs.org/@esbuild%2flinux-loong64 8ms (cache hit)
770 silly packumentCache full:https://registry.npmjs.org/@esbuild%2flinux-loong64 set size:243782 disposed:false
771 http cache https://registry.npmjs.org/@esbuild%2flinux-riscv64 10ms (cache hit)
772 silly packumentCache full:https://registry.npmjs.org/@esbuild%2flinux-riscv64 set size:190569 disposed:false
773 http cache https://registry.npmjs.org/@esbuild%2flinux-mips64el 7ms (cache hit)
774 silly packumentCache full:https://registry.npmjs.org/@esbuild%2flinux-mips64el set size:192558 disposed:false
775 http fetch GET 200 https://registry.npmjs.org/@esbuild%2fnetbsd-arm64 132ms (cache revalidated)
776 silly packumentCache full:https://registry.npmjs.org/@esbuild%2fnetbsd-arm64 set size:32428 disposed:false
777 http fetch GET 200 https://registry.npmjs.org/@esbuild%2fopenbsd-arm64 124ms (cache revalidated)
778 silly packumentCache full:https://registry.npmjs.org/@esbuild%2fopenbsd-arm64 set size:37704 disposed:false
779 http fetch GET 200 https://registry.npmjs.org/@remotion%2fzod-types 1511ms (cache revalidated)
780 silly packumentCache full:https://registry.npmjs.org/@remotion%2fzod-types set size:991027 disposed:false
781 silly fetch manifest bufferutil@^4.0.1
782 silly packumentCache full:https://registry.npmjs.org/bufferutil cache-miss
783 http fetch GET 200 https://registry.npmjs.org/bufferutil 112ms (cache revalidated)
784 silly packumentCache full:https://registry.npmjs.org/bufferutil set size:52763 disposed:false
785 silly fetch manifest utf-8-validate@>=5.0.2
786 silly packumentCache full:https://registry.npmjs.org/utf-8-validate cache-miss
787 http fetch GET 200 https://registry.npmjs.org/utf-8-validate 90ms (cache revalidated)
788 silly packumentCache full:https://registry.npmjs.org/utf-8-validate set size:77148 disposed:false
789 silly placeDep ROOT @remotion/compositor-darwin-arm64@4.0.290 OK for: @remotion/renderer@4.0.290 want: 4.0.290
790 silly placeDep ROOT @remotion/compositor-darwin-x64@4.0.290 OK for: @remotion/renderer@4.0.290 want: 4.0.290
791 silly placeDep ROOT @remotion/compositor-linux-arm64-gnu@4.0.290 OK for: @remotion/renderer@4.0.290 want: 4.0.290
792 silly placeDep ROOT @remotion/compositor-linux-arm64-musl@4.0.290 OK for: @remotion/renderer@4.0.290 want: 4.0.290
793 silly placeDep ROOT @remotion/compositor-linux-x64-gnu@4.0.290 OK for: @remotion/renderer@4.0.290 want: 4.0.290
794 silly placeDep ROOT @remotion/compositor-linux-x64-musl@4.0.290 OK for: @remotion/renderer@4.0.290 want: 4.0.290
795 silly placeDep ROOT @remotion/compositor-win32-x64-msvc@4.0.290 OK for: @remotion/renderer@4.0.290 want: 4.0.290
796 silly placeDep ROOT @remotion/streaming@4.0.290 OK for: @remotion/renderer@4.0.290 want: 4.0.290
797 silly placeDep ROOT execa@5.1.1 OK for: @remotion/renderer@4.0.290 want: 5.1.1
798 silly placeDep ROOT extract-zip@2.0.1 OK for: @remotion/renderer@4.0.290 want: 2.0.1
799 silly placeDep node_modules/@remotion/renderer source-map@0.8.0-beta.0 OK for: @remotion/renderer@4.0.290 want: ^0.8.0-beta.0
800 silly placeDep ROOT ws@8.17.1 OK for: @remotion/renderer@4.0.290 want: 8.17.1
801 silly fetch manifest onetime@^5.1.2
802 silly packumentCache full:https://registry.npmjs.org/onetime cache-miss
803 silly fetch manifest is-stream@^2.0.0
804 silly packumentCache full:https://registry.npmjs.org/is-stream cache-miss
805 silly fetch manifest get-stream@^6.0.0
806 silly packumentCache full:https://registry.npmjs.org/get-stream cache-miss
807 silly fetch manifest cross-spawn@^7.0.3
808 silly packumentCache full:https://registry.npmjs.org/cross-spawn cache-miss
809 silly fetch manifest signal-exit@^3.0.3
810 silly packumentCache full:https://registry.npmjs.org/signal-exit cache-miss
811 silly fetch manifest merge-stream@^2.0.0
812 silly packumentCache full:https://registry.npmjs.org/merge-stream cache-miss
813 silly fetch manifest npm-run-path@^4.0.1
814 silly packumentCache full:https://registry.npmjs.org/npm-run-path cache-miss
815 http fetch GET 200 https://registry.npmjs.org/npm-run-path 83ms (cache revalidated)
816 silly packumentCache full:https://registry.npmjs.org/npm-run-path set size:33596 disposed:false
817 silly fetch manifest human-signals@^2.1.0
818 silly packumentCache full:https://registry.npmjs.org/human-signals cache-miss
819 http fetch GET 200 https://registry.npmjs.org/merge-stream 95ms (cache revalidated)
820 silly packumentCache full:https://registry.npmjs.org/merge-stream set size:22168 disposed:false
821 silly fetch manifest strip-final-newline@^2.0.0
822 silly packumentCache full:https://registry.npmjs.org/strip-final-newline cache-miss
823 http fetch GET 200 https://registry.npmjs.org/is-stream 97ms (cache revalidated)
824 silly packumentCache full:https://registry.npmjs.org/is-stream set size:18582 disposed:false
825 silly fetch manifest debug@^4.1.1
826 silly packumentCache full:https://registry.npmjs.org/debug cache-hit
827 silly fetch manifest get-stream@^5.1.0
828 silly packumentCache full:https://registry.npmjs.org/get-stream cache-miss
829 http fetch GET 200 https://registry.npmjs.org/signal-exit 97ms (cache revalidated)
830 silly packumentCache full:https://registry.npmjs.org/signal-exit set size:53489 disposed:false
831 silly fetch manifest yauzl@^2.10.0
832 silly packumentCache full:https://registry.npmjs.org/yauzl cache-miss
833 http fetch GET 200 https://registry.npmjs.org/onetime 101ms (cache revalidated)
834 silly packumentCache full:https://registry.npmjs.org/onetime set size:32314 disposed:false
835 silly fetch manifest @types/yauzl@^2.9.1
836 silly packumentCache full:https://registry.npmjs.org/@types%2fyauzl cache-miss
837 http fetch GET 200 https://registry.npmjs.org/get-stream 106ms (cache revalidated)
838 silly packumentCache full:https://registry.npmjs.org/get-stream set size:57536 disposed:false
839 silly fetch manifest whatwg-url@^7.0.0
840 silly packumentCache full:https://registry.npmjs.org/whatwg-url cache-miss
841 http fetch GET 200 https://registry.npmjs.org/cross-spawn 107ms (cache revalidated)
842 silly packumentCache full:https://registry.npmjs.org/cross-spawn set size:109066 disposed:false
843 http fetch GET 200 https://registry.npmjs.org/human-signals 90ms (cache revalidated)
844 silly packumentCache full:https://registry.npmjs.org/human-signals set size:47322 disposed:false
845 http fetch GET 200 https://registry.npmjs.org/yauzl 82ms (cache revalidated)
846 silly packumentCache full:https://registry.npmjs.org/yauzl set size:97051 disposed:false
847 http fetch GET 200 https://registry.npmjs.org/get-stream 87ms (cache revalidated)
848 silly packumentCache full:https://registry.npmjs.org/get-stream set size:57536 disposed:false
849 silly packumentCache full:https://registry.npmjs.org/get-stream dispose
850 http fetch GET 200 https://registry.npmjs.org/whatwg-url 105ms (cache revalidated)
851 silly packumentCache full:https://registry.npmjs.org/whatwg-url set size:170765 disposed:false
852 http fetch GET 200 https://registry.npmjs.org/strip-final-newline 923ms (cache revalidated)
853 silly packumentCache full:https://registry.npmjs.org/strip-final-newline set size:9328 disposed:false
854 http fetch GET 200 https://registry.npmjs.org/@types%2fyauzl 1799ms (cache revalidated)
855 silly packumentCache full:https://registry.npmjs.org/@types%2fyauzl set size:14128 disposed:false
856 silly placeDep ROOT @remotion/media-parser@4.0.290 OK for: @remotion/studio@4.0.290 want: 4.0.290
857 silly placeDep ROOT @remotion/media-utils@4.0.290 OK for: @remotion/studio@4.0.290 want: 4.0.290
858 silly placeDep ROOT @remotion/player@4.0.290 OK for: @remotion/studio@4.0.290 want: 4.0.290
859 silly placeDep ROOT @remotion/zod-types@4.0.290 OK for: @remotion/studio@4.0.290 want: 4.0.290
860 silly placeDep ROOT zod@3.22.3 OK for: @remotion/zod-types@4.0.290 want: 3.22.3
861 silly placeDep ROOT memfs@3.4.3 OK for: @remotion/studio@4.0.290 want: 3.4.3
862 silly placeDep ROOT open@8.4.2 OK for: @remotion/studio@4.0.290 want: ^8.4.2
863 silly placeDep ROOT semver@7.5.3 OK for: @remotion/studio@4.0.290 want: 7.5.3
864 silly fetch manifest fs-monkey@1.0.3
865 silly packumentCache full:https://registry.npmjs.org/fs-monkey cache-miss
866 silly fetch manifest is-wsl@^2.2.0
867 silly packumentCache full:https://registry.npmjs.org/is-wsl cache-miss
868 silly fetch manifest is-docker@^2.1.1
869 silly packumentCache full:https://registry.npmjs.org/is-docker cache-miss
870 silly fetch manifest define-lazy-prop@^2.0.0
871 silly packumentCache full:https://registry.npmjs.org/define-lazy-prop cache-miss
872 silly fetch manifest lru-cache@^6.0.0
873 silly packumentCache full:https://registry.npmjs.org/lru-cache cache-miss
874 http cache https://registry.npmjs.org/lru-cache 18ms (cache hit)
875 silly packumentCache full:https://registry.npmjs.org/lru-cache set size:413591 disposed:false
876 http fetch GET 200 https://registry.npmjs.org/fs-monkey 84ms (cache revalidated)
877 silly packumentCache full:https://registry.npmjs.org/fs-monkey set size:50154 disposed:false
878 http fetch GET 200 https://registry.npmjs.org/is-docker 88ms (cache revalidated)
879 silly packumentCache full:https://registry.npmjs.org/is-docker set size:23690 disposed:false
880 http fetch GET 200 https://registry.npmjs.org/is-wsl 103ms (cache revalidated)
881 silly packumentCache full:https://registry.npmjs.org/is-wsl set size:20683 disposed:false
882 http fetch GET 200 https://registry.npmjs.org/define-lazy-prop 112ms (cache revalidated)
883 silly packumentCache full:https://registry.npmjs.org/define-lazy-prop set size:9337 disposed:false
884 silly placeDep ROOT cron-parser@4.9.0 OK for: bullmq@5.70.4 want: 4.9.0
885 silly placeDep node_modules/bullmq ioredis@5.9.3 OK for: bullmq@5.70.4 want: 5.9.3
886 silly placeDep ROOT msgpackr@1.11.5 OK for: bullmq@5.70.4 want: 1.11.5
887 silly placeDep ROOT node-abort-controller@3.1.1 OK for: bullmq@5.70.4 want: 3.1.1
888 silly placeDep node_modules/bullmq semver@7.7.4 OK for: bullmq@5.70.4 want: 7.7.4
889 silly placeDep ROOT tslib@2.8.1 OK for: bullmq@5.70.4 want: 2.8.1
890 silly placeDep node_modules/bullmq uuid@11.1.0 OK for: bullmq@5.70.4 want: 11.1.0
891 silly fetch manifest luxon@^3.2.1
892 silly packumentCache full:https://registry.npmjs.org/luxon cache-miss
893 silly fetch manifest @ioredis/commands@1.5.0
894 silly packumentCache full:https://registry.npmjs.org/@ioredis%2fcommands cache-miss
895 silly fetch manifest msgpackr-extract@^3.0.2
896 silly packumentCache full:https://registry.npmjs.org/msgpackr-extract cache-miss
897 http cache https://registry.npmjs.org/@ioredis%2fcommands 4ms (cache hit)
898 silly packumentCache full:https://registry.npmjs.org/@ioredis%2fcommands set size:39143 disposed:false
899 http fetch GET 200 https://registry.npmjs.org/luxon 98ms (cache revalidated)
900 silly packumentCache full:https://registry.npmjs.org/luxon set size:511002 disposed:false
901 http fetch GET 200 https://registry.npmjs.org/msgpackr-extract 389ms (cache miss)
902 silly packumentCache full:https://registry.npmjs.org/msgpackr-extract set size:undefined disposed:false
903 silly placeDep ROOT object-assign@4.1.1 OK for: cors@2.8.6 want: ^4
904 silly placeDep ROOT vary@1.1.2 OK for: cors@2.8.6 want: ^1
905 silly placeDep ROOT luxon@3.7.2 OK for: cron-parser@4.9.0 want: ^3.2.1
906 silly placeDep ROOT icss-utils@5.1.0 OK for: css-loader@5.2.7 want: ^5.1.0
907 silly placeDep ROOT postcss@8.5.8 OK for: icss-utils@5.1.0 want: ^8.1.0
908 silly placeDep ROOT loader-utils@2.0.4 OK for: css-loader@5.2.7 want: ^2.0.0
909 silly placeDep ROOT postcss-modules-extract-imports@3.1.0 OK for: css-loader@5.2.7 want: ^3.0.0
910 silly placeDep ROOT postcss-modules-local-by-default@4.2.0 OK for: css-loader@5.2.7 want: ^4.0.0
911 silly placeDep ROOT postcss-modules-scope@3.2.1 OK for: css-loader@5.2.7 want: ^3.0.0
912 silly placeDep ROOT postcss-modules-values@4.0.0 OK for: css-loader@5.2.7 want: ^4.0.0
913 silly placeDep ROOT postcss-value-parser@4.2.0 OK for: css-loader@5.2.7 want: ^4.1.0
914 silly placeDep ROOT schema-utils@3.3.0 OK for: css-loader@5.2.7 want: ^3.0.0
915 silly fetch manifest nanoid@^3.3.11
916 silly packumentCache full:https://registry.npmjs.org/nanoid cache-miss
917 silly fetch manifest picocolors@^1.1.1
918 silly packumentCache full:https://registry.npmjs.org/picocolors cache-miss
919 silly fetch manifest source-map-js@^1.2.1
920 silly packumentCache full:https://registry.npmjs.org/source-map-js cache-miss
921 silly fetch manifest json5@^2.1.2
922 silly packumentCache full:https://registry.npmjs.org/json5 cache-miss
923 silly fetch manifest big.js@^5.2.2
924 silly packumentCache full:https://registry.npmjs.org/big.js cache-miss
925 silly fetch manifest emojis-list@^3.0.0
926 silly packumentCache full:https://registry.npmjs.org/emojis-list cache-miss
927 silly fetch manifest postcss-selector-parser@^7.0.0
928 silly packumentCache full:https://registry.npmjs.org/postcss-selector-parser cache-miss
929 http cache https://registry.npmjs.org/nanoid 6ms (cache hit)
930 silly packumentCache full:https://registry.npmjs.org/nanoid set size:298419 disposed:false
931 silly fetch manifest postcss-selector-parser@^7.0.0
932 silly packumentCache full:https://registry.npmjs.org/postcss-selector-parser cache-miss
933 http cache https://registry.npmjs.org/source-map-js 10ms (cache hit)
934 silly packumentCache full:https://registry.npmjs.org/source-map-js set size:62640 disposed:false
935 silly fetch manifest ajv@^6.12.5
936 silly packumentCache full:https://registry.npmjs.org/ajv cache-miss
937 http cache https://registry.npmjs.org/json5 11ms (cache hit)
938 silly packumentCache full:https://registry.npmjs.org/json5 set size:86136 disposed:false
939 silly fetch manifest ajv-keywords@^3.5.2
940 silly packumentCache full:https://registry.npmjs.org/ajv-keywords cache-miss
941 http cache https://registry.npmjs.org/picocolors 12ms (cache hit)
942 silly packumentCache full:https://registry.npmjs.org/picocolors set size:16648 disposed:false
943 silly fetch manifest @types/json-schema@^7.0.8
944 silly packumentCache full:https://registry.npmjs.org/@types%2fjson-schema cache-miss
945 http fetch GET 200 https://registry.npmjs.org/emojis-list 94ms (cache revalidated)
946 silly packumentCache full:https://registry.npmjs.org/emojis-list set size:17790 disposed:false
947 http fetch GET 200 https://registry.npmjs.org/big.js 106ms (cache revalidated)
948 silly packumentCache full:https://registry.npmjs.org/big.js set size:75813 disposed:false
949 http fetch GET 200 https://registry.npmjs.org/postcss-selector-parser 110ms (cache revalidated)
950 silly packumentCache full:https://registry.npmjs.org/postcss-selector-parser set size:177140 disposed:false
951 http fetch GET 200 https://registry.npmjs.org/postcss-selector-parser 108ms (cache revalidated)
952 silly packumentCache full:https://registry.npmjs.org/postcss-selector-parser set size:177140 disposed:false
953 silly packumentCache full:https://registry.npmjs.org/postcss-selector-parser dispose
954 http fetch GET 200 https://registry.npmjs.org/ajv-keywords 107ms (cache revalidated)
955 silly packumentCache full:https://registry.npmjs.org/ajv-keywords set size:310004 disposed:false
956 http fetch GET 200 https://registry.npmjs.org/ajv 112ms (cache revalidated)
957 silly packumentCache full:https://registry.npmjs.org/ajv set size:1120197 disposed:false
958 http fetch GET 200 https://registry.npmjs.org/@types%2fjson-schema 145ms (cache revalidated)
959 silly packumentCache full:https://registry.npmjs.org/@types%2fjson-schema set size:44704 disposed:false
960 silly placeDep ROOT @esbuild/aix-ppc64@0.25.0 OK for: esbuild@0.25.0 want: 0.25.0
961 silly placeDep ROOT @esbuild/android-arm@0.25.0 OK for: esbuild@0.25.0 want: 0.25.0
962 silly placeDep ROOT @esbuild/android-arm64@0.25.0 OK for: esbuild@0.25.0 want: 0.25.0
963 silly placeDep ROOT @esbuild/android-x64@0.25.0 OK for: esbuild@0.25.0 want: 0.25.0
964 silly placeDep ROOT @esbuild/darwin-arm64@0.25.0 OK for: esbuild@0.25.0 want: 0.25.0
965 silly placeDep ROOT @esbuild/darwin-x64@0.25.0 OK for: esbuild@0.25.0 want: 0.25.0
966 silly placeDep ROOT @esbuild/freebsd-arm64@0.25.0 OK for: esbuild@0.25.0 want: 0.25.0
967 silly placeDep ROOT @esbuild/freebsd-x64@0.25.0 OK for: esbuild@0.25.0 want: 0.25.0
968 silly placeDep ROOT @esbuild/linux-arm@0.25.0 OK for: esbuild@0.25.0 want: 0.25.0
969 silly placeDep ROOT @esbuild/linux-arm64@0.25.0 OK for: esbuild@0.25.0 want: 0.25.0
970 silly placeDep ROOT @esbuild/linux-ia32@0.25.0 OK for: esbuild@0.25.0 want: 0.25.0
971 silly placeDep ROOT @esbuild/linux-loong64@0.25.0 OK for: esbuild@0.25.0 want: 0.25.0
972 silly placeDep ROOT @esbuild/linux-mips64el@0.25.0 OK for: esbuild@0.25.0 want: 0.25.0
973 silly placeDep ROOT @esbuild/linux-ppc64@0.25.0 OK for: esbuild@0.25.0 want: 0.25.0
974 silly placeDep ROOT @esbuild/linux-riscv64@0.25.0 OK for: esbuild@0.25.0 want: 0.25.0
975 silly placeDep ROOT @esbuild/linux-s390x@0.25.0 OK for: esbuild@0.25.0 want: 0.25.0
976 silly placeDep ROOT @esbuild/linux-x64@0.25.0 OK for: esbuild@0.25.0 want: 0.25.0
977 silly placeDep ROOT @esbuild/netbsd-arm64@0.25.0 OK for: esbuild@0.25.0 want: 0.25.0
978 silly placeDep ROOT @esbuild/netbsd-x64@0.25.0 OK for: esbuild@0.25.0 want: 0.25.0
979 silly placeDep ROOT @esbuild/openbsd-arm64@0.25.0 OK for: esbuild@0.25.0 want: 0.25.0
980 silly placeDep ROOT @esbuild/openbsd-x64@0.25.0 OK for: esbuild@0.25.0 want: 0.25.0
981 silly placeDep ROOT @esbuild/sunos-x64@0.25.0 OK for: esbuild@0.25.0 want: 0.25.0
982 silly placeDep ROOT @esbuild/win32-arm64@0.25.0 OK for: esbuild@0.25.0 want: 0.25.0
983 silly placeDep ROOT @esbuild/win32-ia32@0.25.0 OK for: esbuild@0.25.0 want: 0.25.0
984 silly placeDep ROOT @esbuild/win32-x64@0.25.0 OK for: esbuild@0.25.0 want: 0.25.0
985 silly placeDep ROOT cross-spawn@7.0.6 OK for: execa@5.1.1 want: ^7.0.3
986 silly placeDep ROOT get-stream@6.0.1 OK for: execa@5.1.1 want: ^6.0.0
987 silly placeDep ROOT human-signals@2.1.0 OK for: execa@5.1.1 want: ^2.1.0
988 silly placeDep ROOT is-stream@2.0.1 OK for: execa@5.1.1 want: ^2.0.0
989 silly placeDep ROOT merge-stream@2.0.0 OK for: execa@5.1.1 want: ^2.0.0
990 silly placeDep ROOT npm-run-path@4.0.1 OK for: execa@5.1.1 want: ^4.0.1
991 silly placeDep ROOT onetime@5.1.2 OK for: execa@5.1.1 want: ^5.1.2
992 silly placeDep ROOT signal-exit@3.0.7 OK for: execa@5.1.1 want: ^3.0.3
993 silly placeDep ROOT strip-final-newline@2.0.0 OK for: execa@5.1.1 want: ^2.0.0
994 silly fetch manifest which@^2.0.1
995 silly packumentCache full:https://registry.npmjs.org/which cache-miss
996 silly fetch manifest path-key@^3.1.0
997 silly packumentCache full:https://registry.npmjs.org/path-key cache-miss
998 silly fetch manifest shebang-command@^2.0.0
999 silly packumentCache full:https://registry.npmjs.org/shebang-command cache-miss
1000 silly fetch manifest path-key@^3.0.0
1001 silly packumentCache full:https://registry.npmjs.org/path-key cache-miss
1002 silly fetch manifest mimic-fn@^2.1.0
1003 silly packumentCache full:https://registry.npmjs.org/mimic-fn cache-miss
1004 http fetch GET 200 https://registry.npmjs.org/path-key 79ms (cache revalidated)
1005 silly packumentCache full:https://registry.npmjs.org/path-key set size:16975 disposed:false
1006 http fetch GET 200 https://registry.npmjs.org/path-key 90ms (cache revalidated)
1007 silly packumentCache full:https://registry.npmjs.org/path-key set size:16975 disposed:false
1008 silly packumentCache full:https://registry.npmjs.org/path-key dispose
1009 http fetch GET 200 https://registry.npmjs.org/mimic-fn 90ms (cache revalidated)
1010 silly packumentCache full:https://registry.npmjs.org/mimic-fn set size:22257 disposed:false
1011 http fetch GET 200 https://registry.npmjs.org/shebang-command 95ms (cache revalidated)
1012 silly packumentCache full:https://registry.npmjs.org/shebang-command set size:8525 disposed:false
1013 http fetch GET 200 https://registry.npmjs.org/which 102ms (cache revalidated)
1014 silly packumentCache full:https://registry.npmjs.org/which set size:67805 disposed:false
1015 silly placeDep ROOT path-key@3.1.1 OK for: cross-spawn@7.0.6 want: ^3.1.0
1016 silly placeDep ROOT shebang-command@2.0.0 OK for: cross-spawn@7.0.6 want: ^2.0.0
1017 silly placeDep ROOT which@2.0.2 OK for: cross-spawn@7.0.6 want: ^2.0.1
1018 silly fetch manifest shebang-regex@^3.0.0
1019 silly packumentCache full:https://registry.npmjs.org/shebang-regex cache-miss
1020 silly fetch manifest isexe@^2.0.0
1021 silly packumentCache full:https://registry.npmjs.org/isexe cache-miss
1022 http fetch GET 200 https://registry.npmjs.org/isexe 93ms (cache revalidated)
1023 silly packumentCache full:https://registry.npmjs.org/isexe set size:31756 disposed:false
1024 http fetch GET 200 https://registry.npmjs.org/shebang-regex 97ms (cache revalidated)
1025 silly packumentCache full:https://registry.npmjs.org/shebang-regex set size:9763 disposed:false
1026 silly placeDep ROOT accepts@1.3.8 OK for: express@4.22.1 want: ~1.3.8
1027 silly placeDep ROOT array-flatten@1.1.1 OK for: express@4.22.1 want: 1.1.1
1028 silly placeDep ROOT body-parser@1.20.4 OK for: express@4.22.1 want: ~1.20.3
1029 silly placeDep ROOT content-disposition@0.5.4 OK for: express@4.22.1 want: ~0.5.4
1030 silly placeDep ROOT content-type@1.0.5 OK for: express@4.22.1 want: ~1.0.4
1031 silly placeDep ROOT cookie@0.7.2 OK for: express@4.22.1 want: ~0.7.1
1032 silly placeDep ROOT cookie-signature@1.0.7 OK for: express@4.22.1 want: ~1.0.6
1033 silly placeDep ROOT debug@2.6.9 OK for: express@4.22.1 want: 2.6.9
1034 silly placeDep ROOT depd@2.0.0 OK for: express@4.22.1 want: 2.0.0
1035 silly placeDep ROOT encodeurl@2.0.0 OK for: express@4.22.1 want: ~2.0.0
1036 silly placeDep ROOT escape-html@1.0.3 OK for: express@4.22.1 want: ~1.0.3
1037 silly placeDep ROOT etag@1.8.1 OK for: express@4.22.1 want: ~1.8.1
1038 silly placeDep ROOT finalhandler@1.3.2 OK for: express@4.22.1 want: ~1.3.1
1039 silly placeDep ROOT fresh@0.5.2 OK for: express@4.22.1 want: ~0.5.2
1040 silly placeDep ROOT http-errors@2.0.1 OK for: express@4.22.1 want: ~2.0.0
1041 silly placeDep ROOT merge-descriptors@1.0.3 OK for: express@4.22.1 want: 1.0.3
1042 silly placeDep ROOT methods@1.1.2 OK for: express@4.22.1 want: ~1.1.2
1043 silly placeDep ROOT on-finished@2.4.1 OK for: express@4.22.1 want: ~2.4.1
1044 silly placeDep ROOT parseurl@1.3.3 OK for: express@4.22.1 want: ~1.3.3
1045 silly placeDep ROOT path-to-regexp@0.1.12 OK for: express@4.22.1 want: ~0.1.12
1046 silly placeDep ROOT proxy-addr@2.0.7 OK for: express@4.22.1 want: ~2.0.7
1047 silly placeDep ROOT qs@6.14.2 OK for: express@4.22.1 want: ~6.14.0
1048 silly placeDep ROOT range-parser@1.2.1 OK for: express@4.22.1 want: ~1.2.1
1049 silly placeDep ROOT safe-buffer@5.2.1 OK for: express@4.22.1 want: 5.2.1
1050 silly placeDep ROOT send@0.19.2 OK for: express@4.22.1 want: ~0.19.0
1051 silly placeDep ROOT serve-static@1.16.3 OK for: express@4.22.1 want: ~1.16.2
1052 silly placeDep ROOT setprototypeof@1.2.0 OK for: express@4.22.1 want: 1.2.0
1053 silly placeDep ROOT statuses@2.0.2 OK for: express@4.22.1 want: ~2.0.1
1054 silly placeDep ROOT type-is@1.6.18 OK for: express@4.22.1 want: ~1.6.18
1055 silly placeDep ROOT utils-merge@1.0.1 OK for: express@4.22.1 want: 1.0.1
1056 silly fetch manifest mime-types@~2.1.34
1057 silly packumentCache full:https://registry.npmjs.org/mime-types cache-hit
1058 silly fetch manifest negotiator@0.6.3
1059 silly packumentCache full:https://registry.npmjs.org/negotiator cache-miss
1060 silly fetch manifest bytes@~3.1.2
1061 silly packumentCache full:https://registry.npmjs.org/bytes cache-miss
1062 silly fetch manifest unpipe@~1.0.0
1063 silly packumentCache full:https://registry.npmjs.org/unpipe cache-miss
1064 silly fetch manifest destroy@~1.2.0
1065 silly packumentCache full:https://registry.npmjs.org/destroy cache-miss
1066 silly fetch manifest raw-body@~2.5.3
1067 silly packumentCache full:https://registry.npmjs.org/raw-body cache-miss
1068 silly fetch manifest iconv-lite@~0.4.24
1069 silly packumentCache full:https://registry.npmjs.org/iconv-lite cache-miss
1070 silly fetch manifest http-errors@~2.0.1
1071 silly packumentCache full:https://registry.npmjs.org/http-errors cache-hit
1072 silly fetch manifest content-type@~1.0.5
1073 silly packumentCache full:https://registry.npmjs.org/content-type cache-hit
1074 silly fetch manifest ms@2.0.0
1075 silly packumentCache full:https://registry.npmjs.org/ms cache-miss
1076 http cache https://registry.npmjs.org/ms 5ms (cache hit)
1077 silly packumentCache full:https://registry.npmjs.org/ms set size:92208 disposed:false
1078 silly fetch manifest unpipe@~1.0.0
1079 silly packumentCache full:https://registry.npmjs.org/unpipe cache-miss
1080 http fetch GET 200 https://registry.npmjs.org/bytes 94ms (cache revalidated)
1081 silly packumentCache full:https://registry.npmjs.org/bytes set size:37018 disposed:false
1082 silly fetch manifest statuses@~2.0.2
1083 silly packumentCache full:https://registry.npmjs.org/statuses cache-hit
1084 silly fetch manifest inherits@~2.0.4
1085 silly packumentCache full:https://registry.npmjs.org/inherits cache-miss
1086 http fetch GET 200 https://registry.npmjs.org/destroy 96ms (cache miss)
1087 silly packumentCache full:https://registry.npmjs.org/destroy set size:undefined disposed:false
1088 silly fetch manifest setprototypeof@~1.2.0
1089 silly packumentCache full:https://registry.npmjs.org/setprototypeof cache-hit
1090 silly fetch manifest toidentifier@~1.0.1
1091 silly packumentCache full:https://registry.npmjs.org/toidentifier cache-miss
1092 http fetch GET 200 https://registry.npmjs.org/iconv-lite 98ms (cache revalidated)
1093 silly packumentCache full:https://registry.npmjs.org/iconv-lite set size:120557 disposed:false
1094 silly fetch manifest ee-first@1.1.1
1095 silly packumentCache full:https://registry.npmjs.org/ee-first cache-miss
1096 http fetch GET 200 https://registry.npmjs.org/unpipe 105ms (cache revalidated)
1097 silly packumentCache full:https://registry.npmjs.org/unpipe set size:3609 disposed:false
1098 silly fetch manifest forwarded@0.2.0
1099 silly packumentCache full:https://registry.npmjs.org/forwarded cache-miss
1100 http fetch GET 200 https://registry.npmjs.org/negotiator 106ms (cache revalidated)
1101 silly packumentCache full:https://registry.npmjs.org/negotiator set size:48046 disposed:false
1102 silly fetch manifest ipaddr.js@1.9.1
1103 silly packumentCache full:https://registry.npmjs.org/ipaddr.js cache-miss
1104 http fetch GET 200 https://registry.npmjs.org/unpipe 101ms (cache revalidated)
1105 silly packumentCache full:https://registry.npmjs.org/unpipe set size:3609 disposed:false
1106 silly packumentCache full:https://registry.npmjs.org/unpipe dispose
1107 silly fetch manifest side-channel@^1.1.0
1108 silly packumentCache full:https://registry.npmjs.org/side-channel cache-miss
1109 http fetch GET 200 https://registry.npmjs.org/inherits 93ms (cache revalidated)
1110 silly packumentCache full:https://registry.npmjs.org/inherits set size:12925 disposed:false
1111 silly fetch manifest ms@2.1.3
1112 silly packumentCache full:https://registry.npmjs.org/ms cache-hit
1113 silly fetch manifest mime@1.6.0
1114 silly packumentCache full:https://registry.npmjs.org/mime cache-miss
1115 http fetch GET 200 https://registry.npmjs.org/ee-first 93ms (cache miss)
1116 silly packumentCache full:https://registry.npmjs.org/ee-first set size:undefined disposed:false
1117 silly fetch manifest destroy@1.2.0
1118 silly packumentCache full:https://registry.npmjs.org/destroy cache-miss
1119 http fetch GET 200 https://registry.npmjs.org/forwarded 89ms (cache miss)
1120 silly packumentCache full:https://registry.npmjs.org/forwarded set size:undefined disposed:false
1121 silly fetch manifest mime-types@~2.1.24
1122 silly packumentCache full:https://registry.npmjs.org/mime-types cache-hit
1123 silly fetch manifest media-typer@0.3.0
1124 silly packumentCache full:https://registry.npmjs.org/media-typer cache-miss
1125 http cache https://registry.npmjs.org/destroy 3ms (cache hit)
1126 silly packumentCache full:https://registry.npmjs.org/destroy set size:15738 disposed:false
1127 http cache https://registry.npmjs.org/media-typer 3ms (cache hit)
1128 silly packumentCache full:https://registry.npmjs.org/media-typer set size:20873 disposed:false
1129 http fetch GET 200 https://registry.npmjs.org/toidentifier 103ms (cache revalidated)
1130 silly packumentCache full:https://registry.npmjs.org/toidentifier set size:12006 disposed:false
1131 http fetch GET 200 https://registry.npmjs.org/raw-body 200ms (cache revalidated)
1132 silly packumentCache full:https://registry.npmjs.org/raw-body set size:117822 disposed:false
1133 http fetch GET 200 https://registry.npmjs.org/ipaddr.js 96ms (cache miss)
1134 silly packumentCache full:https://registry.npmjs.org/ipaddr.js set size:undefined disposed:false
1135 http fetch GET 200 https://registry.npmjs.org/side-channel 99ms (cache revalidated)
1136 silly packumentCache full:https://registry.npmjs.org/side-channel set size:24660 disposed:false
1137 http fetch GET 200 https://registry.npmjs.org/mime 97ms (cache revalidated)
1138 silly packumentCache full:https://registry.npmjs.org/mime set size:119236 disposed:false
1139 silly placeDep ROOT mime-types@2.1.35 OK for: accepts@1.3.8 want: ~2.1.34
1140 silly placeDep ROOT negotiator@0.6.3 OK for: accepts@1.3.8 want: 0.6.3
1141 silly fetch manifest mime-db@1.52.0
1142 silly packumentCache full:https://registry.npmjs.org/mime-db cache-miss
1143 http cache https://registry.npmjs.org/mime-db 3ms (cache hit)
1144 silly packumentCache full:https://registry.npmjs.org/mime-db set size:164953 disposed:false
1145 silly placeDep ROOT bytes@3.1.2 OK for: body-parser@1.20.4 want: ~3.1.2
1146 silly placeDep ROOT destroy@1.2.0 OK for: body-parser@1.20.4 want: ~1.2.0
1147 silly placeDep ROOT iconv-lite@0.4.24 OK for: body-parser@1.20.4 want: ~0.4.24
1148 silly placeDep ROOT raw-body@2.5.3 OK for: body-parser@1.20.4 want: ~2.5.3
1149 silly placeDep ROOT unpipe@1.0.0 OK for: body-parser@1.20.4 want: ~1.0.0
1150 silly fetch manifest safer-buffer@>= 2.1.2 < 3
1151 silly packumentCache full:https://registry.npmjs.org/safer-buffer cache-miss
1152 http fetch GET 200 https://registry.npmjs.org/safer-buffer 97ms (cache revalidated)
1153 silly packumentCache full:https://registry.npmjs.org/safer-buffer set size:18521 disposed:false
1154 silly placeDep ROOT ms@2.0.0 OK for: debug@2.6.9 want: 2.0.0
1155 silly placeDep ROOT @types/yauzl@2.10.3 OK for: extract-zip@2.0.1 want: ^2.9.1
1156 silly placeDep node_modules/extract-zip debug@4.4.3 OK for: extract-zip@2.0.1 want: ^4.1.1
1157 silly placeDep node_modules/extract-zip get-stream@5.2.0 OK for: extract-zip@2.0.1 want: ^5.1.0
1158 silly placeDep ROOT yauzl@2.10.0 OK for: extract-zip@2.0.1 want: ^2.10.0
1159 silly fetch manifest @types/node@*
1160 silly packumentCache full:https://registry.npmjs.org/@types%2fnode cache-miss
1161 silly fetch manifest ms@^2.1.3
1162 silly packumentCache full:https://registry.npmjs.org/ms cache-hit
1163 silly fetch manifest pump@^3.0.0
1164 silly packumentCache full:https://registry.npmjs.org/pump cache-miss
1165 silly fetch manifest fd-slicer@~1.1.0
1166 silly packumentCache full:https://registry.npmjs.org/fd-slicer cache-miss
1167 silly fetch manifest buffer-crc32@~0.2.3
1168 silly packumentCache full:https://registry.npmjs.org/buffer-crc32 cache-miss
1169 http cache https://registry.npmjs.org/@types%2fnode 24ms (cache hit)
1170 silly packumentCache full:https://registry.npmjs.org/@types%2fnode set size:10932649 disposed:false
1171 http fetch GET 200 https://registry.npmjs.org/fd-slicer 100ms (cache revalidated)
1172 silly packumentCache full:https://registry.npmjs.org/fd-slicer set size:25525 disposed:false
1173 http fetch GET 200 https://registry.npmjs.org/pump 110ms (cache revalidated)
1174 silly packumentCache full:https://registry.npmjs.org/pump set size:41178 disposed:false
1175 http fetch GET 200 https://registry.npmjs.org/buffer-crc32 117ms (cache revalidated)
1176 silly packumentCache full:https://registry.npmjs.org/buffer-crc32 set size:58100 disposed:false
1177 silly placeDep ROOT @types/node@25.3.5 OK for: @types/yauzl@2.10.3 want: *
1178 silly fetch manifest undici-types@~7.18.0
1179 silly packumentCache full:https://registry.npmjs.org/undici-types cache-miss
1180 http fetch GET 200 https://registry.npmjs.org/undici-types 96ms (cache revalidated)
1181 silly packumentCache full:https://registry.npmjs.org/undici-types set size:171546 disposed:false
1182 silly placeDep ROOT undici-types@7.18.2 OK for: @types/node@25.3.5 want: ~7.18.0
1183 silly fetch manifest encoding@^0.1.0
1184 silly packumentCache full:https://registry.npmjs.org/encoding cache-miss
1185 http fetch GET 200 https://registry.npmjs.org/encoding 90ms (cache revalidated)
1186 silly packumentCache full:https://registry.npmjs.org/encoding set size:17833 disposed:false
1187 silly placeDep ROOT @grpc/grpc-js@1.14.3 OK for: google-gax@4.6.1 want: ^1.10.9
1188 silly placeDep ROOT @grpc/proto-loader@0.7.15 OK for: google-gax@4.6.1 want: ^0.7.13
1189 silly placeDep ROOT @types/long@4.0.2 OK for: google-gax@4.6.1 want: ^4.0.0
1190 silly placeDep ROOT abort-controller@3.0.0 OK for: google-gax@4.6.1 want: ^3.0.0
1191 silly placeDep ROOT duplexify@4.1.3 OK for: google-gax@4.6.1 want: ^4.0.0
1192 silly placeDep ROOT google-auth-library@9.15.1 OK for: google-gax@4.6.1 want: ^9.3.0
1193 silly placeDep ROOT node-fetch@2.7.0 OK for: google-gax@4.6.1 want: ^2.7.0
1194 silly placeDep ROOT object-hash@3.0.0 OK for: google-gax@4.6.1 want: ^3.0.0
1195 silly placeDep ROOT proto3-json-serializer@2.0.2 OK for: google-gax@4.6.1 want: ^2.0.2
1196 silly placeDep ROOT protobufjs@7.5.4 OK for: google-gax@4.6.1 want: ^7.3.2
1197 silly placeDep ROOT retry-request@7.0.2 OK for: google-gax@4.6.1 want: ^7.0.0
1198 silly placeDep node_modules/google-gax uuid@9.0.1 OK for: google-gax@4.6.1 want: ^9.0.1
1199 silly fetch manifest @grpc/proto-loader@^0.8.0
1200 silly packumentCache full:https://registry.npmjs.org/@grpc%2fproto-loader cache-hit
1201 silly fetch manifest @js-sdsl/ordered-map@^4.4.2
1202 silly packumentCache full:https://registry.npmjs.org/@js-sdsl%2fordered-map cache-miss
1203 silly fetch manifest long@^5.0.0
1204 silly packumentCache full:https://registry.npmjs.org/long cache-miss
1205 silly fetch manifest yargs@^17.7.2
1206 silly packumentCache full:https://registry.npmjs.org/yargs cache-miss
1207 silly fetch manifest protobufjs@^7.2.5
1208 silly packumentCache full:https://registry.npmjs.org/protobufjs cache-hit
1209 silly fetch manifest lodash.camelcase@^4.3.0
1210 silly packumentCache full:https://registry.npmjs.org/lodash.camelcase cache-miss
1211 silly fetch manifest event-target-shim@^5.0.0
1212 silly packumentCache full:https://registry.npmjs.org/event-target-shim cache-miss
1213 silly fetch manifest end-of-stream@^1.4.1
1214 silly packumentCache full:https://registry.npmjs.org/end-of-stream cache-miss
1215 silly fetch manifest inherits@^2.0.3
1216 silly packumentCache full:https://registry.npmjs.org/inherits cache-hit
1217 silly fetch manifest readable-stream@^3.1.1
1218 silly packumentCache full:https://registry.npmjs.org/readable-stream cache-miss
1219 http fetch GET 200 https://registry.npmjs.org/yargs 106ms (cache revalidated)
1220 silly packumentCache full:https://registry.npmjs.org/yargs set size:743056 disposed:false
1221 silly fetch manifest stream-shift@^1.0.2
1222 silly packumentCache full:https://registry.npmjs.org/stream-shift cache-miss
1223 http fetch GET 200 https://registry.npmjs.org/long 117ms (cache revalidated)
1224 silly packumentCache full:https://registry.npmjs.org/long set size:80704 disposed:false
1225 silly fetch manifest jws@^4.0.0
1226 silly packumentCache full:https://registry.npmjs.org/jws cache-miss
1227 http fetch GET 200 https://registry.npmjs.org/end-of-stream 117ms (cache revalidated)
1228 silly packumentCache full:https://registry.npmjs.org/end-of-stream set size:27842 disposed:false
1229 silly fetch manifest gaxios@^6.1.1
1230 silly packumentCache full:https://registry.npmjs.org/gaxios cache-miss
1231 http fetch GET 200 https://registry.npmjs.org/readable-stream 118ms (cache revalidated)
1232 silly packumentCache full:https://registry.npmjs.org/readable-stream set size:261096 disposed:false
1233 silly fetch manifest gtoken@^7.0.0
1234 silly packumentCache full:https://registry.npmjs.org/gtoken cache-miss
1235 http fetch GET 200 https://registry.npmjs.org/event-target-shim 124ms (cache miss)
1236 silly packumentCache full:https://registry.npmjs.org/event-target-shim set size:undefined disposed:false
1237 silly fetch manifest base64-js@^1.3.0
1238 silly packumentCache full:https://registry.npmjs.org/base64-js cache-miss
1239 http fetch GET 200 https://registry.npmjs.org/jws 94ms (cache revalidated)
1240 silly packumentCache full:https://registry.npmjs.org/jws set size:48919 disposed:false
1241 silly fetch manifest gcp-metadata@^6.1.0
1242 silly packumentCache full:https://registry.npmjs.org/gcp-metadata cache-miss
1243 http fetch GET 200 https://registry.npmjs.org/stream-shift 109ms (cache revalidated)
1244 silly packumentCache full:https://registry.npmjs.org/stream-shift set size:8066 disposed:false
1245 silly fetch manifest ecdsa-sig-formatter@^1.0.11
1246 silly packumentCache full:https://registry.npmjs.org/ecdsa-sig-formatter cache-miss
1247 http fetch GET 200 https://registry.npmjs.org/base64-js 101ms (cache revalidated)
1248 silly packumentCache full:https://registry.npmjs.org/base64-js set size:41270 disposed:false
1249 silly fetch manifest whatwg-url@^5.0.0
1250 silly packumentCache full:https://registry.npmjs.org/whatwg-url cache-hit
1251 silly fetch manifest @protobufjs/path@^1.1.2
1252 silly packumentCache full:https://registry.npmjs.org/@protobufjs%2fpath cache-miss
1253 http fetch GET 200 https://registry.npmjs.org/gcp-metadata 83ms (cache revalidated)
1254 silly packumentCache full:https://registry.npmjs.org/gcp-metadata set size:191448 disposed:false
1255 silly fetch manifest @protobufjs/pool@^1.1.0
1256 silly packumentCache full:https://registry.npmjs.org/@protobufjs%2fpool cache-miss
1257 http fetch GET 200 https://registry.npmjs.org/ecdsa-sig-formatter 83ms (cache revalidated)
1258 silly packumentCache full:https://registry.npmjs.org/ecdsa-sig-formatter set size:23546 disposed:false
1259 silly fetch manifest @protobufjs/utf8@^1.1.0
1260 silly packumentCache full:https://registry.npmjs.org/@protobufjs%2futf8 cache-miss
1261 http fetch GET 200 https://registry.npmjs.org/@protobufjs%2fpath 116ms (cache revalidated)
1262 silly packumentCache full:https://registry.npmjs.org/@protobufjs%2fpath set size:10241 disposed:false
1263 silly fetch manifest @protobufjs/fetch@^1.1.0
1264 silly packumentCache full:https://registry.npmjs.org/@protobufjs%2ffetch cache-miss
1265 http fetch GET 200 https://registry.npmjs.org/lodash.camelcase 393ms (cache revalidated)
1266 silly packumentCache full:https://registry.npmjs.org/lodash.camelcase set size:16993 disposed:false
1267 silly fetch manifest @protobufjs/float@^1.0.2
1268 silly packumentCache full:https://registry.npmjs.org/@protobufjs%2ffloat cache-miss
1269 http fetch GET 200 https://registry.npmjs.org/@js-sdsl%2fordered-map 398ms (cache revalidated)
1270 silly packumentCache full:https://registry.npmjs.org/@js-sdsl%2fordered-map set size:63788 disposed:false
1271 silly fetch manifest @protobufjs/base64@^1.1.2
1272 silly packumentCache full:https://registry.npmjs.org/@protobufjs%2fbase64 cache-miss
1273 http fetch GET 200 https://registry.npmjs.org/@protobufjs%2futf8 96ms (cache revalidated)
1274 silly packumentCache full:https://registry.npmjs.org/@protobufjs%2futf8 set size:13750 disposed:false
1275 silly fetch manifest @protobufjs/codegen@^2.0.4
1276 silly packumentCache full:https://registry.npmjs.org/@protobufjs%2fcodegen cache-miss
1277 http fetch GET 200 https://registry.npmjs.org/@protobufjs%2fpool 111ms (cache revalidated)
1278 silly packumentCache full:https://registry.npmjs.org/@protobufjs%2fpool set size:10727 disposed:false
1279 silly fetch manifest @protobufjs/inquire@^1.1.0
1280 silly packumentCache full:https://registry.npmjs.org/@protobufjs%2finquire cache-miss
1281 http fetch GET 200 https://registry.npmjs.org/@protobufjs%2ffetch 124ms (cache revalidated)
1282 silly packumentCache full:https://registry.npmjs.org/@protobufjs%2ffetch set size:10099 disposed:false
1283 silly fetch manifest @protobufjs/aspromise@^1.1.2
1284 silly packumentCache full:https://registry.npmjs.org/@protobufjs%2faspromise cache-miss
1285 http fetch GET 200 https://registry.npmjs.org/@protobufjs%2ffloat 99ms (cache revalidated)
1286 silly packumentCache full:https://registry.npmjs.org/@protobufjs%2ffloat set size:9957 disposed:false
1287 silly fetch manifest @protobufjs/eventemitter@^1.1.0
1288 silly packumentCache full:https://registry.npmjs.org/@protobufjs%2feventemitter cache-miss
1289 http fetch GET 200 https://registry.npmjs.org/gtoken 372ms (cache revalidated)
1290 silly packumentCache full:https://registry.npmjs.org/gtoken set size:155604 disposed:false
1291 silly fetch manifest extend@^3.0.2
1292 silly packumentCache full:https://registry.npmjs.org/extend cache-miss
1293 http fetch GET 200 https://registry.npmjs.org/@protobufjs%2fbase64 98ms (cache revalidated)
1294 silly packumentCache full:https://registry.npmjs.org/@protobufjs%2fbase64 set size:14176 disposed:false
1295 silly fetch manifest teeny-request@^9.0.0
1296 silly packumentCache full:https://registry.npmjs.org/teeny-request cache-miss
1297 http fetch GET 200 https://registry.npmjs.org/@protobufjs%2finquire 106ms (cache revalidated)
1298 silly packumentCache full:https://registry.npmjs.org/@protobufjs%2finquire set size:6983 disposed:false
1299 silly fetch manifest @types/request@^2.48.8
1300 silly packumentCache full:https://registry.npmjs.org/@types%2frequest cache-miss
1301 http fetch GET 200 https://registry.npmjs.org/@protobufjs%2fcodegen 116ms (cache revalidated)
1302 silly packumentCache full:https://registry.npmjs.org/@protobufjs%2fcodegen set size:22005 disposed:false
1303 http fetch GET 200 https://registry.npmjs.org/gaxios 423ms (cache updated)
1304 silly packumentCache full:https://registry.npmjs.org/gaxios set size:undefined disposed:false
1305 http fetch GET 200 https://registry.npmjs.org/@protobufjs%2faspromise 105ms (cache revalidated)
1306 silly packumentCache full:https://registry.npmjs.org/@protobufjs%2faspromise set size:11438 disposed:false
1307 http fetch GET 200 https://registry.npmjs.org/extend 83ms (cache revalidated)
1308 silly packumentCache full:https://registry.npmjs.org/extend set size:25974 disposed:false
1309 http fetch GET 200 https://registry.npmjs.org/teeny-request 89ms (cache revalidated)
1310 silly packumentCache full:https://registry.npmjs.org/teeny-request set size:170160 disposed:false
1311 http fetch GET 200 https://registry.npmjs.org/@protobufjs%2feventemitter 372ms (cache revalidated)
1312 silly packumentCache full:https://registry.npmjs.org/@protobufjs%2feventemitter set size:11306 disposed:false
1313 http fetch GET 200 https://registry.npmjs.org/@types%2frequest 399ms (cache miss)
1314 silly packumentCache full:https://registry.npmjs.org/@types%2frequest set size:undefined disposed:false
1315 silly placeDep node_modules/@grpc/grpc-js @grpc/proto-loader@0.8.0 OK for: @grpc/grpc-js@1.14.3 want: ^0.8.0
1316 silly placeDep ROOT @js-sdsl/ordered-map@4.4.2 OK for: @grpc/grpc-js@1.14.3 want: ^4.4.2
1317 silly placeDep ROOT lodash.camelcase@4.3.0 OK for: @grpc/proto-loader@0.7.15 want: ^4.3.0
1318 silly placeDep ROOT long@5.3.2 OK for: @grpc/proto-loader@0.7.15 want: ^5.0.0
1319 silly placeDep ROOT yargs@17.7.2 OK for: @grpc/proto-loader@0.7.15 want: ^17.7.2
1320 silly fetch manifest y18n@^5.0.5
1321 silly packumentCache full:https://registry.npmjs.org/y18n cache-miss
1322 silly fetch manifest cliui@^8.0.1
1323 silly packumentCache full:https://registry.npmjs.org/cliui cache-miss
1324 silly fetch manifest escalade@^3.1.1
1325 silly packumentCache full:https://registry.npmjs.org/escalade cache-miss
1326 silly fetch manifest string-width@^4.2.3
1327 silly packumentCache full:https://registry.npmjs.org/string-width cache-miss
1328 silly fetch manifest yargs-parser@^21.1.1
1329 silly packumentCache full:https://registry.npmjs.org/yargs-parser cache-miss
1330 silly fetch manifest get-caller-file@^2.0.5
1331 silly packumentCache full:https://registry.npmjs.org/get-caller-file cache-miss
1332 silly fetch manifest require-directory@^2.1.1
1333 silly packumentCache full:https://registry.npmjs.org/require-directory cache-miss
1334 http cache https://registry.npmjs.org/escalade 10ms (cache hit)
1335 silly packumentCache full:https://registry.npmjs.org/escalade set size:33724 disposed:false
1336 http fetch GET 200 https://registry.npmjs.org/yargs-parser 88ms (cache revalidated)
1337 silly packumentCache full:https://registry.npmjs.org/yargs-parser set size:238630 disposed:false
1338 http fetch GET 200 https://registry.npmjs.org/require-directory 91ms (cache revalidated)
1339 silly packumentCache full:https://registry.npmjs.org/require-directory set size:26866 disposed:false
1340 http fetch GET 200 https://registry.npmjs.org/y18n 93ms (cache revalidated)
1341 silly packumentCache full:https://registry.npmjs.org/y18n set size:76155 disposed:false
1342 http fetch GET 200 https://registry.npmjs.org/string-width 97ms (cache revalidated)
1343 silly packumentCache full:https://registry.npmjs.org/string-width set size:68305 disposed:false
1344 http fetch GET 200 https://registry.npmjs.org/cliui 111ms (cache revalidated)
1345 silly packumentCache full:https://registry.npmjs.org/cliui set size:69089 disposed:false
1346 http fetch GET 200 https://registry.npmjs.org/get-caller-file 113ms (cache revalidated)
1347 silly packumentCache full:https://registry.npmjs.org/get-caller-file set size:26456 disposed:false
1348 silly placeDep ROOT event-target-shim@5.0.1 OK for: abort-controller@3.0.0 want: ^5.0.0
1349 silly placeDep ROOT end-of-stream@1.4.5 OK for: duplexify@4.1.3 want: ^1.4.1
1350 silly placeDep ROOT inherits@2.0.4 OK for: duplexify@4.1.3 want: ^2.0.3
1351 silly placeDep ROOT readable-stream@3.6.2 OK for: duplexify@4.1.3 want: ^3.1.1
1352 silly placeDep ROOT stream-shift@1.0.3 OK for: duplexify@4.1.3 want: ^1.0.2
1353 silly fetch manifest once@^1.4.0
1354 silly packumentCache full:https://registry.npmjs.org/once cache-miss
1355 silly fetch manifest string_decoder@^1.1.1
1356 silly packumentCache full:https://registry.npmjs.org/string_decoder cache-miss
1357 silly fetch manifest util-deprecate@^1.0.1
1358 silly packumentCache full:https://registry.npmjs.org/util-deprecate cache-miss
1359 http fetch GET 200 https://registry.npmjs.org/util-deprecate 92ms (cache revalidated)
1360 silly packumentCache full:https://registry.npmjs.org/util-deprecate set size:6674 disposed:false
1361 http fetch GET 200 https://registry.npmjs.org/once 92ms (cache revalidated)
1362 silly packumentCache full:https://registry.npmjs.org/once set size:11752 disposed:false
1363 http fetch GET 200 https://registry.npmjs.org/string_decoder 95ms (cache revalidated)
1364 silly packumentCache full:https://registry.npmjs.org/string_decoder set size:28441 disposed:false
1365 silly placeDep ROOT once@1.4.0 OK for: end-of-stream@1.4.5 want: ^1.4.0
1366 silly fetch manifest wrappy@1
1367 silly packumentCache full:https://registry.npmjs.org/wrappy cache-miss
1368 http fetch GET 200 https://registry.npmjs.org/wrappy 90ms (cache revalidated)
1369 silly packumentCache full:https://registry.npmjs.org/wrappy set size:7682 disposed:false
1370 silly placeDep ROOT base64-js@1.5.1 OK for: google-auth-library@9.15.1 want: ^1.3.0
1371 silly placeDep ROOT ecdsa-sig-formatter@1.0.11 OK for: google-auth-library@9.15.1 want: ^1.0.11
1372 silly placeDep ROOT gaxios@6.7.1 OK for: google-auth-library@9.15.1 want: ^6.1.1
1373 silly placeDep ROOT gcp-metadata@6.1.1 OK for: google-auth-library@9.15.1 want: ^6.1.0
1374 silly placeDep ROOT gtoken@7.1.0 OK for: google-auth-library@9.15.1 want: ^7.0.0
1375 silly placeDep ROOT jws@4.0.1 OK for: google-auth-library@9.15.1 want: ^4.0.0
1376 silly fetch manifest https-proxy-agent@^7.0.1
1377 silly packumentCache full:https://registry.npmjs.org/https-proxy-agent cache-miss
1378 silly fetch manifest json-bigint@^1.0.0
1379 silly packumentCache full:https://registry.npmjs.org/json-bigint cache-miss
1380 silly fetch manifest google-logging-utils@^0.0.2
1381 silly packumentCache full:https://registry.npmjs.org/google-logging-utils cache-miss
1382 silly fetch manifest jwa@^2.0.1
1383 silly packumentCache full:https://registry.npmjs.org/jwa cache-miss
1384 http fetch GET 200 https://registry.npmjs.org/json-bigint 91ms (cache revalidated)
1385 silly packumentCache full:https://registry.npmjs.org/json-bigint set size:36963 disposed:false
1386 http fetch GET 200 https://registry.npmjs.org/jwa 93ms (cache revalidated)
1387 silly packumentCache full:https://registry.npmjs.org/jwa set size:39956 disposed:false
1388 http fetch GET 200 https://registry.npmjs.org/https-proxy-agent 101ms (cache revalidated)
1389 silly packumentCache full:https://registry.npmjs.org/https-proxy-agent set size:76241 disposed:false
1390 http fetch GET 200 https://registry.npmjs.org/google-logging-utils 107ms (cache revalidated)
1391 silly packumentCache full:https://registry.npmjs.org/google-logging-utils set size:21694 disposed:false
1392 silly placeDep ROOT extend@3.0.2 OK for: gaxios@6.7.1 want: ^3.0.2
1393 silly placeDep ROOT https-proxy-agent@7.0.6 OK for: gaxios@6.7.1 want: ^7.0.1
1394 silly placeDep node_modules/gaxios uuid@9.0.1 OK for: gaxios@6.7.1 want: ^9.0.1
1395 silly fetch manifest debug@4
1396 silly packumentCache full:https://registry.npmjs.org/debug cache-hit
1397 silly fetch manifest agent-base@^7.1.2
1398 silly packumentCache full:https://registry.npmjs.org/agent-base cache-miss
1399 http fetch GET 200 https://registry.npmjs.org/agent-base 87ms (cache revalidated)
1400 silly packumentCache full:https://registry.npmjs.org/agent-base set size:67460 disposed:false
1401 silly placeDep ROOT google-logging-utils@0.0.2 OK for: gcp-metadata@6.1.1 want: ^0.0.2
1402 silly placeDep ROOT json-bigint@1.0.0 OK for: gcp-metadata@6.1.1 want: ^1.0.0
1403 silly fetch manifest bignumber.js@^9.0.0
1404 silly packumentCache full:https://registry.npmjs.org/bignumber.js cache-miss
1405 http fetch GET 200 https://registry.npmjs.org/bignumber.js 86ms (cache revalidated)
1406 silly packumentCache full:https://registry.npmjs.org/bignumber.js set size:132050 disposed:false
1407 silly placeDep ROOT toidentifier@1.0.1 OK for: http-errors@2.0.1 want: ~1.0.1
1408 silly placeDep ROOT agent-base@7.1.4 OK for: https-proxy-agent@7.0.6 want: ^7.1.2
1409 silly placeDep node_modules/https-proxy-agent debug@4.4.3 OK for: https-proxy-agent@7.0.6 want: 4
1410 silly placeDep ROOT safer-buffer@2.1.2 OK for: iconv-lite@0.4.24 want: >= 2.1.2 < 3
1411 silly placeDep ROOT @ioredis/commands@1.5.1 OK for: ioredis@5.10.0 want: 1.5.1
1412 silly placeDep ROOT cluster-key-slot@1.1.2 OK for: ioredis@5.10.0 want: ^1.1.0
1413 silly placeDep node_modules/ioredis debug@4.4.3 OK for: ioredis@5.10.0 want: ^4.3.4
1414 silly placeDep ROOT denque@2.1.0 OK for: ioredis@5.10.0 want: ^2.1.0
1415 silly placeDep ROOT lodash.defaults@4.2.0 OK for: ioredis@5.10.0 want: ^4.2.0
1416 silly placeDep ROOT lodash.isarguments@3.1.0 OK for: ioredis@5.10.0 want: ^3.1.0
1417 silly placeDep ROOT redis-errors@1.2.0 OK for: ioredis@5.10.0 want: ^1.2.0
1418 silly placeDep ROOT redis-parser@3.0.0 OK for: ioredis@5.10.0 want: ^3.0.0
1419 silly placeDep ROOT standard-as-callback@2.1.0 OK for: ioredis@5.10.0 want: ^2.1.0
1420 silly placeDep ROOT @jest/core@29.7.0 OK for: jest@29.7.0 want: ^29.7.0
1421 silly placeDep ROOT @jest/types@29.6.3 OK for: jest@29.7.0 want: ^29.6.3
1422 silly placeDep ROOT import-local@3.2.0 OK for: jest@29.7.0 want: ^3.0.2
1423 silly placeDep ROOT jest-cli@29.7.0 OK for: jest@29.7.0 want: ^29.7.0
1424 silly fetch manifest exit@^0.1.2
1425 silly packumentCache full:https://registry.npmjs.org/exit cache-miss
1426 silly fetch manifest chalk@^4.0.0
1427 silly packumentCache full:https://registry.npmjs.org/chalk cache-miss
1428 silly fetch manifest slash@^3.0.0
1429 silly packumentCache full:https://registry.npmjs.org/slash cache-miss
1430 silly fetch manifest ci-info@^3.2.0
1431 silly packumentCache full:https://registry.npmjs.org/ci-info cache-miss
1432 silly fetch manifest jest-util@^29.7.0
1433 silly packumentCache full:https://registry.npmjs.org/jest-util cache-miss
1434 silly fetch manifest micromatch@^4.0.4
1435 silly packumentCache full:https://registry.npmjs.org/micromatch cache-miss
1436 silly fetch manifest strip-ansi@^6.0.0
1437 silly packumentCache full:https://registry.npmjs.org/strip-ansi cache-miss
1438 http fetch GET 200 https://registry.npmjs.org/chalk 73ms (cache revalidated)
1439 silly packumentCache full:https://registry.npmjs.org/chalk set size:117861 disposed:false
1440 silly fetch manifest graceful-fs@^4.2.9
1441 silly packumentCache full:https://registry.npmjs.org/graceful-fs cache-hit
1442 silly fetch manifest jest-config@^29.7.0
1443 silly packumentCache full:https://registry.npmjs.org/jest-config cache-miss
1444 http fetch GET 200 https://registry.npmjs.org/strip-ansi 111ms (cache revalidated)
1445 silly packumentCache full:https://registry.npmjs.org/strip-ansi set size:44998 disposed:false
1446 silly fetch manifest jest-runner@^29.7.0
1447 silly packumentCache full:https://registry.npmjs.org/jest-runner cache-miss
1448 http fetch GET 200 https://registry.npmjs.org/slash 114ms (cache revalidated)
1449 silly packumentCache full:https://registry.npmjs.org/slash set size:20337 disposed:false
1450 silly fetch manifest ansi-escapes@^4.2.1
1451 silly packumentCache full:https://registry.npmjs.org/ansi-escapes cache-miss
1452 http fetch GET 200 https://registry.npmjs.org/micromatch 115ms (cache revalidated)
1453 silly packumentCache full:https://registry.npmjs.org/micromatch set size:240630 disposed:false
1454 silly fetch manifest jest-resolve@^29.7.0
1455 silly packumentCache full:https://registry.npmjs.org/jest-resolve cache-miss
1456 http fetch GET 200 https://registry.npmjs.org/exit 119ms (cache miss)
1457 silly packumentCache full:https://registry.npmjs.org/exit set size:undefined disposed:false
1458 silly fetch manifest jest-runtime@^29.7.0
1459 silly packumentCache full:https://registry.npmjs.org/jest-runtime cache-miss
1460 http fetch GET 200 https://registry.npmjs.org/ci-info 121ms (cache miss)
1461 silly packumentCache full:https://registry.npmjs.org/ci-info set size:undefined disposed:false
1462 silly fetch manifest jest-watcher@^29.7.0
1463 silly packumentCache full:https://registry.npmjs.org/jest-watcher cache-miss
1464 http fetch GET 200 https://registry.npmjs.org/jest-util 202ms (cache miss)
1465 silly packumentCache full:https://registry.npmjs.org/jest-util set size:undefined disposed:false
1466 silly fetch manifest @jest/console@^29.7.0
1467 silly packumentCache full:https://registry.npmjs.org/@jest%2fconsole cache-miss
1468 http fetch GET 200 https://registry.npmjs.org/ansi-escapes 99ms (cache revalidated)
1469 silly packumentCache full:https://registry.npmjs.org/ansi-escapes set size:70915 disposed:false
1470 silly fetch manifest jest-snapshot@^29.7.0
1471 silly packumentCache full:https://registry.npmjs.org/jest-snapshot cache-miss
1472 http fetch GET 200 https://registry.npmjs.org/jest-runtime 135ms (cache miss)
1473 silly packumentCache full:https://registry.npmjs.org/jest-runtime set size:undefined disposed:false
1474 silly fetch manifest jest-validate@^29.7.0
1475 silly packumentCache full:https://registry.npmjs.org/jest-validate cache-miss
1476 http fetch GET 200 https://registry.npmjs.org/jest-watcher 170ms (cache miss)
1477 silly packumentCache full:https://registry.npmjs.org/jest-watcher set size:undefined disposed:false
1478 silly fetch manifest pretty-format@^29.7.0
1479 silly packumentCache full:https://registry.npmjs.org/pretty-format cache-miss
1480 http fetch GET 200 https://registry.npmjs.org/jest-resolve 181ms (cache miss)
1481 silly packumentCache full:https://registry.npmjs.org/jest-resolve set size:undefined disposed:false
1482 silly fetch manifest jest-haste-map@^29.7.0
1483 silly packumentCache full:https://registry.npmjs.org/jest-haste-map cache-miss
1484 http fetch GET 200 https://registry.npmjs.org/jest-runner 195ms (cache miss)
1485 silly packumentCache full:https://registry.npmjs.org/jest-runner set size:undefined disposed:false
1486 silly fetch manifest @jest/reporters@^29.7.0
1487 silly packumentCache full:https://registry.npmjs.org/@jest%2freporters cache-miss
1488 http fetch GET 200 https://registry.npmjs.org/@jest%2fconsole 134ms (cache miss)
1489 silly packumentCache full:https://registry.npmjs.org/@jest%2fconsole set size:undefined disposed:false
1490 silly fetch manifest @jest/transform@^29.7.0
1491 silly packumentCache full:https://registry.npmjs.org/@jest%2ftransform cache-miss
1492 http fetch GET 200 https://registry.npmjs.org/jest-config 279ms (cache miss)
1493 silly packumentCache full:https://registry.npmjs.org/jest-config set size:undefined disposed:false
1494 silly fetch manifest jest-regex-util@^29.6.3
1495 silly packumentCache full:https://registry.npmjs.org/jest-regex-util cache-miss
1496 http fetch GET 200 https://registry.npmjs.org/pretty-format 87ms (cache revalidated)
1497 silly packumentCache full:https://registry.npmjs.org/pretty-format set size:591748 disposed:false
1498 silly fetch manifest @jest/test-result@^29.7.0
1499 silly packumentCache full:https://registry.npmjs.org/@jest%2ftest-result cache-miss
1500 http fetch GET 200 https://registry.npmjs.org/jest-snapshot 174ms (cache miss)
1501 silly packumentCache full:https://registry.npmjs.org/jest-snapshot set size:undefined disposed:false
1502 silly fetch manifest jest-message-util@^29.7.0
1503 silly packumentCache full:https://registry.npmjs.org/jest-message-util cache-miss
1504 http fetch GET 200 https://registry.npmjs.org/jest-validate 144ms (cache miss)
1505 silly packumentCache full:https://registry.npmjs.org/jest-validate set size:undefined disposed:false
1506 silly fetch manifest jest-changed-files@^29.7.0
1507 silly packumentCache full:https://registry.npmjs.org/jest-changed-files cache-miss
1508 http fetch GET 200 https://registry.npmjs.org/@jest%2freporters 129ms (cache miss)
1509 silly packumentCache full:https://registry.npmjs.org/@jest%2freporters set size:undefined disposed:false
1510 silly fetch manifest jest-resolve-dependencies@^29.7.0
1511 silly packumentCache full:https://registry.npmjs.org/jest-resolve-dependencies cache-miss
1512 http fetch GET 200 https://registry.npmjs.org/jest-regex-util 105ms (cache miss)
1513 silly packumentCache full:https://registry.npmjs.org/jest-regex-util set size:undefined disposed:false
1514 silly fetch manifest @types/yargs@^17.0.8
1515 silly packumentCache full:https://registry.npmjs.org/@types%2fyargs cache-miss
1516 http fetch GET 200 https://registry.npmjs.org/@jest%2ftransform 131ms (cache miss)
1517 silly packumentCache full:https://registry.npmjs.org/@jest%2ftransform set size:undefined disposed:false
1518 silly fetch manifest @jest/schemas@^29.6.3
1519 silly packumentCache full:https://registry.npmjs.org/@jest%2fschemas cache-miss
1520 http fetch GET 200 https://registry.npmjs.org/jest-message-util 112ms (cache miss)
1521 silly packumentCache full:https://registry.npmjs.org/jest-message-util set size:undefined disposed:false
1522 silly fetch manifest @types/istanbul-reports@^3.0.0
1523 silly packumentCache full:https://registry.npmjs.org/@types%2fistanbul-reports cache-miss
1524 http fetch GET 200 https://registry.npmjs.org/@jest%2ftest-result 144ms (cache miss)
1525 silly packumentCache full:https://registry.npmjs.org/@jest%2ftest-result set size:undefined disposed:false
1526 silly fetch manifest @types/istanbul-lib-coverage@^2.0.0
1527 silly packumentCache full:https://registry.npmjs.org/@types%2fistanbul-lib-coverage cache-miss
1528 http fetch GET 200 https://registry.npmjs.org/jest-changed-files 130ms (cache miss)
1529 silly packumentCache full:https://registry.npmjs.org/jest-changed-files set size:undefined disposed:false
1530 silly fetch manifest pkg-dir@^4.2.0
1531 silly packumentCache full:https://registry.npmjs.org/pkg-dir cache-miss
1532 http fetch GET 200 https://registry.npmjs.org/jest-resolve-dependencies 125ms (cache miss)
1533 silly packumentCache full:https://registry.npmjs.org/jest-resolve-dependencies set size:undefined disposed:false
1534 silly fetch manifest resolve-cwd@^3.0.0
1535 silly packumentCache full:https://registry.npmjs.org/resolve-cwd cache-miss
1536 http fetch GET 200 https://registry.npmjs.org/@jest%2fschemas 123ms (cache miss)
1537 silly packumentCache full:https://registry.npmjs.org/@jest%2fschemas set size:undefined disposed:false
1538 silly fetch manifest create-jest@^29.7.0
1539 silly packumentCache full:https://registry.npmjs.org/create-jest cache-miss
1540 http fetch GET 200 https://registry.npmjs.org/@types%2fistanbul-reports 110ms (cache miss)
1541 silly packumentCache full:https://registry.npmjs.org/@types%2fistanbul-reports set size:undefined disposed:false
1542 http fetch GET 200 https://registry.npmjs.org/@types%2fyargs 157ms (cache miss)
1543 silly packumentCache full:https://registry.npmjs.org/@types%2fyargs set size:undefined disposed:false
1544 http fetch GET 200 https://registry.npmjs.org/pkg-dir 115ms (cache revalidated)
1545 silly packumentCache full:https://registry.npmjs.org/pkg-dir set size:30166 disposed:false
1546 http fetch GET 200 https://registry.npmjs.org/@types%2fistanbul-lib-coverage 131ms (cache miss)
1547 silly packumentCache full:https://registry.npmjs.org/@types%2fistanbul-lib-coverage set size:undefined disposed:false
1548 http fetch GET 200 https://registry.npmjs.org/resolve-cwd 96ms (cache miss)
1549 silly packumentCache full:https://registry.npmjs.org/resolve-cwd set size:undefined disposed:false
1550 http fetch GET 200 https://registry.npmjs.org/jest-haste-map 372ms (cache miss)
1551 silly packumentCache full:https://registry.npmjs.org/jest-haste-map set size:undefined disposed:false
1552 http fetch GET 200 https://registry.npmjs.org/create-jest 96ms (cache miss)
1553 silly packumentCache full:https://registry.npmjs.org/create-jest set size:undefined disposed:false
1554 silly fetch manifest ts-node@>=9.0.0
1555 silly packumentCache full:https://registry.npmjs.org/ts-node cache-miss
1556 http fetch GET 200 https://registry.npmjs.org/ts-node 80ms (cache revalidated)
1557 silly packumentCache full:https://registry.npmjs.org/ts-node set size:574573 disposed:false
1558 silly fetch manifest @swc/core@>=1.2.50
1559 silly packumentCache full:https://registry.npmjs.org/@swc%2fcore cache-miss
1560 http fetch GET 200 https://registry.npmjs.org/@swc%2fcore 122ms (cache revalidated)
1561 silly packumentCache full:https://registry.npmjs.org/@swc%2fcore set size:3950353 disposed:false
1562 silly fetch manifest @swc/helpers@>=0.5.17
1563 silly packumentCache full:https://registry.npmjs.org/@swc%2fhelpers cache-miss
1564 http fetch GET 200 https://registry.npmjs.org/@swc%2fhelpers 97ms (cache revalidated)
1565 silly packumentCache full:https://registry.npmjs.org/@swc%2fhelpers set size:678955 disposed:false
1566 silly fetch manifest @swc/wasm@>=1.2.50
1567 silly packumentCache full:https://registry.npmjs.org/@swc%2fwasm cache-miss
1568 http fetch GET 200 https://registry.npmjs.org/@swc%2fwasm 399ms (cache revalidated)
1569 silly packumentCache full:https://registry.npmjs.org/@swc%2fwasm set size:1324765 disposed:false
1570 silly fetch manifest typescript@>=2.7
1571 silly packumentCache full:https://registry.npmjs.org/typescript cache-miss
1572 http fetch GET 200 https://registry.npmjs.org/typescript 368ms (cache updated)
1573 silly packumentCache full:https://registry.npmjs.org/typescript set size:undefined disposed:false
1574 silly placeDep ROOT @jest/console@29.7.0 OK for: @jest/core@29.7.0 want: ^29.7.0
1575 silly placeDep ROOT @jest/reporters@29.7.0 OK for: @jest/core@29.7.0 want: ^29.7.0
1576 silly placeDep ROOT @jest/test-result@29.7.0 OK for: @jest/core@29.7.0 want: ^29.7.0
1577 silly placeDep ROOT @jest/transform@29.7.0 OK for: @jest/core@29.7.0 want: ^29.7.0
1578 silly placeDep ROOT ansi-escapes@4.3.2 OK for: @jest/core@29.7.0 want: ^4.2.1
1579 silly placeDep ROOT chalk@4.1.2 OK for: @jest/core@29.7.0 want: ^4.0.0
1580 silly placeDep ROOT ci-info@3.9.0 OK for: @jest/core@29.7.0 want: ^3.2.0
1581 silly placeDep ROOT exit@0.1.2 OK for: @jest/core@29.7.0 want: ^0.1.2
1582 silly placeDep ROOT graceful-fs@4.2.11 OK for: @jest/core@29.7.0 want: ^4.2.9
1583 silly placeDep ROOT jest-changed-files@29.7.0 OK for: @jest/core@29.7.0 want: ^29.7.0
1584 silly placeDep ROOT jest-config@29.7.0 OK for: @jest/core@29.7.0 want: ^29.7.0
1585 silly placeDep ROOT jest-haste-map@29.7.0 OK for: @jest/core@29.7.0 want: ^29.7.0
1586 silly placeDep ROOT jest-message-util@29.7.0 OK for: @jest/core@29.7.0 want: ^29.7.0
1587 silly placeDep ROOT jest-regex-util@29.6.3 OK for: @jest/core@29.7.0 want: ^29.6.3
1588 silly placeDep ROOT jest-resolve@29.7.0 OK for: @jest/core@29.7.0 want: ^29.7.0
1589 silly placeDep ROOT jest-resolve-dependencies@29.7.0 OK for: @jest/core@29.7.0 want: ^29.7.0
1590 silly placeDep ROOT jest-runner@29.7.0 OK for: @jest/core@29.7.0 want: ^29.7.0
1591 silly placeDep ROOT jest-runtime@29.7.0 OK for: @jest/core@29.7.0 want: ^29.7.0
1592 silly placeDep ROOT jest-snapshot@29.7.0 OK for: @jest/core@29.7.0 want: ^29.7.0
1593 silly placeDep ROOT jest-util@29.7.0 OK for: @jest/core@29.7.0 want: ^29.7.0
1594 silly placeDep ROOT jest-validate@29.7.0 OK for: @jest/core@29.7.0 want: ^29.7.0
1595 silly placeDep ROOT jest-watcher@29.7.0 OK for: @jest/core@29.7.0 want: ^29.7.0
1596 silly placeDep ROOT micromatch@4.0.8 OK for: @jest/core@29.7.0 want: ^4.0.4
1597 silly placeDep ROOT pretty-format@29.7.0 OK for: @jest/core@29.7.0 want: ^29.7.0
1598 silly placeDep ROOT slash@3.0.0 OK for: @jest/core@29.7.0 want: ^3.0.0
1599 silly placeDep ROOT strip-ansi@6.0.1 OK for: @jest/core@29.7.0 want: ^6.0.0
1600 silly fetch manifest glob@^7.1.3
1601 silly packumentCache full:https://registry.npmjs.org/glob cache-miss
1602 silly fetch manifest jest-worker@^29.7.0
1603 silly packumentCache full:https://registry.npmjs.org/jest-worker cache-miss
1604 silly fetch manifest string-length@^4.0.1
1605 silly packumentCache full:https://registry.npmjs.org/string-length cache-miss
1606 silly fetch manifest v8-to-istanbul@^9.0.1
1607 silly packumentCache full:https://registry.npmjs.org/v8-to-istanbul cache-miss
1608 silly fetch manifest istanbul-reports@^3.1.3
1609 silly packumentCache full:https://registry.npmjs.org/istanbul-reports cache-miss
1610 silly fetch manifest @bcoe/v8-coverage@^0.2.3
1611 silly packumentCache full:https://registry.npmjs.org/@bcoe%2fv8-coverage cache-miss
1612 silly fetch manifest collect-v8-coverage@^1.0.0
1613 silly packumentCache full:https://registry.npmjs.org/collect-v8-coverage cache-miss
1614 http fetch GET 200 https://registry.npmjs.org/collect-v8-coverage 88ms (cache miss)
1615 silly packumentCache full:https://registry.npmjs.org/collect-v8-coverage set size:undefined disposed:false
1616 silly fetch manifest istanbul-lib-report@^3.0.0
1617 silly packumentCache full:https://registry.npmjs.org/istanbul-lib-report cache-miss
1618 http fetch GET 200 https://registry.npmjs.org/v8-to-istanbul 111ms (cache miss)
1619 silly packumentCache full:https://registry.npmjs.org/v8-to-istanbul set size:undefined disposed:false
1620 silly fetch manifest istanbul-lib-coverage@^3.0.0
1621 silly packumentCache full:https://registry.npmjs.org/istanbul-lib-coverage cache-miss
1622 http fetch GET 200 https://registry.npmjs.org/string-length 129ms (cache miss)
1623 silly packumentCache full:https://registry.npmjs.org/string-length set size:undefined disposed:false
1624 silly fetch manifest istanbul-lib-instrument@^6.0.0
1625 silly packumentCache full:https://registry.npmjs.org/istanbul-lib-instrument cache-miss
1626 http fetch GET 200 https://registry.npmjs.org/@bcoe%2fv8-coverage 130ms (cache miss)
1627 silly packumentCache full:https://registry.npmjs.org/@bcoe%2fv8-coverage set size:undefined disposed:false
1628 silly fetch manifest istanbul-lib-source-maps@^4.0.0
1629 silly packumentCache full:https://registry.npmjs.org/istanbul-lib-source-maps cache-miss
1630 http fetch GET 200 https://registry.npmjs.org/jest-worker 135ms (cache revalidated)
1631 silly packumentCache full:https://registry.npmjs.org/jest-worker set size:460562 disposed:false
1632 silly fetch manifest @jridgewell/trace-mapping@^0.3.18
1633 silly packumentCache full:https://registry.npmjs.org/@jridgewell%2ftrace-mapping cache-miss
1634 http fetch GET 200 https://registry.npmjs.org/glob 139ms (cache revalidated)
1635 silly packumentCache full:https://registry.npmjs.org/glob set size:469465 disposed:false
1636 silly fetch manifest pirates@^4.0.4
1637 silly packumentCache full:https://registry.npmjs.org/pirates cache-miss
1638 http fetch GET 200 https://registry.npmjs.org/istanbul-reports 142ms (cache miss)
1639 silly packumentCache full:https://registry.npmjs.org/istanbul-reports set size:undefined disposed:false
1640 silly fetch manifest @babel/core@^7.11.6
1641 silly packumentCache full:https://registry.npmjs.org/@babel%2fcore cache-miss
1642 http cache https://registry.npmjs.org/@jridgewell%2ftrace-mapping 8ms (cache hit)
1643 silly packumentCache full:https://registry.npmjs.org/@jridgewell%2ftrace-mapping set size:170909 disposed:false
1644 silly fetch manifest write-file-atomic@^4.0.2
1645 silly packumentCache full:https://registry.npmjs.org/write-file-atomic cache-miss
1646 http cache https://registry.npmjs.org/@babel%2fcore 6ms (cache hit)
1647 silly packumentCache full:https://registry.npmjs.org/@babel%2fcore set size:756140 disposed:false
1648 silly fetch manifest convert-source-map@^2.0.0
1649 silly packumentCache full:https://registry.npmjs.org/convert-source-map cache-miss
1650 http cache https://registry.npmjs.org/convert-source-map 2ms (cache hit)
1651 silly packumentCache full:https://registry.npmjs.org/convert-source-map set size:66997 disposed:false
1652 silly fetch manifest babel-plugin-istanbul@^6.1.1
1653 silly packumentCache full:https://registry.npmjs.org/babel-plugin-istanbul cache-miss
1654 http fetch GET 200 https://registry.npmjs.org/istanbul-lib-report 93ms (cache miss)
1655 silly packumentCache full:https://registry.npmjs.org/istanbul-lib-report set size:undefined disposed:false
1656 silly fetch manifest fast-json-stable-stringify@^2.1.0
1657 silly packumentCache full:https://registry.npmjs.org/fast-json-stable-stringify cache-miss
1658 http fetch GET 200 https://registry.npmjs.org/istanbul-lib-coverage 83ms (cache miss)
1659 silly packumentCache full:https://registry.npmjs.org/istanbul-lib-coverage set size:undefined disposed:false
1660 silly fetch manifest type-fest@^0.21.3
1661 silly packumentCache full:https://registry.npmjs.org/type-fest cache-miss
1662 http fetch GET 200 https://registry.npmjs.org/istanbul-lib-source-maps 91ms (cache miss)
1663 silly packumentCache full:https://registry.npmjs.org/istanbul-lib-source-maps set size:undefined disposed:false
1664 silly fetch manifest ansi-styles@^4.1.0
1665 silly packumentCache full:https://registry.npmjs.org/ansi-styles cache-miss
1666 http fetch GET 200 https://registry.npmjs.org/istanbul-lib-instrument 105ms (cache miss)
1667 silly packumentCache full:https://registry.npmjs.org/istanbul-lib-instrument set size:undefined disposed:false
1668 silly fetch manifest supports-color@^7.1.0
1669 silly packumentCache full:https://registry.npmjs.org/supports-color cache-hit
1670 silly fetch manifest p-limit@^3.1.0
1671 silly packumentCache full:https://registry.npmjs.org/p-limit cache-miss
1672 http fetch GET 200 https://registry.npmjs.org/pirates 100ms (cache revalidated)
1673 silly packumentCache full:https://registry.npmjs.org/pirates set size:51327 disposed:false
1674 silly fetch manifest deepmerge@^4.2.2
1675 silly packumentCache full:https://registry.npmjs.org/deepmerge cache-miss
1676 http fetch GET 200 https://registry.npmjs.org/babel-plugin-istanbul 87ms (cache miss)
1677 silly packumentCache full:https://registry.npmjs.org/babel-plugin-istanbul set size:undefined disposed:false
1678 silly fetch manifest babel-jest@^29.7.0
1679 silly packumentCache full:https://registry.npmjs.org/babel-jest cache-miss
1680 http fetch GET 200 https://registry.npmjs.org/write-file-atomic 102ms (cache updated)
1681 silly packumentCache full:https://registry.npmjs.org/write-file-atomic set size:undefined disposed:false
1682 silly fetch manifest parse-json@^5.2.0
1683 silly packumentCache full:https://registry.npmjs.org/parse-json cache-miss
1684 http fetch GET 200 https://registry.npmjs.org/fast-json-stable-stringify 80ms (cache revalidated)
1685 silly packumentCache full:https://registry.npmjs.org/fast-json-stable-stringify set size:11337 disposed:false
1686 silly fetch manifest jest-circus@^29.7.0
1687 silly packumentCache full:https://registry.npmjs.org/jest-circus cache-miss
1688 http fetch GET 200 https://registry.npmjs.org/type-fest 90ms (cache revalidated)
1689 silly packumentCache full:https://registry.npmjs.org/type-fest set size:554345 disposed:false
1690 silly fetch manifest jest-get-type@^29.6.3
1691 silly packumentCache full:https://registry.npmjs.org/jest-get-type cache-miss
1692 http fetch GET 200 https://registry.npmjs.org/ansi-styles 75ms (cache revalidated)
1693 silly packumentCache full:https://registry.npmjs.org/ansi-styles set size:63233 disposed:false
1694 silly fetch manifest strip-json-comments@^3.1.1
1695 silly packumentCache full:https://registry.npmjs.org/strip-json-comments cache-miss
1696 http fetch GET 200 https://registry.npmjs.org/p-limit 88ms (cache revalidated)
1697 silly packumentCache full:https://registry.npmjs.org/p-limit set size:61867 disposed:false
1698 silly fetch manifest @jest/test-sequencer@^29.7.0
1699 silly packumentCache full:https://registry.npmjs.org/@jest%2ftest-sequencer cache-miss
1700 http fetch GET 200 https://registry.npmjs.org/deepmerge 112ms (cache revalidated)
1701 silly packumentCache full:https://registry.npmjs.org/deepmerge set size:101897 disposed:false
1702 silly fetch manifest jest-environment-node@^29.7.0
1703 silly packumentCache full:https://registry.npmjs.org/jest-environment-node cache-miss
1704 http fetch GET 200 https://registry.npmjs.org/parse-json 108ms (cache revalidated)
1705 silly packumentCache full:https://registry.npmjs.org/parse-json set size:48198 disposed:false
1706 silly fetch manifest walker@^1.0.8
1707 silly packumentCache full:https://registry.npmjs.org/walker cache-miss
1708 http fetch GET 200 https://registry.npmjs.org/babel-jest 116ms (cache miss)
1709 silly packumentCache full:https://registry.npmjs.org/babel-jest set size:undefined disposed:false
1710 silly fetch manifest anymatch@^3.0.3
1711 silly packumentCache full:https://registry.npmjs.org/anymatch cache-miss
1712 http fetch GET 200 https://registry.npmjs.org/strip-json-comments 88ms (cache revalidated)
1713 silly packumentCache full:https://registry.npmjs.org/strip-json-comments set size:43569 disposed:false
1714 silly fetch manifest fb-watchman@^2.0.0
1715 silly packumentCache full:https://registry.npmjs.org/fb-watchman cache-miss
1716 http fetch GET 200 https://registry.npmjs.org/jest-circus 171ms (cache miss)
1717 silly packumentCache full:https://registry.npmjs.org/jest-circus set size:undefined disposed:false
1718 silly fetch manifest @types/graceful-fs@^4.1.3
1719 silly packumentCache full:https://registry.npmjs.org/@types%2fgraceful-fs cache-miss
1720 http fetch GET 200 https://registry.npmjs.org/walker 94ms (cache miss)
1721 silly packumentCache full:https://registry.npmjs.org/walker set size:undefined disposed:false
1722 silly fetch manifest fsevents@^2.3.2
1723 silly packumentCache full:https://registry.npmjs.org/fsevents cache-miss
1724 http cache https://registry.npmjs.org/fsevents 3ms (cache hit)
1725 silly packumentCache full:https://registry.npmjs.org/fsevents set size:182472 disposed:false
1726 silly fetch manifest stack-utils@^2.0.3
1727 silly packumentCache full:https://registry.npmjs.org/stack-utils cache-miss
1728 http fetch GET 200 https://registry.npmjs.org/anymatch 96ms (cache miss)
1729 silly packumentCache full:https://registry.npmjs.org/anymatch set size:undefined disposed:false
1730 silly fetch manifest @babel/code-frame@^7.12.13
1731 silly packumentCache full:https://registry.npmjs.org/@babel%2fcode-frame cache-miss
1732 http cache https://registry.npmjs.org/@babel%2fcode-frame 3ms (cache hit)
1733 silly packumentCache full:https://registry.npmjs.org/@babel%2fcode-frame set size:194176 disposed:false
1734 silly fetch manifest @types/stack-utils@^2.0.0
1735 silly packumentCache full:https://registry.npmjs.org/@types%2fstack-utils cache-miss
1736 http fetch GET 200 https://registry.npmjs.org/@jest%2ftest-sequencer 144ms (cache miss)
1737 silly packumentCache full:https://registry.npmjs.org/@jest%2ftest-sequencer set size:undefined disposed:false
1738 silly fetch manifest resolve@^1.20.0
1739 silly packumentCache full:https://registry.npmjs.org/resolve cache-miss
1740 http fetch GET 200 https://registry.npmjs.org/fb-watchman 85ms (cache miss)
1741 silly packumentCache full:https://registry.npmjs.org/fb-watchman set size:undefined disposed:false
1742 silly fetch manifest resolve.exports@^2.0.0
1743 silly packumentCache full:https://registry.npmjs.org/resolve.exports cache-miss
1744 http fetch GET 200 https://registry.npmjs.org/jest-environment-node 145ms (cache miss)
1745 silly packumentCache full:https://registry.npmjs.org/jest-environment-node set size:undefined disposed:false
1746 silly fetch manifest jest-pnp-resolver@^1.2.2
1747 silly packumentCache full:https://registry.npmjs.org/jest-pnp-resolver cache-miss
1748 http fetch GET 200 https://registry.npmjs.org/@types%2fgraceful-fs 89ms (cache miss)
1749 silly packumentCache full:https://registry.npmjs.org/@types%2fgraceful-fs set size:undefined disposed:false
1750 silly fetch manifest emittery@^0.13.1
1751 silly packumentCache full:https://registry.npmjs.org/emittery cache-miss
1752 http fetch GET 200 https://registry.npmjs.org/stack-utils 98ms (cache miss)
1753 silly packumentCache full:https://registry.npmjs.org/stack-utils set size:undefined disposed:false
1754 silly fetch manifest jest-docblock@^29.7.0
1755 silly packumentCache full:https://registry.npmjs.org/jest-docblock cache-miss
1756 http fetch GET 200 https://registry.npmjs.org/resolve.exports 87ms (cache revalidated)
1757 silly packumentCache full:https://registry.npmjs.org/resolve.exports set size:49558 disposed:false
1758 silly fetch manifest @jest/environment@^29.7.0
1759 silly packumentCache full:https://registry.npmjs.org/@jest%2fenvironment cache-miss
1760 http fetch GET 200 https://registry.npmjs.org/resolve 101ms (cache revalidated)
1761 silly packumentCache full:https://registry.npmjs.org/resolve set size:238156 disposed:false
1762 silly fetch manifest jest-leak-detector@^29.7.0
1763 silly packumentCache full:https://registry.npmjs.org/jest-leak-detector cache-miss
1764 http fetch GET 200 https://registry.npmjs.org/@types%2fstack-utils 120ms (cache miss)
1765 silly packumentCache full:https://registry.npmjs.org/@types%2fstack-utils set size:undefined disposed:false
1766 silly fetch manifest source-map-support@0.5.13
1767 silly packumentCache full:https://registry.npmjs.org/source-map-support cache-miss
1768 http fetch GET 200 https://registry.npmjs.org/emittery 98ms (cache miss)
1769 silly packumentCache full:https://registry.npmjs.org/emittery set size:undefined disposed:false
1770 silly fetch manifest jest-mock@^29.7.0
1771 silly packumentCache full:https://registry.npmjs.org/jest-mock cache-miss
1772 http fetch GET 200 https://registry.npmjs.org/jest-get-type 391ms (cache miss)
1773 silly packumentCache full:https://registry.npmjs.org/jest-get-type set size:undefined disposed:false
1774 silly fetch manifest strip-bom@^4.0.0
1775 silly packumentCache full:https://registry.npmjs.org/strip-bom cache-miss
1776 http fetch GET 200 https://registry.npmjs.org/jest-docblock 132ms (cache miss)
1777 silly packumentCache full:https://registry.npmjs.org/jest-docblock set size:undefined disposed:false
1778 silly fetch manifest @jest/globals@^29.7.0
1779 silly packumentCache full:https://registry.npmjs.org/@jest%2fglobals cache-miss
1780 http fetch GET 200 https://registry.npmjs.org/source-map-support 117ms (cache revalidated)
1781 silly packumentCache full:https://registry.npmjs.org/source-map-support set size:125488 disposed:false
1782 silly fetch manifest @jest/source-map@^29.6.3
1783 silly packumentCache full:https://registry.npmjs.org/@jest%2fsource-map cache-miss
1784 http fetch GET 200 https://registry.npmjs.org/jest-leak-detector 131ms (cache miss)
1785 silly packumentCache full:https://registry.npmjs.org/jest-leak-detector set size:undefined disposed:false
1786 silly fetch manifest cjs-module-lexer@^1.0.0
1787 silly packumentCache full:https://registry.npmjs.org/cjs-module-lexer cache-miss
1788 http fetch GET 200 https://registry.npmjs.org/jest-mock 120ms (cache miss)
1789 silly packumentCache full:https://registry.npmjs.org/jest-mock set size:undefined disposed:false
1790 silly fetch manifest @jest/environment@^29.7.0
1791 silly packumentCache full:https://registry.npmjs.org/@jest%2fenvironment cache-miss
1792 http fetch GET 200 https://registry.npmjs.org/jest-pnp-resolver 253ms (cache miss)
1793 silly packumentCache full:https://registry.npmjs.org/jest-pnp-resolver set size:undefined disposed:false
1794 silly fetch manifest @jest/fake-timers@^29.7.0
1795 silly packumentCache full:https://registry.npmjs.org/@jest%2ffake-timers cache-miss
1796 http fetch GET 200 https://registry.npmjs.org/cjs-module-lexer 92ms (cache revalidated)
1797 silly packumentCache full:https://registry.npmjs.org/cjs-module-lexer set size:147092 disposed:false
1798 silly fetch manifest expect@^29.7.0
1799 silly packumentCache full:https://registry.npmjs.org/expect cache-miss
1800 http fetch GET 200 https://registry.npmjs.org/@jest%2fglobals 117ms (cache miss)
1801 silly packumentCache full:https://registry.npmjs.org/@jest%2fglobals set size:undefined disposed:false
1802 silly fetch manifest jest-diff@^29.7.0
1803 silly packumentCache full:https://registry.npmjs.org/jest-diff cache-miss
1804 http fetch GET 200 https://registry.npmjs.org/strip-bom 129ms (cache revalidated)
1805 silly packumentCache full:https://registry.npmjs.org/strip-bom set size:19359 disposed:false
1806 silly fetch manifest @babel/types@^7.3.3
1807 silly packumentCache full:https://registry.npmjs.org/@babel%2ftypes cache-miss
1808 http cache https://registry.npmjs.org/@babel%2ftypes 5ms (cache hit)
1809 silly packumentCache full:https://registry.npmjs.org/@babel%2ftypes set size:485839 disposed:false
1810 silly fetch manifest natural-compare@^1.4.0
1811 silly packumentCache full:https://registry.npmjs.org/natural-compare cache-miss
1812 http fetch GET 200 https://registry.npmjs.org/@jest%2ffake-timers 143ms (cache miss)
1813 silly packumentCache full:https://registry.npmjs.org/@jest%2ffake-timers set size:undefined disposed:false
1814 silly fetch manifest @babel/generator@^7.7.2
1815 silly packumentCache full:https://registry.npmjs.org/@babel%2fgenerator cache-miss
1816 http cache https://registry.npmjs.org/@babel%2fgenerator 3ms (cache hit)
1817 silly packumentCache full:https://registry.npmjs.org/@babel%2fgenerator set size:504910 disposed:false
1818 silly fetch manifest @jest/expect-utils@^29.7.0
1819 silly packumentCache full:https://registry.npmjs.org/@jest%2fexpect-utils cache-miss
1820 http fetch GET 200 https://registry.npmjs.org/jest-diff 110ms (cache miss)
1821 silly packumentCache full:https://registry.npmjs.org/jest-diff set size:undefined disposed:false
1822 silly fetch manifest jest-matcher-utils@^29.7.0
1823 silly packumentCache full:https://registry.npmjs.org/jest-matcher-utils cache-miss
1824 http fetch GET 200 https://registry.npmjs.org/natural-compare 109ms (cache revalidated)
1825 silly packumentCache full:https://registry.npmjs.org/natural-compare set size:7852 disposed:false
1826 silly fetch manifest @babel/plugin-syntax-jsx@^7.7.2
1827 silly packumentCache full:https://registry.npmjs.org/@babel%2fplugin-syntax-jsx cache-miss
1828 http fetch GET 200 https://registry.npmjs.org/expect 136ms (cache miss)
1829 silly packumentCache full:https://registry.npmjs.org/expect set size:undefined disposed:false
1830 silly fetch manifest @babel/plugin-syntax-typescript@^7.7.2
1831 silly packumentCache full:https://registry.npmjs.org/@babel%2fplugin-syntax-typescript cache-miss
1832 http fetch GET 200 https://registry.npmjs.org/@jest%2fenvironment 426ms (cache miss)
1833 silly packumentCache full:https://registry.npmjs.org/@jest%2fenvironment set size:undefined disposed:false
1834 silly fetch manifest babel-preset-current-node-syntax@^1.0.0
1835 silly packumentCache full:https://registry.npmjs.org/babel-preset-current-node-syntax cache-miss
1836 http fetch GET 200 https://registry.npmjs.org/@jest%2fexpect-utils 130ms (cache miss)
1837 silly packumentCache full:https://registry.npmjs.org/@jest%2fexpect-utils set size:undefined disposed:false
1838 silly fetch manifest picomatch@^2.2.3
1839 silly packumentCache full:https://registry.npmjs.org/picomatch cache-miss
1840 http fetch GET 200 https://registry.npmjs.org/@babel%2fplugin-syntax-jsx 129ms (cache miss)
1841 silly packumentCache full:https://registry.npmjs.org/@babel%2fplugin-syntax-jsx set size:undefined disposed:false
1842 silly fetch manifest leven@^3.1.0
1843 silly packumentCache full:https://registry.npmjs.org/leven cache-miss
1844 http fetch GET 200 https://registry.npmjs.org/jest-matcher-utils 137ms (cache miss)
1845 silly packumentCache full:https://registry.npmjs.org/jest-matcher-utils set size:undefined disposed:false
1846 silly fetch manifest camelcase@^6.2.0
1847 silly packumentCache full:https://registry.npmjs.org/camelcase cache-miss
1848 http fetch GET 200 https://registry.npmjs.org/@babel%2fplugin-syntax-typescript 124ms (cache miss)
1849 silly packumentCache full:https://registry.npmjs.org/@babel%2fplugin-syntax-typescript set size:undefined disposed:false
1850 silly fetch manifest braces@^3.0.3
1851 silly packumentCache full:https://registry.npmjs.org/braces cache-miss
1852 http fetch GET 200 https://registry.npmjs.org/babel-preset-current-node-syntax 89ms (cache miss)
1853 silly packumentCache full:https://registry.npmjs.org/babel-preset-current-node-syntax set size:undefined disposed:false
1854 silly fetch manifest picomatch@^2.3.1
1855 silly packumentCache full:https://registry.npmjs.org/picomatch cache-miss
1856 http fetch GET 200 https://registry.npmjs.org/@jest%2fsource-map 383ms (cache miss)
1857 silly packumentCache full:https://registry.npmjs.org/@jest%2fsource-map set size:undefined disposed:false
1858 silly fetch manifest react-is@^18.0.0
1859 silly packumentCache full:https://registry.npmjs.org/react-is cache-miss
1860 http fetch GET 200 https://registry.npmjs.org/picomatch 92ms (cache revalidated)
1861 silly packumentCache full:https://registry.npmjs.org/picomatch set size:118818 disposed:false
1862 silly fetch manifest ansi-styles@^5.0.0
1863 silly packumentCache full:https://registry.npmjs.org/ansi-styles cache-hit
1864 silly fetch manifest ansi-regex@^5.0.1
1865 silly packumentCache full:https://registry.npmjs.org/ansi-regex cache-miss
1866 http fetch GET 200 https://registry.npmjs.org/leven 91ms (cache miss)
1867 silly packumentCache full:https://registry.npmjs.org/leven set size:undefined disposed:false
1868 http fetch GET 200 https://registry.npmjs.org/camelcase 98ms (cache revalidated)
1869 silly packumentCache full:https://registry.npmjs.org/camelcase set size:60255 disposed:false
1870 http fetch GET 200 https://registry.npmjs.org/picomatch 97ms (cache revalidated)
1871 silly packumentCache full:https://registry.npmjs.org/picomatch set size:118818 disposed:false
1872 silly packumentCache full:https://registry.npmjs.org/picomatch dispose
1873 http fetch GET 200 https://registry.npmjs.org/@jest%2fenvironment 424ms (cache miss)
1874 silly packumentCache full:https://registry.npmjs.org/@jest%2fenvironment set size:undefined disposed:false
1875 http fetch GET 200 https://registry.npmjs.org/braces 112ms (cache revalidated)
1876 silly packumentCache full:https://registry.npmjs.org/braces set size:114529 disposed:false
1877 http fetch GET 200 https://registry.npmjs.org/react-is 104ms (cache revalidated)
1878 silly packumentCache full:https://registry.npmjs.org/react-is set size:5291381 disposed:false
1879 http fetch GET 200 https://registry.npmjs.org/ansi-regex 91ms (cache revalidated)
1880 silly packumentCache full:https://registry.npmjs.org/ansi-regex set size:43572 disposed:false
1881 silly placeDep ROOT @bcoe/v8-coverage@0.2.3 OK for: @jest/reporters@29.7.0 want: ^0.2.3
1882 silly placeDep ROOT @jridgewell/trace-mapping@0.3.31 OK for: @jest/reporters@29.7.0 want: ^0.3.18
1883 silly placeDep ROOT collect-v8-coverage@1.0.3 OK for: @jest/reporters@29.7.0 want: ^1.0.0
1884 silly placeDep ROOT glob@7.2.3 OK for: @jest/reporters@29.7.0 want: ^7.1.3
1885 silly placeDep ROOT istanbul-lib-coverage@3.2.2 OK for: @jest/reporters@29.7.0 want: ^3.0.0
1886 silly placeDep ROOT istanbul-lib-instrument@6.0.3 OK for: @jest/reporters@29.7.0 want: ^6.0.0
1887 silly placeDep ROOT istanbul-lib-report@3.0.1 OK for: @jest/reporters@29.7.0 want: ^3.0.0
1888 silly placeDep ROOT istanbul-lib-source-maps@4.0.1 OK for: @jest/reporters@29.7.0 want: ^4.0.0
1889 silly placeDep ROOT istanbul-reports@3.2.0 OK for: @jest/reporters@29.7.0 want: ^3.1.3
1890 silly placeDep ROOT jest-worker@29.7.0 OK for: @jest/reporters@29.7.0 want: ^29.7.0
1891 silly placeDep ROOT string-length@4.0.2 OK for: @jest/reporters@29.7.0 want: ^4.0.1
1892 silly placeDep ROOT v8-to-istanbul@9.3.0 OK for: @jest/reporters@29.7.0 want: ^9.0.1
1893 silly fetch manifest @jridgewell/resolve-uri@^3.1.0
1894 silly packumentCache full:https://registry.npmjs.org/@jridgewell%2fresolve-uri cache-miss
1895 silly fetch manifest @jridgewell/sourcemap-codec@^1.4.14
1896 silly packumentCache full:https://registry.npmjs.org/@jridgewell%2fsourcemap-codec cache-miss
1897 silly fetch manifest inflight@^1.0.4
1898 silly packumentCache full:https://registry.npmjs.org/inflight cache-miss
1899 silly fetch manifest minimatch@^3.1.1
1900 silly packumentCache full:https://registry.npmjs.org/minimatch cache-hit
1901 silly fetch manifest fs.realpath@^1.0.0
1902 silly packumentCache full:https://registry.npmjs.org/fs.realpath cache-miss
1903 silly fetch manifest path-is-absolute@^1.0.0
1904 silly packumentCache full:https://registry.npmjs.org/path-is-absolute cache-miss
1905 silly fetch manifest @babel/core@^7.23.9
1906 silly packumentCache full:https://registry.npmjs.org/@babel%2fcore cache-hit
1907 silly fetch manifest @babel/parser@^7.23.9
1908 silly packumentCache full:https://registry.npmjs.org/@babel%2fparser cache-miss
1909 silly fetch manifest @istanbuljs/schema@^0.1.3
1910 silly packumentCache full:https://registry.npmjs.org/@istanbuljs%2fschema cache-miss
1911 http cache https://registry.npmjs.org/@jridgewell%2fsourcemap-codec 6ms (cache hit)
1912 silly packumentCache full:https://registry.npmjs.org/@jridgewell%2fsourcemap-codec set size:59275 disposed:false
1913 silly fetch manifest semver@^7.5.4
1914 silly packumentCache full:https://registry.npmjs.org/semver cache-hit
1915 silly fetch manifest make-dir@^4.0.0
1916 silly packumentCache full:https://registry.npmjs.org/make-dir cache-miss
1917 http cache https://registry.npmjs.org/@jridgewell%2fresolve-uri 8ms (cache hit)
1918 silly packumentCache full:https://registry.npmjs.org/@jridgewell%2fresolve-uri set size:57361 disposed:false
1919 silly fetch manifest source-map@^0.6.1
1920 silly packumentCache full:https://registry.npmjs.org/source-map cache-hit
1921 silly fetch manifest html-escaper@^2.0.0
1922 silly packumentCache full:https://registry.npmjs.org/html-escaper cache-miss
1923 http cache https://registry.npmjs.org/@babel%2fparser 9ms (cache hit)
1924 silly packumentCache full:https://registry.npmjs.org/@babel%2fparser set size:714217 disposed:false
1925 silly fetch manifest supports-color@^8.0.0
1926 silly packumentCache full:https://registry.npmjs.org/supports-color cache-hit
1927 silly fetch manifest char-regex@^1.0.2
1928 silly packumentCache full:https://registry.npmjs.org/char-regex cache-miss
1929 http fetch GET 200 https://registry.npmjs.org/fs.realpath 80ms (cache revalidated)
1930 silly packumentCache full:https://registry.npmjs.org/fs.realpath set size:4806 disposed:false
1931 silly fetch manifest @types/istanbul-lib-coverage@^2.0.1
1932 silly packumentCache full:https://registry.npmjs.org/@types%2fistanbul-lib-coverage cache-miss
1933 http cache https://registry.npmjs.org/@types%2fistanbul-lib-coverage 1ms (cache hit)
1934 silly packumentCache full:https://registry.npmjs.org/@types%2fistanbul-lib-coverage set size:18110 disposed:false
1935 http fetch GET 200 https://registry.npmjs.org/path-is-absolute 93ms (cache revalidated)
1936 silly packumentCache full:https://registry.npmjs.org/path-is-absolute set size:8253 disposed:false
1937 http fetch GET 200 https://registry.npmjs.org/inflight 93ms (cache revalidated)
1938 silly packumentCache full:https://registry.npmjs.org/inflight set size:13140 disposed:false
1939 http fetch GET 200 https://registry.npmjs.org/make-dir 92ms (cache miss)
1940 silly packumentCache full:https://registry.npmjs.org/make-dir set size:undefined disposed:false
1941 http fetch GET 200 https://registry.npmjs.org/char-regex 92ms (cache miss)
1942 silly packumentCache full:https://registry.npmjs.org/char-regex set size:undefined disposed:false
1943 http fetch GET 200 https://registry.npmjs.org/@istanbuljs%2fschema 105ms (cache miss)
1944 silly packumentCache full:https://registry.npmjs.org/@istanbuljs%2fschema set size:undefined disposed:false
1945 http fetch GET 200 https://registry.npmjs.org/html-escaper 101ms (cache miss)
1946 silly packumentCache full:https://registry.npmjs.org/html-escaper set size:undefined disposed:false
1947 silly placeDep ROOT @types/istanbul-lib-coverage@2.0.6 OK for: @jest/test-result@29.7.0 want: ^2.0.0
1948 silly placeDep ROOT @babel/core@7.29.0 OK for: @jest/transform@29.7.0 want: ^7.11.6
1949 silly placeDep ROOT babel-plugin-istanbul@6.1.1 OK for: @jest/transform@29.7.0 want: ^6.1.1
1950 silly placeDep ROOT convert-source-map@2.0.0 OK for: @jest/transform@29.7.0 want: ^2.0.0
1951 silly placeDep ROOT fast-json-stable-stringify@2.1.0 OK for: @jest/transform@29.7.0 want: ^2.1.0
1952 silly placeDep ROOT pirates@4.0.7 OK for: @jest/transform@29.7.0 want: ^4.0.4
1953 silly placeDep ROOT write-file-atomic@4.0.2 OK for: @jest/transform@29.7.0 want: ^4.0.2
1954 silly fetch manifest debug@^4.1.0
1955 silly packumentCache full:https://registry.npmjs.org/debug cache-hit
1956 silly fetch manifest json5@^2.2.3
1957 silly packumentCache full:https://registry.npmjs.org/json5 cache-hit
1958 silly fetch manifest semver@^6.3.1
1959 silly packumentCache full:https://registry.npmjs.org/semver cache-hit
1960 silly fetch manifest gensync@^1.0.0-beta.2
1961 silly packumentCache full:https://registry.npmjs.org/gensync cache-miss
1962 silly fetch manifest @babel/types@^7.29.0
1963 silly packumentCache full:https://registry.npmjs.org/@babel%2ftypes cache-hit
1964 silly fetch manifest @babel/parser@^7.29.0
1965 silly packumentCache full:https://registry.npmjs.org/@babel%2fparser cache-hit
1966 silly fetch manifest @babel/helpers@^7.28.6
1967 silly packumentCache full:https://registry.npmjs.org/@babel%2fhelpers cache-miss
1968 silly fetch manifest @babel/template@^7.28.6
1969 silly packumentCache full:https://registry.npmjs.org/@babel%2ftemplate cache-miss
1970 silly fetch manifest @babel/traverse@^7.29.0
1971 silly packumentCache full:https://registry.npmjs.org/@babel%2ftraverse cache-miss
1972 silly fetch manifest @babel/generator@^7.29.0
1973 silly packumentCache full:https://registry.npmjs.org/@babel%2fgenerator cache-hit
1974 silly fetch manifest @babel/code-frame@^7.29.0
1975 silly packumentCache full:https://registry.npmjs.org/@babel%2fcode-frame cache-hit
1976 silly fetch manifest @jridgewell/remapping@^2.3.5
1977 silly packumentCache full:https://registry.npmjs.org/@jridgewell%2fremapping cache-miss
1978 silly fetch manifest @babel/helper-module-transforms@^7.28.6
1979 silly packumentCache full:https://registry.npmjs.org/@babel%2fhelper-module-transforms cache-miss
1980 silly fetch manifest @babel/helper-compilation-targets@^7.28.6
1981 silly packumentCache full:https://registry.npmjs.org/@babel%2fhelper-compilation-targets cache-miss
1982 http cache https://registry.npmjs.org/@babel%2fhelpers 6ms (cache hit)
1983 silly packumentCache full:https://registry.npmjs.org/@babel%2fhelpers set size:384482 disposed:false
1984 silly fetch manifest test-exclude@^6.0.0
1985 silly packumentCache full:https://registry.npmjs.org/test-exclude cache-miss
1986 http cache https://registry.npmjs.org/gensync 9ms (cache hit)
1987 silly packumentCache full:https://registry.npmjs.org/gensync set size:15068 disposed:false
1988 silly fetch manifest @istanbuljs/schema@^0.1.2
1989 silly packumentCache full:https://registry.npmjs.org/@istanbuljs%2fschema cache-miss
1990 http cache https://registry.npmjs.org/@jridgewell%2fremapping 8ms (cache hit)
1991 silly packumentCache full:https://registry.npmjs.org/@jridgewell%2fremapping set size:23809 disposed:false
1992 silly fetch manifest istanbul-lib-instrument@^5.0.4
1993 silly packumentCache full:https://registry.npmjs.org/istanbul-lib-instrument cache-miss
1994 http cache https://registry.npmjs.org/@babel%2ftemplate 9ms (cache hit)
1995 silly packumentCache full:https://registry.npmjs.org/@babel%2ftemplate set size:225245 disposed:false
1996 silly fetch manifest @babel/helper-plugin-utils@^7.0.0
1997 silly packumentCache full:https://registry.npmjs.org/@babel%2fhelper-plugin-utils cache-miss
1998 http cache https://registry.npmjs.org/@babel%2ftraverse 13ms (cache hit)
1999 silly packumentCache full:https://registry.npmjs.org/@babel%2ftraverse set size:546499 disposed:false
2000 silly fetch manifest @istanbuljs/load-nyc-config@^1.0.0
2001 silly packumentCache full:https://registry.npmjs.org/@istanbuljs%2fload-nyc-config cache-miss
2002 http cache https://registry.npmjs.org/@babel%2fhelper-module-transforms 17ms (cache hit)
2003 silly packumentCache full:https://registry.npmjs.org/@babel%2fhelper-module-transforms set size:331474 disposed:false
2004 silly fetch manifest imurmurhash@^0.1.4
2005 silly packumentCache full:https://registry.npmjs.org/imurmurhash cache-miss
2006 http cache https://registry.npmjs.org/@babel%2fhelper-compilation-targets 25ms (cache hit)
2007 silly packumentCache full:https://registry.npmjs.org/@babel%2fhelper-compilation-targets set size:216684 disposed:false
2008 http cache https://registry.npmjs.org/@istanbuljs%2fschema 28ms (cache hit)
2009 silly packumentCache full:https://registry.npmjs.org/@istanbuljs%2fschema set size:12737 disposed:false
2010 http cache https://registry.npmjs.org/istanbul-lib-instrument 28ms (cache hit)
2011 silly packumentCache full:https://registry.npmjs.org/istanbul-lib-instrument set size:219175 disposed:false
2012 http cache https://registry.npmjs.org/@babel%2fhelper-plugin-utils 28ms (cache hit)
2013 silly packumentCache full:https://registry.npmjs.org/@babel%2fhelper-plugin-utils set size:162082 disposed:false
2014 http fetch GET 200 https://registry.npmjs.org/@istanbuljs%2fload-nyc-config 104ms (cache miss)
2015 silly packumentCache full:https://registry.npmjs.org/@istanbuljs%2fload-nyc-config set size:undefined disposed:false
2016 http fetch GET 200 https://registry.npmjs.org/test-exclude 129ms (cache miss)
2017 silly packumentCache full:https://registry.npmjs.org/test-exclude set size:undefined disposed:false
2018 http fetch GET 200 https://registry.npmjs.org/imurmurhash 125ms (cache revalidated)
2019 silly packumentCache full:https://registry.npmjs.org/imurmurhash set size:35819 disposed:false
2020 silly fetch manifest @babel/core@^7.0.0
2021 silly packumentCache full:https://registry.npmjs.org/@babel%2fcore cache-hit
2022 silly placeDep ROOT @babel/code-frame@7.29.0 OK for: @babel/core@7.29.0 want: ^7.29.0
2023 silly placeDep ROOT @babel/generator@7.29.1 OK for: @babel/core@7.29.0 want: ^7.29.0
2024 silly placeDep ROOT @babel/helper-compilation-targets@7.28.6 OK for: @babel/core@7.29.0 want: ^7.28.6
2025 silly placeDep ROOT @babel/helper-module-transforms@7.28.6 OK for: @babel/core@7.29.0 want: ^7.28.6
2026 silly placeDep ROOT @babel/helpers@7.28.6 OK for: @babel/core@7.29.0 want: ^7.28.6
2027 silly placeDep ROOT @babel/parser@7.29.0 OK for: @babel/core@7.29.0 want: ^7.29.0
2028 silly placeDep ROOT @babel/template@7.28.6 OK for: @babel/core@7.29.0 want: ^7.28.6
2029 silly placeDep ROOT @babel/traverse@7.29.0 OK for: @babel/core@7.29.0 want: ^7.29.0
2030 silly placeDep ROOT @babel/types@7.29.0 OK for: @babel/core@7.29.0 want: ^7.29.0
2031 silly placeDep ROOT @jridgewell/remapping@2.3.5 OK for: @babel/core@7.29.0 want: ^2.3.5
2032 silly placeDep node_modules/@babel/core debug@4.4.3 OK for: @babel/core@7.29.0 want: ^4.1.0
2033 silly placeDep ROOT gensync@1.0.0-beta.2 OK for: @babel/core@7.29.0 want: ^1.0.0-beta.2
2034 silly placeDep ROOT json5@2.2.3 OK for: @babel/core@7.29.0 want: ^2.2.3
2035 silly placeDep node_modules/@babel/core semver@6.3.1 OK for: @babel/core@7.29.0 want: ^6.3.1
2036 silly fetch manifest js-tokens@^4.0.0
2037 silly packumentCache full:https://registry.npmjs.org/js-tokens cache-miss
2038 silly fetch manifest @babel/helper-validator-identifier@^7.28.5
2039 silly packumentCache full:https://registry.npmjs.org/@babel%2fhelper-validator-identifier cache-miss
2040 silly fetch manifest jsesc@^3.0.2
2041 silly packumentCache full:https://registry.npmjs.org/jsesc cache-miss
2042 silly fetch manifest @jridgewell/gen-mapping@^0.3.12
2043 silly packumentCache full:https://registry.npmjs.org/@jridgewell%2fgen-mapping cache-miss
2044 silly fetch manifest lru-cache@^5.1.1
2045 silly packumentCache full:https://registry.npmjs.org/lru-cache cache-hit
2046 silly fetch manifest @babel/compat-data@^7.28.6
2047 silly packumentCache full:https://registry.npmjs.org/@babel%2fcompat-data cache-miss
2048 silly fetch manifest @babel/helper-validator-option@^7.27.1
2049 silly packumentCache full:https://registry.npmjs.org/@babel%2fhelper-validator-option cache-miss
2050 silly fetch manifest @babel/traverse@^7.28.6
2051 silly packumentCache full:https://registry.npmjs.org/@babel%2ftraverse cache-hit
2052 silly fetch manifest @babel/helper-module-imports@^7.28.6
2053 silly packumentCache full:https://registry.npmjs.org/@babel%2fhelper-module-imports cache-miss
2054 http cache https://registry.npmjs.org/js-tokens 8ms (cache hit)
2055 silly packumentCache full:https://registry.npmjs.org/js-tokens set size:41947 disposed:false
2056 silly fetch manifest @babel/helper-validator-identifier@^7.28.5
2057 silly packumentCache full:https://registry.npmjs.org/@babel%2fhelper-validator-identifier cache-miss
2058 http cache https://registry.npmjs.org/@babel%2fhelper-validator-identifier 8ms (cache hit)
2059 silly packumentCache full:https://registry.npmjs.org/@babel%2fhelper-validator-identifier set size:114475 disposed:false
2060 silly fetch manifest @babel/types@^7.28.6
2061 silly packumentCache full:https://registry.npmjs.org/@babel%2ftypes cache-hit
2062 silly fetch manifest debug@^4.3.1
2063 silly packumentCache full:https://registry.npmjs.org/debug cache-hit
2064 silly fetch manifest @babel/helper-globals@^7.28.0
2065 silly packumentCache full:https://registry.npmjs.org/@babel%2fhelper-globals cache-miss
2066 http cache https://registry.npmjs.org/@babel%2fhelper-validator-option 9ms (cache hit)
2067 silly packumentCache full:https://registry.npmjs.org/@babel%2fhelper-validator-option set size:90529 disposed:false
2068 silly fetch manifest @babel/helper-string-parser@^7.27.1
2069 silly packumentCache full:https://registry.npmjs.org/@babel%2fhelper-string-parser cache-miss
2070 http cache https://registry.npmjs.org/jsesc 12ms (cache hit)
2071 silly packumentCache full:https://registry.npmjs.org/jsesc set size:61512 disposed:false
2072 silly fetch manifest @jridgewell/gen-mapping@^0.3.5
2073 silly packumentCache full:https://registry.npmjs.org/@jridgewell%2fgen-mapping cache-miss
2074 http cache https://registry.npmjs.org/@jridgewell%2fgen-mapping 13ms (cache hit)
2075 silly packumentCache full:https://registry.npmjs.org/@jridgewell%2fgen-mapping set size:80719 disposed:false
2076 http cache https://registry.npmjs.org/@babel%2fcompat-data 13ms (cache hit)
2077 silly packumentCache full:https://registry.npmjs.org/@babel%2fcompat-data set size:303539 disposed:false
2078 http cache https://registry.npmjs.org/@babel%2fhelper-module-imports 15ms (cache hit)
2079 silly packumentCache full:https://registry.npmjs.org/@babel%2fhelper-module-imports set size:191525 disposed:false
2080 http cache https://registry.npmjs.org/@babel%2fhelper-validator-identifier 11ms (cache hit)
2081 silly packumentCache full:https://registry.npmjs.org/@babel%2fhelper-validator-identifier set size:114475 disposed:false
2082 silly packumentCache full:https://registry.npmjs.org/@babel%2fhelper-validator-identifier dispose
2083 http cache https://registry.npmjs.org/@babel%2fhelper-globals 10ms (cache hit)
2084 silly packumentCache full:https://registry.npmjs.org/@babel%2fhelper-globals set size:13624 disposed:false
2085 http cache https://registry.npmjs.org/@jridgewell%2fgen-mapping 8ms (cache hit)
2086 silly packumentCache full:https://registry.npmjs.org/@jridgewell%2fgen-mapping set size:80719 disposed:false
2087 silly packumentCache full:https://registry.npmjs.org/@jridgewell%2fgen-mapping dispose
2088 http cache https://registry.npmjs.org/@babel%2fhelper-string-parser 10ms (cache hit)
2089 silly packumentCache full:https://registry.npmjs.org/@babel%2fhelper-string-parser set size:80211 disposed:false
2090 silly placeDep ROOT @babel/helper-validator-identifier@7.28.5 OK for: @babel/code-frame@7.29.0 want: ^7.28.5
2091 silly placeDep ROOT js-tokens@4.0.0 OK for: @babel/code-frame@7.29.0 want: ^4.0.0
2092 silly placeDep ROOT picocolors@1.1.1 OK for: @babel/code-frame@7.29.0 want: ^1.1.1
2093 silly placeDep ROOT @jridgewell/gen-mapping@0.3.13 OK for: @babel/generator@7.29.1 want: ^0.3.12
2094 silly placeDep ROOT jsesc@3.1.0 OK for: @babel/generator@7.29.1 want: ^3.0.2
2095 silly fetch manifest @jridgewell/sourcemap-codec@^1.5.0
2096 silly packumentCache full:https://registry.npmjs.org/@jridgewell%2fsourcemap-codec cache-hit
2097 silly placeDep ROOT @babel/compat-data@7.29.0 OK for: @babel/helper-compilation-targets@7.28.6 want: ^7.28.6
2098 silly placeDep ROOT @babel/helper-validator-option@7.27.1 OK for: @babel/helper-compilation-targets@7.28.6 want: ^7.27.1
2099 silly placeDep ROOT browserslist@4.28.1 OK for: @babel/helper-compilation-targets@7.28.6 want: ^4.24.0
2100 silly placeDep ROOT lru-cache@5.1.1 OK for: @babel/helper-compilation-targets@7.28.6 want: ^5.1.1
2101 silly placeDep node_modules/@babel/helper-compilation-targets semver@6.3.1 OK for: @babel/helper-compilation-targets@7.28.6 want: ^6.3.1
2102 silly fetch manifest baseline-browser-mapping@^2.9.0
2103 silly packumentCache full:https://registry.npmjs.org/baseline-browser-mapping cache-miss
2104 silly fetch manifest caniuse-lite@^1.0.30001759
2105 silly packumentCache full:https://registry.npmjs.org/caniuse-lite cache-miss
2106 silly fetch manifest electron-to-chromium@^1.5.263
2107 silly packumentCache full:https://registry.npmjs.org/electron-to-chromium cache-miss
2108 silly fetch manifest node-releases@^2.0.27
2109 silly packumentCache full:https://registry.npmjs.org/node-releases cache-miss
2110 silly fetch manifest update-browserslist-db@^1.2.0
2111 silly packumentCache full:https://registry.npmjs.org/update-browserslist-db cache-miss
2112 silly fetch manifest yallist@^3.0.2
2113 silly packumentCache full:https://registry.npmjs.org/yallist cache-miss
2114 http cache https://registry.npmjs.org/baseline-browser-mapping 6ms (cache hit)
2115 silly packumentCache full:https://registry.npmjs.org/baseline-browser-mapping set size:393828 disposed:false
2116 http cache https://registry.npmjs.org/update-browserslist-db 11ms (cache hit)
2117 silly packumentCache full:https://registry.npmjs.org/update-browserslist-db set size:62000 disposed:false
2118 http cache https://registry.npmjs.org/caniuse-lite 14ms (cache hit)
2119 silly packumentCache full:https://registry.npmjs.org/caniuse-lite set size:2264818 disposed:false
2120 http cache https://registry.npmjs.org/yallist 29ms (cache hit)
2121 silly packumentCache full:https://registry.npmjs.org/yallist set size:34610 disposed:false
2122 http cache https://registry.npmjs.org/electron-to-chromium 35ms (cache hit)
2123 silly packumentCache full:https://registry.npmjs.org/electron-to-chromium set size:4721700 disposed:false
2124 http cache https://registry.npmjs.org/node-releases 56ms (cache hit)
2125 silly packumentCache full:https://registry.npmjs.org/node-releases set size:270656 disposed:false
2126 silly placeDep ROOT @babel/helper-module-imports@7.28.6 OK for: @babel/helper-module-transforms@7.28.6 want: ^7.28.6
2127 silly placeDep ROOT @babel/helper-globals@7.28.0 OK for: @babel/traverse@7.29.0 want: ^7.28.0
2128 silly placeDep node_modules/@babel/traverse debug@4.4.3 OK for: @babel/traverse@7.29.0 want: ^4.3.1
2129 silly placeDep ROOT @babel/helper-string-parser@7.27.1 OK for: @babel/types@7.29.0 want: ^7.27.1
2130 silly placeDep ROOT @jest/schemas@29.6.3 OK for: @jest/types@29.6.3 want: ^29.6.3
2131 silly placeDep ROOT @types/istanbul-reports@3.0.4 OK for: @jest/types@29.6.3 want: ^3.0.0
2132 silly placeDep ROOT @types/yargs@17.0.35 OK for: @jest/types@29.6.3 want: ^17.0.8
2133 silly fetch manifest @sinclair/typebox@^0.27.8
2134 silly packumentCache full:https://registry.npmjs.org/@sinclair%2ftypebox cache-miss
2135 silly fetch manifest @types/istanbul-lib-report@*
2136 silly packumentCache full:https://registry.npmjs.org/@types%2fistanbul-lib-report cache-miss
2137 silly fetch manifest @types/yargs-parser@*
2138 silly packumentCache full:https://registry.npmjs.org/@types%2fyargs-parser cache-miss
2139 http fetch GET 200 https://registry.npmjs.org/@types%2fyargs-parser 118ms (cache miss)
2140 silly packumentCache full:https://registry.npmjs.org/@types%2fyargs-parser set size:undefined disposed:false
2141 http fetch GET 200 https://registry.npmjs.org/@types%2fistanbul-lib-report 124ms (cache miss)
2142 silly packumentCache full:https://registry.npmjs.org/@types%2fistanbul-lib-report set size:undefined disposed:false
2143 http fetch GET 200 https://registry.npmjs.org/@sinclair%2ftypebox 129ms (cache revalidated)
2144 silly packumentCache full:https://registry.npmjs.org/@sinclair%2ftypebox set size:1145528 disposed:false
2145 silly placeDep ROOT @sinclair/typebox@0.27.10 OK for: @jest/schemas@29.6.3 want: ^0.27.8
2146 silly placeDep ROOT @jridgewell/sourcemap-codec@1.5.5 OK for: @jridgewell/gen-mapping@0.3.13 want: ^1.5.0
2147 silly placeDep ROOT @jridgewell/resolve-uri@3.1.2 OK for: @jridgewell/trace-mapping@0.3.31 want: ^3.1.0
2148 silly placeDep ROOT @types/istanbul-lib-report@3.0.3 OK for: @types/istanbul-reports@3.0.4 want: *
2149 silly placeDep ROOT @types/yargs-parser@21.0.3 OK for: @types/yargs@17.0.35 want: *
2150 silly placeDep ROOT type-fest@0.21.3 OK for: ansi-escapes@4.3.2 want: ^0.21.3
2151 silly placeDep ROOT @babel/helper-plugin-utils@7.28.6 OK for: babel-plugin-istanbul@6.1.1 want: ^7.0.0
2152 silly placeDep ROOT @istanbuljs/load-nyc-config@1.1.0 OK for: babel-plugin-istanbul@6.1.1 want: ^1.0.0
2153 silly placeDep ROOT @istanbuljs/schema@0.1.3 OK for: babel-plugin-istanbul@6.1.1 want: ^0.1.2
2154 silly placeDep node_modules/babel-plugin-istanbul istanbul-lib-instrument@5.2.1 OK for: babel-plugin-istanbul@6.1.1 want: ^5.0.4
2155 silly placeDep ROOT test-exclude@6.0.0 OK for: babel-plugin-istanbul@6.1.1 want: ^6.0.0
2156 silly fetch manifest camelcase@^5.3.1
2157 silly packumentCache full:https://registry.npmjs.org/camelcase cache-hit
2158 silly fetch manifest find-up@^4.1.0
2159 silly packumentCache full:https://registry.npmjs.org/find-up cache-miss
2160 silly fetch manifest get-package-type@^0.1.0
2161 silly packumentCache full:https://registry.npmjs.org/get-package-type cache-miss
2162 silly fetch manifest js-yaml@^3.13.1
2163 silly packumentCache full:https://registry.npmjs.org/js-yaml cache-miss
2164 silly fetch manifest resolve-from@^5.0.0
2165 silly packumentCache full:https://registry.npmjs.org/resolve-from cache-miss
2166 silly fetch manifest semver@^6.3.0
2167 silly packumentCache full:https://registry.npmjs.org/semver cache-hit
2168 silly fetch manifest minimatch@^3.0.4
2169 silly packumentCache full:https://registry.npmjs.org/minimatch cache-hit
2170 http fetch GET 200 https://registry.npmjs.org/get-package-type 85ms (cache revalidated)
2171 silly packumentCache full:https://registry.npmjs.org/get-package-type set size:4414 disposed:false
2172 http fetch GET 200 https://registry.npmjs.org/find-up 95ms (cache revalidated)
2173 silly packumentCache full:https://registry.npmjs.org/find-up set size:42620 disposed:false
2174 http fetch GET 200 https://registry.npmjs.org/resolve-from 96ms (cache revalidated)
2175 silly packumentCache full:https://registry.npmjs.org/resolve-from set size:12911 disposed:false
2176 http fetch GET 200 https://registry.npmjs.org/js-yaml 102ms (cache revalidated)
2177 silly packumentCache full:https://registry.npmjs.org/js-yaml set size:152232 disposed:false
2178 silly placeDep ROOT camelcase@5.3.1 OK for: @istanbuljs/load-nyc-config@1.1.0 want: ^5.3.1
2179 silly placeDep ROOT find-up@4.1.0 OK for: @istanbuljs/load-nyc-config@1.1.0 want: ^4.1.0
2180 silly placeDep ROOT get-package-type@0.1.0 OK for: @istanbuljs/load-nyc-config@1.1.0 want: ^0.1.0
2181 silly placeDep ROOT js-yaml@3.14.2 OK for: @istanbuljs/load-nyc-config@1.1.0 want: ^3.13.1
2182 silly placeDep ROOT resolve-from@5.0.0 OK for: @istanbuljs/load-nyc-config@1.1.0 want: ^5.0.0
2183 silly fetch manifest locate-path@^5.0.0
2184 silly packumentCache full:https://registry.npmjs.org/locate-path cache-miss
2185 silly fetch manifest path-exists@^4.0.0
2186 silly packumentCache full:https://registry.npmjs.org/path-exists cache-miss
2187 silly fetch manifest esprima@^4.0.0
2188 silly packumentCache full:https://registry.npmjs.org/esprima cache-miss
2189 silly fetch manifest argparse@^1.0.7
2190 silly packumentCache full:https://registry.npmjs.org/argparse cache-miss
2191 http fetch GET 200 https://registry.npmjs.org/path-exists 81ms (cache revalidated)
2192 silly packumentCache full:https://registry.npmjs.org/path-exists set size:13704 disposed:false
2193 http fetch GET 200 https://registry.npmjs.org/argparse 85ms (cache revalidated)
2194 silly packumentCache full:https://registry.npmjs.org/argparse set size:49266 disposed:false
2195 http fetch GET 200 https://registry.npmjs.org/esprima 91ms (cache revalidated)
2196 silly packumentCache full:https://registry.npmjs.org/esprima set size:118410 disposed:false
2197 http fetch GET 200 https://registry.npmjs.org/locate-path 101ms (cache revalidated)
2198 silly packumentCache full:https://registry.npmjs.org/locate-path set size:31329 disposed:false
2199 silly fetch manifest browserslist@>= 4.21.0
2200 silly packumentCache full:https://registry.npmjs.org/browserslist cache-hit
2201 silly placeDep ROOT baseline-browser-mapping@2.10.0 OK for: browserslist@4.28.1 want: ^2.9.0
2202 silly placeDep ROOT caniuse-lite@1.0.30001777 OK for: browserslist@4.28.1 want: ^1.0.30001759
2203 silly placeDep ROOT electron-to-chromium@1.5.307 OK for: browserslist@4.28.1 want: ^1.5.263
2204 silly placeDep ROOT node-releases@2.0.36 OK for: browserslist@4.28.1 want: ^2.0.27
2205 silly placeDep ROOT update-browserslist-db@1.2.3 OK for: browserslist@4.28.1 want: ^1.2.0
2206 silly fetch manifest escalade@^3.2.0
2207 silly packumentCache full:https://registry.npmjs.org/escalade cache-hit
2208 silly placeDep ROOT ansi-styles@4.3.0 OK for: chalk@4.1.2 want: ^4.1.0
2209 silly placeDep ROOT supports-color@7.2.0 OK for: chalk@4.1.2 want: ^7.1.0
2210 silly fetch manifest color-convert@^2.0.1
2211 silly packumentCache full:https://registry.npmjs.org/color-convert cache-miss
2212 silly fetch manifest has-flag@^4.0.0
2213 silly packumentCache full:https://registry.npmjs.org/has-flag cache-miss
2214 http fetch GET 200 https://registry.npmjs.org/has-flag 77ms (cache revalidated)
2215 silly packumentCache full:https://registry.npmjs.org/has-flag set size:15180 disposed:false
2216 http fetch GET 200 https://registry.npmjs.org/color-convert 88ms (cache revalidated)
2217 silly packumentCache full:https://registry.npmjs.org/color-convert set size:72663 disposed:false
2218 silly placeDep ROOT color-convert@2.0.1 OK for: ansi-styles@4.3.0 want: ^2.0.1
2219 silly fetch manifest color-name@~1.1.4
2220 silly packumentCache full:https://registry.npmjs.org/color-name cache-miss
2221 http fetch GET 200 https://registry.npmjs.org/color-name 99ms (cache revalidated)
2222 silly packumentCache full:https://registry.npmjs.org/color-name set size:19467 disposed:false
2223 silly placeDep ROOT color-name@1.1.4 OK for: color-convert@2.0.1 want: ~1.1.4
2224 silly placeDep ROOT locate-path@5.0.0 OK for: find-up@4.1.0 want: ^5.0.0
2225 silly placeDep ROOT path-exists@4.0.0 OK for: find-up@4.1.0 want: ^4.0.0
2226 silly fetch manifest p-locate@^4.1.0
2227 silly packumentCache full:https://registry.npmjs.org/p-locate cache-miss
2228 http fetch GET 200 https://registry.npmjs.org/p-locate 85ms (cache revalidated)
2229 silly packumentCache full:https://registry.npmjs.org/p-locate set size:22488 disposed:false
2230 silly placeDep ROOT fs.realpath@1.0.0 OK for: glob@7.2.3 want: ^1.0.0
2231 silly placeDep ROOT inflight@1.0.6 OK for: glob@7.2.3 want: ^1.0.4
2232 silly placeDep ROOT minimatch@3.1.5 OK for: glob@7.2.3 want: ^3.1.1
2233 silly placeDep ROOT path-is-absolute@1.0.1 OK for: glob@7.2.3 want: ^1.0.0
2234 silly fetch manifest brace-expansion@^1.1.7
2235 silly packumentCache full:https://registry.npmjs.org/brace-expansion cache-miss
2236 http fetch GET 200 https://registry.npmjs.org/brace-expansion 99ms (cache revalidated)
2237 silly packumentCache full:https://registry.npmjs.org/brace-expansion set size:55744 disposed:false
2238 silly placeDep ROOT pkg-dir@4.2.0 OK for: import-local@3.2.0 want: ^4.2.0
2239 silly placeDep ROOT resolve-cwd@3.0.0 OK for: import-local@3.2.0 want: ^3.0.0
2240 silly placeDep ROOT wrappy@1.0.2 OK for: inflight@1.0.6 want: 1
2241 silly placeDep node_modules/istanbul-lib-instrument semver@7.7.4 OK for: istanbul-lib-instrument@6.0.3 want: ^7.5.4
2242 silly placeDep ROOT make-dir@4.0.0 OK for: istanbul-lib-report@3.0.1 want: ^4.0.0
2243 silly placeDep node_modules/istanbul-lib-source-maps debug@4.4.3 OK for: istanbul-lib-source-maps@4.0.1 want: ^4.1.1
2244 silly placeDep node_modules/istanbul-lib-source-maps source-map@0.6.1 OK for: istanbul-lib-source-maps@4.0.1 want: ^0.6.1
2245 silly placeDep ROOT html-escaper@2.0.2 OK for: istanbul-reports@3.2.0 want: ^2.0.0
2246 silly placeDep ROOT p-limit@3.1.0 OK for: jest-changed-files@29.7.0 want: ^3.1.0
2247 silly fetch manifest yocto-queue@^0.1.0
2248 silly packumentCache full:https://registry.npmjs.org/yocto-queue cache-miss
2249 http fetch GET 200 https://registry.npmjs.org/yocto-queue 79ms (cache revalidated)
2250 silly packumentCache full:https://registry.npmjs.org/yocto-queue set size:20256 disposed:false
2251 silly placeDep ROOT create-jest@29.7.0 OK for: jest-cli@29.7.0 want: ^29.7.0
2252 silly fetch manifest prompts@^2.0.1
2253 silly packumentCache full:https://registry.npmjs.org/prompts cache-miss
2254 http fetch GET 200 https://registry.npmjs.org/prompts 95ms (cache revalidated)
2255 silly packumentCache full:https://registry.npmjs.org/prompts set size:115896 disposed:false
2256 silly placeDep ROOT prompts@2.4.2 OK for: create-jest@29.7.0 want: ^2.0.1
2257 silly fetch manifest kleur@^3.0.3
2258 silly packumentCache full:https://registry.npmjs.org/kleur cache-miss
2259 silly fetch manifest sisteransi@^1.0.5
2260 silly packumentCache full:https://registry.npmjs.org/sisteransi cache-miss
2261 http fetch GET 200 https://registry.npmjs.org/kleur 82ms (cache revalidated)
2262 silly packumentCache full:https://registry.npmjs.org/kleur set size:61853 disposed:false
2263 http fetch GET 200 https://registry.npmjs.org/sisteransi 98ms (cache revalidated)
2264 silly packumentCache full:https://registry.npmjs.org/sisteransi set size:23215 disposed:false
2265 silly placeDep ROOT @jest/test-sequencer@29.7.0 OK for: jest-config@29.7.0 want: ^29.7.0
2266 silly placeDep ROOT babel-jest@29.7.0 OK for: jest-config@29.7.0 want: ^29.7.0
2267 silly placeDep ROOT deepmerge@4.3.1 OK for: jest-config@29.7.0 want: ^4.2.2
2268 silly placeDep ROOT jest-circus@29.7.0 OK for: jest-config@29.7.0 want: ^29.7.0
2269 silly placeDep ROOT jest-environment-node@29.7.0 OK for: jest-config@29.7.0 want: ^29.7.0
2270 silly placeDep ROOT jest-get-type@29.6.3 OK for: jest-config@29.7.0 want: ^29.6.3
2271 silly placeDep ROOT parse-json@5.2.0 OK for: jest-config@29.7.0 want: ^5.2.0
2272 silly placeDep ROOT strip-json-comments@3.1.1 OK for: jest-config@29.7.0 want: ^3.1.1
2273 silly fetch manifest babel-preset-jest@^29.6.3
2274 silly packumentCache full:https://registry.npmjs.org/babel-preset-jest cache-miss
2275 silly fetch manifest @types/babel__core@^7.1.14
2276 silly packumentCache full:https://registry.npmjs.org/@types%2fbabel__core cache-miss
2277 silly fetch manifest co@^4.6.0
2278 silly packumentCache full:https://registry.npmjs.org/co cache-miss
2279 silly fetch manifest dedent@^1.0.0
2280 silly packumentCache full:https://registry.npmjs.org/dedent cache-miss
2281 silly fetch manifest jest-each@^29.7.0
2282 silly packumentCache full:https://registry.npmjs.org/jest-each cache-miss
2283 silly fetch manifest pure-rand@^6.0.0
2284 silly packumentCache full:https://registry.npmjs.org/pure-rand cache-miss
2285 silly fetch manifest @jest/expect@^29.7.0
2286 silly packumentCache full:https://registry.npmjs.org/@jest%2fexpect cache-miss
2287 http cache https://registry.npmjs.org/@types%2fbabel__core 7ms (cache hit)
2288 silly packumentCache full:https://registry.npmjs.org/@types%2fbabel__core set size:88676 disposed:false
2289 silly fetch manifest is-generator-fn@^2.0.0
2290 silly packumentCache full:https://registry.npmjs.org/is-generator-fn cache-miss
2291 http fetch GET 200 https://registry.npmjs.org/dedent 108ms (cache miss)
2292 silly packumentCache full:https://registry.npmjs.org/dedent set size:undefined disposed:false
2293 silly fetch manifest error-ex@^1.3.1
2294 silly packumentCache full:https://registry.npmjs.org/error-ex cache-miss
2295 http fetch GET 200 https://registry.npmjs.org/pure-rand 126ms (cache updated)
2296 silly packumentCache full:https://registry.npmjs.org/pure-rand set size:undefined disposed:false
2297 silly fetch manifest lines-and-columns@^1.1.6
2298 silly packumentCache full:https://registry.npmjs.org/lines-and-columns cache-miss
2299 http fetch GET 200 https://registry.npmjs.org/babel-preset-jest 132ms (cache miss)
2300 silly packumentCache full:https://registry.npmjs.org/babel-preset-jest set size:undefined disposed:false
2301 silly fetch manifest json-parse-even-better-errors@^2.3.0
2302 silly packumentCache full:https://registry.npmjs.org/json-parse-even-better-errors cache-hit
2303 http fetch GET 200 https://registry.npmjs.org/co 135ms (cache miss)
2304 silly packumentCache full:https://registry.npmjs.org/co set size:undefined disposed:false
2305 http fetch GET 200 https://registry.npmjs.org/jest-each 147ms (cache miss)
2306 silly packumentCache full:https://registry.npmjs.org/jest-each set size:undefined disposed:false
2307 http fetch GET 200 https://registry.npmjs.org/error-ex 98ms (cache revalidated)
2308 silly packumentCache full:https://registry.npmjs.org/error-ex set size:31684 disposed:false
2309 http fetch GET 200 https://registry.npmjs.org/lines-and-columns 93ms (cache revalidated)
2310 silly packumentCache full:https://registry.npmjs.org/lines-and-columns set size:73796 disposed:false
2311 http fetch GET 200 https://registry.npmjs.org/@jest%2fexpect 241ms (cache miss)
2312 silly packumentCache full:https://registry.npmjs.org/@jest%2fexpect set size:undefined disposed:false
2313 http fetch GET 200 https://registry.npmjs.org/is-generator-fn 407ms (cache miss)
2314 silly packumentCache full:https://registry.npmjs.org/is-generator-fn set size:undefined disposed:false
2315 silly fetch manifest @babel/core@^7.8.0
2316 silly packumentCache full:https://registry.npmjs.org/@babel%2fcore cache-hit
2317 silly placeDep ROOT @types/babel__core@7.20.5 OK for: babel-jest@29.7.0 want: ^7.1.14
2318 silly placeDep ROOT babel-preset-jest@29.6.3 OK for: babel-jest@29.7.0 want: ^29.6.3
2319 silly fetch manifest @types/babel__template@*
2320 silly packumentCache full:https://registry.npmjs.org/@types%2fbabel__template cache-miss
2321 silly fetch manifest @types/babel__traverse@*
2322 silly packumentCache full:https://registry.npmjs.org/@types%2fbabel__traverse cache-miss
2323 silly fetch manifest @types/babel__generator@*
2324 silly packumentCache full:https://registry.npmjs.org/@types%2fbabel__generator cache-miss
2325 silly fetch manifest babel-plugin-jest-hoist@^29.6.3
2326 silly packumentCache full:https://registry.npmjs.org/babel-plugin-jest-hoist cache-miss
2327 http cache https://registry.npmjs.org/@types%2fbabel__traverse 9ms (cache hit)
2328 silly packumentCache full:https://registry.npmjs.org/@types%2fbabel__traverse set size:107819 disposed:false
2329 http cache https://registry.npmjs.org/@types%2fbabel__template 10ms (cache hit)
2330 silly packumentCache full:https://registry.npmjs.org/@types%2fbabel__template set size:22631 disposed:false
2331 http cache https://registry.npmjs.org/@types%2fbabel__generator 9ms (cache hit)
2332 silly packumentCache full:https://registry.npmjs.org/@types%2fbabel__generator set size:31587 disposed:false
2333 http fetch GET 200 https://registry.npmjs.org/babel-plugin-jest-hoist 120ms (cache miss)
2334 silly packumentCache full:https://registry.npmjs.org/babel-plugin-jest-hoist set size:undefined disposed:false
2335 silly placeDep ROOT @types/babel__generator@7.27.0 OK for: @types/babel__core@7.20.5 want: *
2336 silly placeDep ROOT @types/babel__template@7.4.4 OK for: @types/babel__core@7.20.5 want: *
2337 silly placeDep ROOT @types/babel__traverse@7.28.0 OK for: @types/babel__core@7.20.5 want: *
2338 silly placeDep ROOT babel-plugin-jest-hoist@29.6.3 OK for: babel-preset-jest@29.6.3 want: ^29.6.3
2339 silly placeDep ROOT babel-preset-current-node-syntax@1.2.0 OK for: babel-preset-jest@29.6.3 want: ^1.0.0
2340 silly fetch manifest @babel/plugin-syntax-async-generators@^7.8.4
2341 silly packumentCache full:https://registry.npmjs.org/@babel%2fplugin-syntax-async-generators cache-miss
2342 silly fetch manifest @babel/plugin-syntax-bigint@^7.8.3
2343 silly packumentCache full:https://registry.npmjs.org/@babel%2fplugin-syntax-bigint cache-miss
2344 silly fetch manifest @babel/plugin-syntax-class-properties@^7.12.13
2345 silly packumentCache full:https://registry.npmjs.org/@babel%2fplugin-syntax-class-properties cache-miss
2346 silly fetch manifest @babel/plugin-syntax-class-static-block@^7.14.5
2347 silly packumentCache full:https://registry.npmjs.org/@babel%2fplugin-syntax-class-static-block cache-miss
2348 silly fetch manifest @babel/plugin-syntax-import-attributes@^7.24.7
2349 silly packumentCache full:https://registry.npmjs.org/@babel%2fplugin-syntax-import-attributes cache-miss
2350 silly fetch manifest @babel/plugin-syntax-import-meta@^7.10.4
2351 silly packumentCache full:https://registry.npmjs.org/@babel%2fplugin-syntax-import-meta cache-miss
2352 silly fetch manifest @babel/plugin-syntax-json-strings@^7.8.3
2353 silly packumentCache full:https://registry.npmjs.org/@babel%2fplugin-syntax-json-strings cache-miss
2354 http fetch GET 200 https://registry.npmjs.org/@babel%2fplugin-syntax-import-attributes 102ms (cache miss)
2355 silly packumentCache full:https://registry.npmjs.org/@babel%2fplugin-syntax-import-attributes set size:undefined disposed:false
2356 silly fetch manifest @babel/plugin-syntax-logical-assignment-operators@^7.10.4
2357 silly packumentCache full:https://registry.npmjs.org/@babel%2fplugin-syntax-logical-assignment-operators cache-miss
2358 http fetch GET 200 https://registry.npmjs.org/@babel%2fplugin-syntax-async-generators 110ms (cache miss)
2359 silly packumentCache full:https://registry.npmjs.org/@babel%2fplugin-syntax-async-generators set size:undefined disposed:false
2360 silly fetch manifest @babel/plugin-syntax-nullish-coalescing-operator@^7.8.3
2361 silly packumentCache full:https://registry.npmjs.org/@babel%2fplugin-syntax-nullish-coalescing-operator cache-miss
2362 http fetch GET 200 https://registry.npmjs.org/@babel%2fplugin-syntax-class-static-block 111ms (cache miss)
2363 silly packumentCache full:https://registry.npmjs.org/@babel%2fplugin-syntax-class-static-block set size:undefined disposed:false
2364 silly fetch manifest @babel/plugin-syntax-numeric-separator@^7.10.4
2365 silly packumentCache full:https://registry.npmjs.org/@babel%2fplugin-syntax-numeric-separator cache-miss
2366 http fetch GET 200 https://registry.npmjs.org/@babel%2fplugin-syntax-import-meta 116ms (cache miss)
2367 silly packumentCache full:https://registry.npmjs.org/@babel%2fplugin-syntax-import-meta set size:undefined disposed:false
2368 silly fetch manifest @babel/plugin-syntax-object-rest-spread@^7.8.3
2369 silly packumentCache full:https://registry.npmjs.org/@babel%2fplugin-syntax-object-rest-spread cache-miss
2370 http fetch GET 200 https://registry.npmjs.org/@babel%2fplugin-syntax-json-strings 119ms (cache miss)
2371 silly packumentCache full:https://registry.npmjs.org/@babel%2fplugin-syntax-json-strings set size:undefined disposed:false
2372 silly fetch manifest @babel/plugin-syntax-optional-catch-binding@^7.8.3
2373 silly packumentCache full:https://registry.npmjs.org/@babel%2fplugin-syntax-optional-catch-binding cache-miss
2374 http fetch GET 200 https://registry.npmjs.org/@babel%2fplugin-syntax-class-properties 121ms (cache miss)
2375 silly packumentCache full:https://registry.npmjs.org/@babel%2fplugin-syntax-class-properties set size:undefined disposed:false
2376 silly fetch manifest @babel/plugin-syntax-optional-chaining@^7.8.3
2377 silly packumentCache full:https://registry.npmjs.org/@babel%2fplugin-syntax-optional-chaining cache-miss
2378 http fetch GET 200 https://registry.npmjs.org/@babel%2fplugin-syntax-bigint 123ms (cache miss)
2379 silly packumentCache full:https://registry.npmjs.org/@babel%2fplugin-syntax-bigint set size:undefined disposed:false
2380 silly fetch manifest @babel/plugin-syntax-private-property-in-object@^7.14.5
2381 silly packumentCache full:https://registry.npmjs.org/@babel%2fplugin-syntax-private-property-in-object cache-miss
2382 http fetch GET 200 https://registry.npmjs.org/@babel%2fplugin-syntax-logical-assignment-operators 115ms (cache miss)
2383 silly packumentCache full:https://registry.npmjs.org/@babel%2fplugin-syntax-logical-assignment-operators set size:undefined disposed:false
2384 silly fetch manifest @babel/plugin-syntax-top-level-await@^7.14.5
2385 silly packumentCache full:https://registry.npmjs.org/@babel%2fplugin-syntax-top-level-await cache-miss
2386 http fetch GET 200 https://registry.npmjs.org/@babel%2fplugin-syntax-nullish-coalescing-operator 111ms (cache miss)
2387 silly packumentCache full:https://registry.npmjs.org/@babel%2fplugin-syntax-nullish-coalescing-operator set size:undefined disposed:false
2388 http fetch GET 200 https://registry.npmjs.org/@babel%2fplugin-syntax-object-rest-spread 109ms (cache miss)
2389 silly packumentCache full:https://registry.npmjs.org/@babel%2fplugin-syntax-object-rest-spread set size:undefined disposed:false
2390 http fetch GET 200 https://registry.npmjs.org/@babel%2fplugin-syntax-numeric-separator 115ms (cache miss)
2391 silly packumentCache full:https://registry.npmjs.org/@babel%2fplugin-syntax-numeric-separator set size:undefined disposed:false
2392 http fetch GET 200 https://registry.npmjs.org/@babel%2fplugin-syntax-private-property-in-object 115ms (cache miss)
2393 silly packumentCache full:https://registry.npmjs.org/@babel%2fplugin-syntax-private-property-in-object set size:undefined disposed:false
2394 http fetch GET 200 https://registry.npmjs.org/@babel%2fplugin-syntax-optional-chaining 126ms (cache miss)
2395 silly packumentCache full:https://registry.npmjs.org/@babel%2fplugin-syntax-optional-chaining set size:undefined disposed:false
2396 http fetch GET 200 https://registry.npmjs.org/@babel%2fplugin-syntax-optional-catch-binding 129ms (cache miss)
2397 silly packumentCache full:https://registry.npmjs.org/@babel%2fplugin-syntax-optional-catch-binding set size:undefined disposed:false
2398 http fetch GET 200 https://registry.npmjs.org/@babel%2fplugin-syntax-top-level-await 122ms (cache miss)
2399 silly packumentCache full:https://registry.npmjs.org/@babel%2fplugin-syntax-top-level-await set size:undefined disposed:false
2400 silly fetch manifest @babel/core@^7.0.0 || ^8.0.0-0
2401 silly packumentCache full:https://registry.npmjs.org/@babel%2fcore cache-hit
2402 silly placeDep ROOT @babel/plugin-syntax-async-generators@7.8.4 OK for: babel-preset-current-node-syntax@1.2.0 want: ^7.8.4
2403 silly placeDep ROOT @babel/plugin-syntax-bigint@7.8.3 OK for: babel-preset-current-node-syntax@1.2.0 want: ^7.8.3
2404 silly placeDep ROOT @babel/plugin-syntax-class-properties@7.12.13 OK for: babel-preset-current-node-syntax@1.2.0 want: ^7.12.13
2405 silly placeDep ROOT @babel/plugin-syntax-class-static-block@7.14.5 OK for: babel-preset-current-node-syntax@1.2.0 want: ^7.14.5
2406 silly placeDep ROOT @babel/plugin-syntax-import-attributes@7.28.6 OK for: babel-preset-current-node-syntax@1.2.0 want: ^7.24.7
2407 silly placeDep ROOT @babel/plugin-syntax-import-meta@7.10.4 OK for: babel-preset-current-node-syntax@1.2.0 want: ^7.10.4
2408 silly placeDep ROOT @babel/plugin-syntax-json-strings@7.8.3 OK for: babel-preset-current-node-syntax@1.2.0 want: ^7.8.3
2409 silly placeDep ROOT @babel/plugin-syntax-logical-assignment-operators@7.10.4 OK for: babel-preset-current-node-syntax@1.2.0 want: ^7.10.4
2410 silly placeDep ROOT @babel/plugin-syntax-nullish-coalescing-operator@7.8.3 OK for: babel-preset-current-node-syntax@1.2.0 want: ^7.8.3
2411 silly placeDep ROOT @babel/plugin-syntax-numeric-separator@7.10.4 OK for: babel-preset-current-node-syntax@1.2.0 want: ^7.10.4
2412 silly placeDep ROOT @babel/plugin-syntax-object-rest-spread@7.8.3 OK for: babel-preset-current-node-syntax@1.2.0 want: ^7.8.3
2413 silly placeDep ROOT @babel/plugin-syntax-optional-catch-binding@7.8.3 OK for: babel-preset-current-node-syntax@1.2.0 want: ^7.8.3
2414 silly placeDep ROOT @babel/plugin-syntax-optional-chaining@7.8.3 OK for: babel-preset-current-node-syntax@1.2.0 want: ^7.8.3
2415 silly placeDep ROOT @babel/plugin-syntax-private-property-in-object@7.14.5 OK for: babel-preset-current-node-syntax@1.2.0 want: ^7.14.5
2416 silly placeDep ROOT @babel/plugin-syntax-top-level-await@7.14.5 OK for: babel-preset-current-node-syntax@1.2.0 want: ^7.14.5
2417 silly fetch manifest babel-plugin-macros@^3.1.0
2418 silly packumentCache full:https://registry.npmjs.org/babel-plugin-macros cache-miss
2419 http fetch GET 200 https://registry.npmjs.org/babel-plugin-macros 104ms (cache miss)
2420 silly packumentCache full:https://registry.npmjs.org/babel-plugin-macros set size:undefined disposed:false
2421 silly placeDep ROOT @jest/environment@29.7.0 OK for: jest-circus@29.7.0 want: ^29.7.0
2422 silly placeDep ROOT @jest/expect@29.7.0 OK for: jest-circus@29.7.0 want: ^29.7.0
2423 silly placeDep ROOT co@4.6.0 OK for: jest-circus@29.7.0 want: ^4.6.0
2424 silly placeDep ROOT dedent@1.7.2 OK for: jest-circus@29.7.0 want: ^1.0.0
2425 silly placeDep ROOT is-generator-fn@2.1.0 OK for: jest-circus@29.7.0 want: ^2.0.0
2426 silly placeDep ROOT jest-each@29.7.0 OK for: jest-circus@29.7.0 want: ^29.7.0
2427 silly placeDep ROOT jest-matcher-utils@29.7.0 OK for: jest-circus@29.7.0 want: ^29.7.0
2428 silly placeDep ROOT pure-rand@6.1.0 OK for: jest-circus@29.7.0 want: ^6.0.0
2429 silly placeDep ROOT stack-utils@2.0.6 OK for: jest-circus@29.7.0 want: ^2.0.3
2430 silly fetch manifest escape-string-regexp@^2.0.0
2431 silly packumentCache full:https://registry.npmjs.org/escape-string-regexp cache-miss
2432 http fetch GET 200 https://registry.npmjs.org/escape-string-regexp 96ms (cache revalidated)
2433 silly packumentCache full:https://registry.npmjs.org/escape-string-regexp set size:22244 disposed:false
2434 silly placeDep ROOT @jest/fake-timers@29.7.0 OK for: @jest/environment@29.7.0 want: ^29.7.0
2435 silly placeDep ROOT jest-mock@29.7.0 OK for: @jest/environment@29.7.0 want: ^29.7.0
2436 silly fetch manifest @sinonjs/fake-timers@^10.0.2
2437 silly packumentCache full:https://registry.npmjs.org/@sinonjs%2ffake-timers cache-miss
2438 http fetch GET 200 https://registry.npmjs.org/@sinonjs%2ffake-timers 127ms (cache miss)
2439 silly packumentCache full:https://registry.npmjs.org/@sinonjs%2ffake-timers set size:undefined disposed:false
2440 silly placeDep ROOT expect@29.7.0 OK for: @jest/expect@29.7.0 want: ^29.7.0
2441 silly placeDep ROOT @sinonjs/fake-timers@10.3.0 OK for: @jest/fake-timers@29.7.0 want: ^10.0.2
2442 silly fetch manifest @sinonjs/commons@^3.0.0
2443 silly packumentCache full:https://registry.npmjs.org/@sinonjs%2fcommons cache-miss
2444 http fetch GET 200 https://registry.npmjs.org/@sinonjs%2fcommons 122ms (cache miss)
2445 silly packumentCache full:https://registry.npmjs.org/@sinonjs%2fcommons set size:undefined disposed:false
2446 silly placeDep ROOT @sinonjs/commons@3.0.1 OK for: @sinonjs/fake-timers@10.3.0 want: ^3.0.0
2447 silly fetch manifest type-detect@4.0.8
2448 silly packumentCache full:https://registry.npmjs.org/type-detect cache-miss
2449 http fetch GET 200 https://registry.npmjs.org/type-detect 103ms (cache miss)
2450 silly packumentCache full:https://registry.npmjs.org/type-detect set size:undefined disposed:false
2451 silly placeDep ROOT type-detect@4.0.8 OK for: @sinonjs/commons@3.0.1 want: 4.0.8
2452 silly placeDep ROOT @jest/expect-utils@29.7.0 OK for: expect@29.7.0 want: ^29.7.0
2453 silly placeDep ROOT @types/graceful-fs@4.1.9 OK for: jest-haste-map@29.7.0 want: ^4.1.3
2454 silly placeDep ROOT anymatch@3.1.3 OK for: jest-haste-map@29.7.0 want: ^3.0.3
2455 silly placeDep ROOT fb-watchman@2.0.2 OK for: jest-haste-map@29.7.0 want: ^2.0.0
2456 silly placeDep ROOT fsevents@2.3.3 OK for: jest-haste-map@29.7.0 want: ^2.3.2
2457 silly placeDep ROOT walker@1.0.8 OK for: jest-haste-map@29.7.0 want: ^1.0.8
2458 silly fetch manifest picomatch@^2.0.4
2459 silly packumentCache full:https://registry.npmjs.org/picomatch cache-hit
2460 silly fetch manifest normalize-path@^3.0.0
2461 silly packumentCache full:https://registry.npmjs.org/normalize-path cache-miss
2462 silly fetch manifest bser@2.1.1
2463 silly packumentCache full:https://registry.npmjs.org/bser cache-miss
2464 silly fetch manifest makeerror@1.0.12
2465 silly packumentCache full:https://registry.npmjs.org/makeerror cache-miss
2466 http fetch GET 200 https://registry.npmjs.org/makeerror 88ms (cache miss)
2467 silly packumentCache full:https://registry.npmjs.org/makeerror set size:undefined disposed:false
2468 http fetch GET 200 https://registry.npmjs.org/bser 90ms (cache miss)
2469 silly packumentCache full:https://registry.npmjs.org/bser set size:undefined disposed:false
2470 http fetch GET 200 https://registry.npmjs.org/normalize-path 92ms (cache miss)
2471 silly packumentCache full:https://registry.npmjs.org/normalize-path set size:undefined disposed:false
2472 silly placeDep ROOT normalize-path@3.0.0 OK for: anymatch@3.1.3 want: ^3.0.0
2473 silly placeDep ROOT picomatch@2.3.1 OK for: anymatch@3.1.3 want: ^2.0.4
2474 silly placeDep ROOT bser@2.1.1 OK for: fb-watchman@2.0.2 want: 2.1.1
2475 silly fetch manifest node-int64@^0.4.0
2476 silly packumentCache full:https://registry.npmjs.org/node-int64 cache-miss
2477 http fetch GET 200 https://registry.npmjs.org/node-int64 79ms (cache revalidated)
2478 silly packumentCache full:https://registry.npmjs.org/node-int64 set size:11660 disposed:false
2479 silly placeDep ROOT node-int64@0.4.0 OK for: bser@2.1.1 want: ^0.4.0
2480 silly placeDep ROOT jest-diff@29.7.0 OK for: jest-matcher-utils@29.7.0 want: ^29.7.0
2481 silly fetch manifest diff-sequences@^29.6.3
2482 silly packumentCache full:https://registry.npmjs.org/diff-sequences cache-miss
2483 http fetch GET 200 https://registry.npmjs.org/diff-sequences 428ms (cache miss)
2484 silly packumentCache full:https://registry.npmjs.org/diff-sequences set size:undefined disposed:false
2485 silly placeDep ROOT diff-sequences@29.6.3 OK for: jest-diff@29.7.0 want: ^29.6.3
2486 silly placeDep ROOT @types/stack-utils@2.0.3 OK for: jest-message-util@29.7.0 want: ^2.0.0
2487 silly fetch manifest jest-resolve@*
2488 silly packumentCache full:https://registry.npmjs.org/jest-resolve cache-miss
2489 http cache https://registry.npmjs.org/jest-resolve 5ms (cache hit)
2490 silly packumentCache full:https://registry.npmjs.org/jest-resolve set size:654149 disposed:false
2491 silly placeDep ROOT jest-pnp-resolver@1.2.3 OK for: jest-resolve@29.7.0 want: ^1.2.2
2492 silly placeDep ROOT resolve@1.22.11 OK for: jest-resolve@29.7.0 want: ^1.20.0
2493 silly placeDep ROOT resolve.exports@2.0.3 OK for: jest-resolve@29.7.0 want: ^2.0.0
2494 silly fetch manifest path-parse@^1.0.7
2495 silly packumentCache full:https://registry.npmjs.org/path-parse cache-miss
2496 silly fetch manifest is-core-module@^2.16.1
2497 silly packumentCache full:https://registry.npmjs.org/is-core-module cache-miss
2498 silly fetch manifest supports-preserve-symlinks-flag@^1.0.0
2499 silly packumentCache full:https://registry.npmjs.org/supports-preserve-symlinks-flag cache-miss
2500 http fetch GET 200 https://registry.npmjs.org/path-parse 86ms (cache revalidated)
2501 silly packumentCache full:https://registry.npmjs.org/path-parse set size:14523 disposed:false
2502 http fetch GET 200 https://registry.npmjs.org/is-core-module 95ms (cache revalidated)
2503 silly packumentCache full:https://registry.npmjs.org/is-core-module set size:71788 disposed:false
2504 http fetch GET 200 https://registry.npmjs.org/supports-preserve-symlinks-flag 113ms (cache revalidated)
2505 silly packumentCache full:https://registry.npmjs.org/supports-preserve-symlinks-flag set size:6802 disposed:false
2506 silly placeDep ROOT emittery@0.13.1 OK for: jest-runner@29.7.0 want: ^0.13.1
2507 silly placeDep ROOT jest-docblock@29.7.0 OK for: jest-runner@29.7.0 want: ^29.7.0
2508 silly placeDep ROOT jest-leak-detector@29.7.0 OK for: jest-runner@29.7.0 want: ^29.7.0
2509 silly placeDep ROOT source-map-support@0.5.13 OK for: jest-runner@29.7.0 want: 0.5.13
2510 silly fetch manifest detect-newline@^3.0.0
2511 silly packumentCache full:https://registry.npmjs.org/detect-newline cache-miss
2512 silly fetch manifest buffer-from@^1.0.0
2513 silly packumentCache full:https://registry.npmjs.org/buffer-from cache-miss
2514 silly fetch manifest source-map@^0.6.0
2515 silly packumentCache full:https://registry.npmjs.org/source-map cache-hit
2516 http fetch GET 200 https://registry.npmjs.org/buffer-from 94ms (cache revalidated)
2517 silly packumentCache full:https://registry.npmjs.org/buffer-from set size:15463 disposed:false
2518 http fetch GET 200 https://registry.npmjs.org/detect-newline 104ms (cache miss)
2519 silly packumentCache full:https://registry.npmjs.org/detect-newline set size:undefined disposed:false
2520 silly placeDep ROOT detect-newline@3.1.0 OK for: jest-docblock@29.7.0 want: ^3.0.0
2521 silly placeDep ROOT @jest/globals@29.7.0 OK for: jest-runtime@29.7.0 want: ^29.7.0
2522 silly placeDep ROOT @jest/source-map@29.6.3 OK for: jest-runtime@29.7.0 want: ^29.6.3
2523 silly placeDep ROOT cjs-module-lexer@1.4.3 OK for: jest-runtime@29.7.0 want: ^1.0.0
2524 silly placeDep ROOT strip-bom@4.0.0 OK for: jest-runtime@29.7.0 want: ^4.0.0
2525 silly fetch manifest callsites@^3.0.0
2526 silly packumentCache full:https://registry.npmjs.org/callsites cache-miss
2527 http fetch GET 200 https://registry.npmjs.org/callsites 88ms (cache revalidated)
2528 silly packumentCache full:https://registry.npmjs.org/callsites set size:21349 disposed:false
2529 silly placeDep ROOT callsites@3.1.0 OK for: @jest/source-map@29.6.3 want: ^3.0.0
2530 silly placeDep ROOT @babel/plugin-syntax-jsx@7.28.6 OK for: jest-snapshot@29.7.0 want: ^7.7.2
2531 silly placeDep ROOT @babel/plugin-syntax-typescript@7.28.6 OK for: jest-snapshot@29.7.0 want: ^7.7.2
2532 silly placeDep ROOT natural-compare@1.4.0 OK for: jest-snapshot@29.7.0 want: ^1.4.0
2533 silly placeDep node_modules/jest-validate camelcase@6.3.0 OK for: jest-validate@29.7.0 want: ^6.2.0
2534 silly placeDep ROOT leven@3.1.0 OK for: jest-validate@29.7.0 want: ^3.1.0
2535 silly placeDep node_modules/jest-worker supports-color@8.1.1 OK for: jest-worker@29.7.0 want: ^8.0.0
2536 silly placeDep ROOT argparse@1.0.10 OK for: js-yaml@3.14.2 want: ^1.0.7
2537 silly placeDep ROOT esprima@4.0.1 OK for: js-yaml@3.14.2 want: ^4.0.0
2538 silly fetch manifest sprintf-js@~1.0.2
2539 silly packumentCache full:https://registry.npmjs.org/sprintf-js cache-miss
2540 http fetch GET 200 https://registry.npmjs.org/sprintf-js 92ms (cache revalidated)
2541 silly packumentCache full:https://registry.npmjs.org/sprintf-js set size:20495 disposed:false
2542 silly placeDep ROOT sprintf-js@1.0.3 OK for: argparse@1.0.10 want: ~1.0.2
2543 silly placeDep ROOT bignumber.js@9.3.1 OK for: json-bigint@1.0.0 want: ^9.0.0
2544 silly placeDep ROOT jwa@2.0.1 OK for: jws@4.0.1 want: ^2.0.1
2545 silly fetch manifest buffer-equal-constant-time@^1.0.1
2546 silly packumentCache full:https://registry.npmjs.org/buffer-equal-constant-time cache-miss
2547 http fetch GET 200 https://registry.npmjs.org/buffer-equal-constant-time 485ms (cache revalidated)
2548 silly packumentCache full:https://registry.npmjs.org/buffer-equal-constant-time set size:4390 disposed:false
2549 silly placeDep ROOT buffer-equal-constant-time@1.0.1 OK for: jwa@2.0.1 want: ^1.0.1
2550 silly placeDep ROOT big.js@5.2.2 OK for: loader-utils@2.0.4 want: ^5.2.2
2551 silly placeDep ROOT emojis-list@3.0.0 OK for: loader-utils@2.0.4 want: ^3.0.0
2552 silly placeDep ROOT p-locate@4.1.0 OK for: locate-path@5.0.0 want: ^4.1.0
2553 silly fetch manifest p-limit@^2.2.0
2554 silly packumentCache full:https://registry.npmjs.org/p-limit cache-hit
2555 silly placeDep ROOT yallist@3.1.1 OK for: lru-cache@5.1.1 want: ^3.0.2
2556 silly placeDep ROOT fs-monkey@1.0.3 OK for: memfs@3.4.3 want: 1.0.3
2557 silly placeDep ROOT braces@3.0.3 OK for: micromatch@4.0.8 want: ^3.0.3
2558 silly fetch manifest fill-range@^7.1.1
2559 silly packumentCache full:https://registry.npmjs.org/fill-range cache-miss
2560 http fetch GET 200 https://registry.npmjs.org/fill-range 405ms (cache revalidated)
2561 silly packumentCache full:https://registry.npmjs.org/fill-range set size:90212 disposed:false
2562 silly placeDep ROOT fill-range@7.1.1 OK for: braces@3.0.3 want: ^7.1.1
2563 silly fetch manifest to-regex-range@^5.0.1
2564 silly packumentCache full:https://registry.npmjs.org/to-regex-range cache-miss
2565 http fetch GET 200 https://registry.npmjs.org/to-regex-range 90ms (cache revalidated)
2566 silly packumentCache full:https://registry.npmjs.org/to-regex-range set size:61569 disposed:false
2567 silly placeDep ROOT to-regex-range@5.0.1 OK for: fill-range@7.1.1 want: ^5.0.1
2568 silly fetch manifest is-number@^7.0.0
2569 silly packumentCache full:https://registry.npmjs.org/is-number cache-miss
2570 http fetch GET 200 https://registry.npmjs.org/is-number 137ms (cache revalidated)
2571 silly packumentCache full:https://registry.npmjs.org/is-number set size:36183 disposed:false
2572 silly placeDep ROOT mime-db@1.52.0 OK for: mime-types@2.1.35 want: 1.52.0
2573 silly placeDep ROOT brace-expansion@1.1.12 OK for: minimatch@3.1.5 want: ^1.1.7
2574 silly fetch manifest concat-map@0.0.1
2575 silly packumentCache full:https://registry.npmjs.org/concat-map cache-miss
2576 silly fetch manifest balanced-match@^1.0.0
2577 silly packumentCache full:https://registry.npmjs.org/balanced-match cache-miss
2578 http fetch GET 200 https://registry.npmjs.org/balanced-match 90ms (cache revalidated)
2579 silly packumentCache full:https://registry.npmjs.org/balanced-match set size:39082 disposed:false
2580 http fetch GET 200 https://registry.npmjs.org/concat-map 98ms (cache revalidated)
2581 silly packumentCache full:https://registry.npmjs.org/concat-map set size:9290 disposed:false
2582 silly placeDep ROOT balanced-match@1.0.2 OK for: brace-expansion@1.1.12 want: ^1.0.0
2583 silly placeDep ROOT concat-map@0.0.1 OK for: brace-expansion@1.1.12 want: 0.0.1
2584 silly placeDep ROOT msgpackr-extract@3.0.3 OK for: msgpackr@1.11.5 want: ^3.0.2
2585 silly fetch manifest node-gyp-build-optional-packages@5.2.2
2586 silly packumentCache full:https://registry.npmjs.org/node-gyp-build-optional-packages cache-miss
2587 silly fetch manifest @msgpackr-extract/msgpackr-extract-darwin-arm64@3.0.3
2588 silly packumentCache full:https://registry.npmjs.org/@msgpackr-extract%2fmsgpackr-extract-darwin-arm64 cache-miss
2589 silly fetch manifest @msgpackr-extract/msgpackr-extract-darwin-x64@3.0.3
2590 silly packumentCache full:https://registry.npmjs.org/@msgpackr-extract%2fmsgpackr-extract-darwin-x64 cache-miss
2591 silly fetch manifest @msgpackr-extract/msgpackr-extract-linux-arm@3.0.3
2592 silly packumentCache full:https://registry.npmjs.org/@msgpackr-extract%2fmsgpackr-extract-linux-arm cache-miss
2593 silly fetch manifest @msgpackr-extract/msgpackr-extract-linux-arm64@3.0.3
2594 silly packumentCache full:https://registry.npmjs.org/@msgpackr-extract%2fmsgpackr-extract-linux-arm64 cache-miss
2595 silly fetch manifest @msgpackr-extract/msgpackr-extract-linux-x64@3.0.3
2596 silly packumentCache full:https://registry.npmjs.org/@msgpackr-extract%2fmsgpackr-extract-linux-x64 cache-miss
2597 silly fetch manifest @msgpackr-extract/msgpackr-extract-win32-x64@3.0.3
2598 silly packumentCache full:https://registry.npmjs.org/@msgpackr-extract%2fmsgpackr-extract-win32-x64 cache-miss
2599 http fetch GET 200 https://registry.npmjs.org/node-gyp-build-optional-packages 100ms (cache miss)
2600 silly packumentCache full:https://registry.npmjs.org/node-gyp-build-optional-packages set size:undefined disposed:false
2601 http fetch GET 200 https://registry.npmjs.org/@msgpackr-extract%2fmsgpackr-extract-linux-arm 113ms (cache miss)
2602 silly packumentCache full:https://registry.npmjs.org/@msgpackr-extract%2fmsgpackr-extract-linux-arm set size:undefined disposed:false
2603 http fetch GET 200 https://registry.npmjs.org/@msgpackr-extract%2fmsgpackr-extract-darwin-x64 122ms (cache miss)
2604 silly packumentCache full:https://registry.npmjs.org/@msgpackr-extract%2fmsgpackr-extract-darwin-x64 set size:undefined disposed:false
2605 http fetch GET 200 https://registry.npmjs.org/@msgpackr-extract%2fmsgpackr-extract-darwin-arm64 327ms (cache miss)
2606 silly packumentCache full:https://registry.npmjs.org/@msgpackr-extract%2fmsgpackr-extract-darwin-arm64 set size:undefined disposed:false
2607 http fetch GET 200 https://registry.npmjs.org/@msgpackr-extract%2fmsgpackr-extract-linux-arm64 332ms (cache miss)
2608 silly packumentCache full:https://registry.npmjs.org/@msgpackr-extract%2fmsgpackr-extract-linux-arm64 set size:undefined disposed:false
2609 http fetch GET 200 https://registry.npmjs.org/@msgpackr-extract%2fmsgpackr-extract-linux-x64 343ms (cache miss)
2610 silly packumentCache full:https://registry.npmjs.org/@msgpackr-extract%2fmsgpackr-extract-linux-x64 set size:undefined disposed:false
2611 http fetch GET 200 https://registry.npmjs.org/@msgpackr-extract%2fmsgpackr-extract-win32-x64 675ms (cache miss)
2612 silly packumentCache full:https://registry.npmjs.org/@msgpackr-extract%2fmsgpackr-extract-win32-x64 set size:undefined disposed:false
2613 silly placeDep ROOT @msgpackr-extract/msgpackr-extract-darwin-arm64@3.0.3 OK for: msgpackr-extract@3.0.3 want: 3.0.3
2614 silly placeDep ROOT @msgpackr-extract/msgpackr-extract-darwin-x64@3.0.3 OK for: msgpackr-extract@3.0.3 want: 3.0.3
2615 silly placeDep ROOT @msgpackr-extract/msgpackr-extract-linux-arm@3.0.3 OK for: msgpackr-extract@3.0.3 want: 3.0.3
2616 silly placeDep ROOT @msgpackr-extract/msgpackr-extract-linux-arm64@3.0.3 OK for: msgpackr-extract@3.0.3 want: 3.0.3
2617 silly placeDep ROOT @msgpackr-extract/msgpackr-extract-linux-x64@3.0.3 OK for: msgpackr-extract@3.0.3 want: 3.0.3
2618 silly placeDep ROOT @msgpackr-extract/msgpackr-extract-win32-x64@3.0.3 OK for: msgpackr-extract@3.0.3 want: 3.0.3
2619 silly placeDep ROOT node-gyp-build-optional-packages@5.2.2 OK for: msgpackr-extract@3.0.3 want: 5.2.2
2620 silly fetch manifest detect-libc@^2.0.1
2621 silly packumentCache full:https://registry.npmjs.org/detect-libc cache-miss
2622 http fetch GET 200 https://registry.npmjs.org/detect-libc 86ms (cache revalidated)
2623 silly packumentCache full:https://registry.npmjs.org/detect-libc set size:47861 disposed:false
2624 silly placeDep ROOT @tokenizer/token@0.3.0 OK for: music-metadata@10.9.1 want: ^0.3.0
2625 silly placeDep node_modules/music-metadata debug@4.4.3 OK for: music-metadata@10.9.1 want: ^4.4.0
2626 silly placeDep ROOT file-type@19.6.0 OK for: music-metadata@10.9.1 want: ^19.6.0
2627 silly placeDep ROOT link@2.1.2 OK for: music-metadata@10.9.1 want: ^2.1.1
2628 silly placeDep ROOT media-typer@1.1.0 OK for: music-metadata@10.9.1 want: ^1.1.0
2629 silly placeDep ROOT strtok3@10.3.4 OK for: music-metadata@10.9.1 want: ^10.2.1
2630 silly placeDep ROOT token-types@6.1.2 OK for: music-metadata@10.9.1 want: ^6.0.0
2631 silly placeDep ROOT uint8array-extras@1.5.0 OK for: music-metadata@10.9.1 want: ^1.4.0
2632 silly fetch manifest strtok3@^9.0.1
2633 silly packumentCache full:https://registry.npmjs.org/strtok3 cache-miss
2634 silly fetch manifest get-stream@^9.0.1
2635 silly packumentCache full:https://registry.npmjs.org/get-stream cache-hit
2636 silly fetch manifest uint8array-extras@^1.3.0
2637 silly packumentCache full:https://registry.npmjs.org/uint8array-extras cache-miss
2638 silly fetch manifest @borewit/text-codec@^0.2.1
2639 silly packumentCache full:https://registry.npmjs.org/@borewit%2ftext-codec cache-miss
2640 silly fetch manifest ieee754@^1.2.1
2641 silly packumentCache full:https://registry.npmjs.org/ieee754 cache-miss
2642 http cache https://registry.npmjs.org/strtok3 5ms (cache hit)
2643 silly packumentCache full:https://registry.npmjs.org/strtok3 set size:409207 disposed:false
2644 http cache https://registry.npmjs.org/uint8array-extras 9ms (cache hit)
2645 silly packumentCache full:https://registry.npmjs.org/uint8array-extras set size:36606 disposed:false
2646 http fetch GET 200 https://registry.npmjs.org/ieee754 89ms (cache revalidated)
2647 silly packumentCache full:https://registry.npmjs.org/ieee754 set size:34910 disposed:false
2648 http fetch GET 200 https://registry.npmjs.org/@borewit%2ftext-codec 521ms (cache miss)
2649 silly packumentCache full:https://registry.npmjs.org/@borewit%2ftext-codec set size:undefined disposed:false
2650 silly placeDep node_modules/file-type get-stream@9.0.1 OK for: file-type@19.6.0 want: ^9.0.1
2651 silly placeDep node_modules/file-type strtok3@9.1.1 OK for: file-type@19.6.0 want: ^9.0.1
2652 silly fetch manifest @sec-ant/readable-stream@^0.4.1
2653 silly packumentCache full:https://registry.npmjs.org/@sec-ant%2freadable-stream cache-miss
2654 silly fetch manifest is-stream@^4.0.1
2655 silly packumentCache full:https://registry.npmjs.org/is-stream cache-hit
2656 silly fetch manifest peek-readable@^5.3.1
2657 silly packumentCache full:https://registry.npmjs.org/peek-readable cache-miss
2658 http fetch GET 200 https://registry.npmjs.org/peek-readable 103ms (cache miss)
2659 silly packumentCache full:https://registry.npmjs.org/peek-readable set size:undefined disposed:false
2660 http fetch GET 200 https://registry.npmjs.org/@sec-ant%2freadable-stream 651ms (cache miss)
2661 silly packumentCache full:https://registry.npmjs.org/@sec-ant%2freadable-stream set size:undefined disposed:false
2662 silly placeDep ROOT whatwg-url@5.0.0 OK for: node-fetch@2.7.0 want: ^5.0.0
2663 silly fetch manifest tr46@~0.0.3
2664 silly packumentCache full:https://registry.npmjs.org/tr46 cache-miss
2665 silly fetch manifest webidl-conversions@^3.0.0
2666 silly packumentCache full:https://registry.npmjs.org/webidl-conversions cache-miss
2667 http fetch GET 200 https://registry.npmjs.org/tr46 89ms (cache revalidated)
2668 silly packumentCache full:https://registry.npmjs.org/tr46 set size:47377 disposed:false
2669 http fetch GET 200 https://registry.npmjs.org/webidl-conversions 98ms (cache revalidated)
2670 silly packumentCache full:https://registry.npmjs.org/webidl-conversions set size:46073 disposed:false
2671 silly placeDep ROOT detect-libc@2.1.2 OK for: node-gyp-build-optional-packages@5.2.2 want: ^2.0.1
2672 silly placeDep ROOT chokidar@3.6.0 OK for: nodemon@3.1.14 want: ^3.5.2
2673 silly placeDep node_modules/nodemon debug@4.4.3 OK for: nodemon@3.1.14 want: ^4
2674 silly placeDep ROOT ignore-by-default@1.0.1 OK for: nodemon@3.1.14 want: ^1.0.1
2675 silly placeDep node_modules/nodemon minimatch@10.2.4 OK for: nodemon@3.1.14 want: ^10.2.1
2676 silly placeDep ROOT pstree.remy@1.1.8 OK for: nodemon@3.1.14 want: ^1.1.8
2677 silly placeDep ROOT simple-update-notifier@2.0.0 OK for: nodemon@3.1.14 want: ^2.0.0
2678 silly placeDep node_modules/nodemon supports-color@5.5.0 OK for: nodemon@3.1.14 want: ^5.5.0
2679 silly placeDep ROOT touch@3.1.1 OK for: nodemon@3.1.14 want: ^3.1.0
2680 silly placeDep ROOT undefsafe@2.0.5 OK for: nodemon@3.1.14 want: ^2.0.5
2681 silly fetch manifest is-glob@~4.0.1
2682 silly packumentCache full:https://registry.npmjs.org/is-glob cache-miss
2683 silly fetch manifest readdirp@~3.6.0
2684 silly packumentCache full:https://registry.npmjs.org/readdirp cache-miss
2685 silly fetch manifest glob-parent@~5.1.2
2686 silly packumentCache full:https://registry.npmjs.org/glob-parent cache-miss
2687 silly fetch manifest is-binary-path@~2.1.0
2688 silly packumentCache full:https://registry.npmjs.org/is-binary-path cache-miss
2689 silly fetch manifest brace-expansion@^5.0.2
2690 silly packumentCache full:https://registry.npmjs.org/brace-expansion cache-hit
2691 silly fetch manifest has-flag@^3.0.0
2692 silly packumentCache full:https://registry.npmjs.org/has-flag cache-hit
2693 http fetch GET 200 https://registry.npmjs.org/glob-parent 83ms (cache revalidated)
2694 silly packumentCache full:https://registry.npmjs.org/glob-parent set size:42445 disposed:false
2695 http fetch GET 200 https://registry.npmjs.org/is-glob 89ms (cache revalidated)
2696 silly packumentCache full:https://registry.npmjs.org/is-glob set size:40530 disposed:false
2697 http fetch GET 200 https://registry.npmjs.org/is-binary-path 90ms (cache miss)
2698 silly packumentCache full:https://registry.npmjs.org/is-binary-path set size:undefined disposed:false
2699 http fetch GET 200 https://registry.npmjs.org/readdirp 114ms (cache revalidated)
2700 silly packumentCache full:https://registry.npmjs.org/readdirp set size:107589 disposed:false
2701 silly placeDep ROOT glob-parent@5.1.2 OK for: chokidar@3.6.0 want: ~5.1.2
2702 silly placeDep ROOT is-binary-path@2.1.0 OK for: chokidar@3.6.0 want: ~2.1.0
2703 silly placeDep ROOT is-glob@4.0.3 OK for: chokidar@3.6.0 want: ~4.0.1
2704 silly placeDep ROOT readdirp@3.6.0 OK for: chokidar@3.6.0 want: ~3.6.0
2705 silly fetch manifest is-glob@^4.0.1
2706 silly packumentCache full:https://registry.npmjs.org/is-glob cache-hit
2707 silly fetch manifest binary-extensions@^2.0.0
2708 silly packumentCache full:https://registry.npmjs.org/binary-extensions cache-miss
2709 silly fetch manifest is-extglob@^2.1.1
2710 silly packumentCache full:https://registry.npmjs.org/is-extglob cache-miss
2711 http fetch GET 200 https://registry.npmjs.org/is-extglob 98ms (cache revalidated)
2712 silly packumentCache full:https://registry.npmjs.org/is-extglob set size:11766 disposed:false
2713 http fetch GET 200 https://registry.npmjs.org/binary-extensions 99ms (cache miss)
2714 silly packumentCache full:https://registry.npmjs.org/binary-extensions set size:undefined disposed:false
2715 silly placeDep ROOT binary-extensions@2.3.0 OK for: is-binary-path@2.1.0 want: ^2.0.0
2716 silly placeDep ROOT is-extglob@2.1.1 OK for: is-glob@4.0.3 want: ^2.1.1
2717 silly placeDep ROOT ee-first@1.1.1 OK for: on-finished@2.4.1 want: 1.1.1
2718 silly placeDep ROOT mimic-fn@2.1.0 OK for: onetime@5.1.2 want: ^2.1.0
2719 silly placeDep ROOT define-lazy-prop@2.0.0 OK for: open@8.4.2 want: ^2.0.0
2720 silly placeDep ROOT is-docker@2.2.1 OK for: open@8.4.2 want: ^2.1.1
2721 silly placeDep ROOT is-wsl@2.2.0 OK for: open@8.4.2 want: ^2.2.0
2722 silly placeDep ROOT yocto-queue@0.1.0 OK for: p-limit@3.1.0 want: ^0.1.0
2723 silly placeDep node_modules/p-locate p-limit@2.3.0 OK for: p-locate@4.1.0 want: ^2.2.0
2724 silly fetch manifest p-try@^2.0.0
2725 silly packumentCache full:https://registry.npmjs.org/p-try cache-miss
2726 http fetch GET 200 https://registry.npmjs.org/p-try 87ms (cache revalidated)
2727 silly packumentCache full:https://registry.npmjs.org/p-try set size:13014 disposed:false
2728 silly placeDep ROOT error-ex@1.3.4 OK for: parse-json@5.2.0 want: ^1.3.1
2729 silly placeDep ROOT json-parse-even-better-errors@2.3.1 OK for: parse-json@5.2.0 want: ^2.3.0
2730 silly placeDep ROOT lines-and-columns@1.2.4 OK for: parse-json@5.2.0 want: ^1.1.6
2731 silly fetch manifest is-arrayish@^0.2.1
2732 silly packumentCache full:https://registry.npmjs.org/is-arrayish cache-miss
2733 http fetch GET 200 https://registry.npmjs.org/is-arrayish 93ms (cache revalidated)
2734 silly packumentCache full:https://registry.npmjs.org/is-arrayish set size:15371 disposed:false
2735 silly placeDep ROOT is-arrayish@0.2.1 OK for: error-ex@1.3.4 want: ^0.2.1
2736 silly placeDep ROOT nanoid@3.3.11 OK for: postcss@8.5.8 want: ^3.3.11
2737 silly placeDep ROOT source-map-js@1.2.1 OK for: postcss@8.5.8 want: ^1.2.1
2738 silly placeDep ROOT postcss-selector-parser@7.1.1 OK for: postcss-modules-local-by-default@4.2.0 want: ^7.0.0
2739 silly fetch manifest cssesc@^3.0.0
2740 silly packumentCache full:https://registry.npmjs.org/cssesc cache-miss
2741 silly fetch manifest util-deprecate@^1.0.2
2742 silly packumentCache full:https://registry.npmjs.org/util-deprecate cache-hit
2743 http fetch GET 200 https://registry.npmjs.org/cssesc 89ms (cache revalidated)
2744 silly packumentCache full:https://registry.npmjs.org/cssesc set size:18815 disposed:false
2745 silly placeDep ROOT cssesc@3.0.0 OK for: postcss-selector-parser@7.1.1 want: ^3.0.0
2746 silly placeDep ROOT util-deprecate@1.0.2 OK for: postcss-selector-parser@7.1.1 want: ^1.0.2
2747 silly placeDep node_modules/pretty-format ansi-styles@5.2.0 OK for: pretty-format@29.7.0 want: ^5.0.0
2748 silly placeDep ROOT react-is@18.3.1 OK for: pretty-format@29.7.0 want: ^18.0.0
2749 silly placeDep ROOT kleur@3.0.3 OK for: prompts@2.4.2 want: ^3.0.3
2750 silly placeDep ROOT sisteransi@1.0.5 OK for: prompts@2.4.2 want: ^1.0.5
2751 silly placeDep ROOT @protobufjs/aspromise@1.1.2 OK for: protobufjs@7.5.4 want: ^1.1.2
2752 silly placeDep ROOT @protobufjs/base64@1.1.2 OK for: protobufjs@7.5.4 want: ^1.1.2
2753 silly placeDep ROOT @protobufjs/codegen@2.0.4 OK for: protobufjs@7.5.4 want: ^2.0.4
2754 silly placeDep ROOT @protobufjs/eventemitter@1.1.0 OK for: protobufjs@7.5.4 want: ^1.1.0
2755 silly placeDep ROOT @protobufjs/fetch@1.1.0 OK for: protobufjs@7.5.4 want: ^1.1.0
2756 silly placeDep ROOT @protobufjs/float@1.0.2 OK for: protobufjs@7.5.4 want: ^1.0.2
2757 silly placeDep ROOT @protobufjs/inquire@1.1.0 OK for: protobufjs@7.5.4 want: ^1.1.0
2758 silly placeDep ROOT @protobufjs/path@1.1.2 OK for: protobufjs@7.5.4 want: ^1.1.2
2759 silly placeDep ROOT @protobufjs/pool@1.1.0 OK for: protobufjs@7.5.4 want: ^1.1.0
2760 silly placeDep ROOT @protobufjs/utf8@1.1.0 OK for: protobufjs@7.5.4 want: ^1.1.0
2761 silly placeDep ROOT forwarded@0.2.0 OK for: proxy-addr@2.0.7 want: 0.2.0
2762 silly placeDep ROOT ipaddr.js@1.9.1 OK for: proxy-addr@2.0.7 want: 1.9.1
2763 silly placeDep ROOT side-channel@1.1.0 OK for: qs@6.14.2 want: ^1.1.0
2764 silly fetch manifest es-errors@^1.3.0
2765 silly packumentCache full:https://registry.npmjs.org/es-errors cache-miss
2766 silly fetch manifest object-inspect@^1.13.3
2767 silly packumentCache full:https://registry.npmjs.org/object-inspect cache-miss
2768 silly fetch manifest side-channel-list@^1.0.0
2769 silly packumentCache full:https://registry.npmjs.org/side-channel-list cache-miss
2770 silly fetch manifest side-channel-map@^1.0.1
2771 silly packumentCache full:https://registry.npmjs.org/side-channel-map cache-miss
2772 silly fetch manifest side-channel-weakmap@^1.0.2
2773 silly packumentCache full:https://registry.npmjs.org/side-channel-weakmap cache-miss
2774 http cache https://registry.npmjs.org/es-errors 6ms (cache hit)
2775 silly packumentCache full:https://registry.npmjs.org/es-errors set size:16918 disposed:false
2776 http fetch GET 200 https://registry.npmjs.org/side-channel-weakmap 80ms (cache revalidated)
2777 silly packumentCache full:https://registry.npmjs.org/side-channel-weakmap set size:12620 disposed:false
2778 http fetch GET 200 https://registry.npmjs.org/object-inspect 84ms (cache revalidated)
2779 silly packumentCache full:https://registry.npmjs.org/object-inspect set size:101912 disposed:false
2780 http fetch GET 200 https://registry.npmjs.org/side-channel-map 90ms (cache revalidated)
2781 silly packumentCache full:https://registry.npmjs.org/side-channel-map set size:9126 disposed:false
2782 http fetch GET 200 https://registry.npmjs.org/side-channel-list 90ms (cache revalidated)
2783 silly packumentCache full:https://registry.npmjs.org/side-channel-list set size:6005 disposed:false
2784 silly placeDep ROOT scheduler@0.27.0 OK for: react-dom@19.2.4 want: ^0.27.0
2785 silly placeDep ROOT string_decoder@1.3.0 OK for: readable-stream@3.6.2 want: ^1.1.1
2786 silly placeDep ROOT is-core-module@2.16.1 OK for: resolve@1.22.11 want: ^2.16.1
2787 silly placeDep ROOT path-parse@1.0.7 OK for: resolve@1.22.11 want: ^1.0.7
2788 silly placeDep ROOT supports-preserve-symlinks-flag@1.0.0 OK for: resolve@1.22.11 want: ^1.0.0
2789 silly fetch manifest hasown@^2.0.2
2790 silly packumentCache full:https://registry.npmjs.org/hasown cache-miss
2791 http cache https://registry.npmjs.org/hasown 2ms (cache hit)
2792 silly packumentCache full:https://registry.npmjs.org/hasown set size:12476 disposed:false
2793 silly placeDep ROOT hasown@2.0.2 OK for: is-core-module@2.16.1 want: ^2.0.2
2794 silly fetch manifest function-bind@^1.1.2
2795 silly packumentCache full:https://registry.npmjs.org/function-bind cache-miss
2796 http cache https://registry.npmjs.org/function-bind 2ms (cache hit)
2797 silly packumentCache full:https://registry.npmjs.org/function-bind set size:15733 disposed:false
2798 silly placeDep ROOT function-bind@1.1.2 OK for: hasown@2.0.2 want: ^1.1.2
2799 silly placeDep ROOT @types/request@2.48.13 OK for: retry-request@7.0.2 want: ^2.48.8
2800 silly placeDep ROOT teeny-request@9.0.0 OK for: retry-request@7.0.2 want: ^9.0.0
2801 silly fetch manifest form-data@^2.5.5
2802 silly packumentCache full:https://registry.npmjs.org/form-data cache-miss
2803 silly fetch manifest @types/caseless@*
2804 silly packumentCache full:https://registry.npmjs.org/@types%2fcaseless cache-miss
2805 silly fetch manifest @types/tough-cookie@*
2806 silly packumentCache full:https://registry.npmjs.org/@types%2ftough-cookie cache-miss
2807 silly fetch manifest uuid@^9.0.0
2808 silly packumentCache full:https://registry.npmjs.org/uuid cache-hit
2809 silly fetch manifest stream-events@^1.0.5
2810 silly packumentCache full:https://registry.npmjs.org/stream-events cache-miss
2811 silly fetch manifest http-proxy-agent@^5.0.0
2812 silly packumentCache full:https://registry.npmjs.org/http-proxy-agent cache-miss
2813 silly fetch manifest https-proxy-agent@^5.0.0
2814 silly packumentCache full:https://registry.npmjs.org/https-proxy-agent cache-hit
2815 http cache https://registry.npmjs.org/form-data 5ms (cache hit)
2816 silly packumentCache full:https://registry.npmjs.org/form-data set size:153646 disposed:false
2817 http fetch GET 200 https://registry.npmjs.org/http-proxy-agent 81ms (cache revalidated)
2818 silly packumentCache full:https://registry.npmjs.org/http-proxy-agent set size:50096 disposed:false
2819 http fetch GET 200 https://registry.npmjs.org/stream-events 93ms (cache revalidated)
2820 silly packumentCache full:https://registry.npmjs.org/stream-events set size:12460 disposed:false
2821 http fetch GET 200 https://registry.npmjs.org/@types%2fcaseless 99ms (cache miss)
2822 silly packumentCache full:https://registry.npmjs.org/@types%2fcaseless set size:undefined disposed:false
2823 http fetch GET 200 https://registry.npmjs.org/@types%2ftough-cookie 100ms (cache miss)
2824 silly packumentCache full:https://registry.npmjs.org/@types%2ftough-cookie set size:undefined disposed:false
2825 silly placeDep ROOT @types/caseless@0.12.5 OK for: @types/request@2.48.13 want: *
2826 silly placeDep ROOT @types/tough-cookie@4.0.5 OK for: @types/request@2.48.13 want: *
2827 silly placeDep ROOT form-data@2.5.5 OK for: @types/request@2.48.13 want: ^2.5.5
2828 silly fetch manifest asynckit@^0.4.0
2829 silly packumentCache full:https://registry.npmjs.org/asynckit cache-miss
2830 silly fetch manifest combined-stream@^1.0.8
2831 silly packumentCache full:https://registry.npmjs.org/combined-stream cache-miss
2832 silly fetch manifest es-set-tostringtag@^2.1.0
2833 silly packumentCache full:https://registry.npmjs.org/es-set-tostringtag cache-miss
2834 http cache https://registry.npmjs.org/es-set-tostringtag 3ms (cache hit)
2835 silly packumentCache full:https://registry.npmjs.org/es-set-tostringtag set size:22094 disposed:false
2836 http cache https://registry.npmjs.org/asynckit 3ms (cache hit)
2837 silly packumentCache full:https://registry.npmjs.org/asynckit set size:18932 disposed:false
2838 http cache https://registry.npmjs.org/combined-stream 4ms (cache hit)
2839 silly packumentCache full:https://registry.npmjs.org/combined-stream set size:40337 disposed:false
2840 silly placeDep ROOT asynckit@0.4.0 OK for: form-data@2.5.5 want: ^0.4.0
2841 silly placeDep ROOT combined-stream@1.0.8 OK for: form-data@2.5.5 want: ^1.0.8
2842 silly placeDep ROOT es-set-tostringtag@2.1.0 OK for: form-data@2.5.5 want: ^2.1.0
2843 silly fetch manifest delayed-stream@~1.0.0
2844 silly packumentCache full:https://registry.npmjs.org/delayed-stream cache-miss
2845 silly fetch manifest get-intrinsic@^1.2.6
2846 silly packumentCache full:https://registry.npmjs.org/get-intrinsic cache-miss
2847 silly fetch manifest has-tostringtag@^1.0.2
2848 silly packumentCache full:https://registry.npmjs.org/has-tostringtag cache-miss
2849 http cache https://registry.npmjs.org/get-intrinsic 2ms (cache hit)
2850 silly packumentCache full:https://registry.npmjs.org/get-intrinsic set size:60985 disposed:false
2851 http cache https://registry.npmjs.org/delayed-stream 3ms (cache hit)
2852 silly packumentCache full:https://registry.npmjs.org/delayed-stream set size:15820 disposed:false
2853 http cache https://registry.npmjs.org/has-tostringtag 4ms (cache hit)
2854 silly packumentCache full:https://registry.npmjs.org/has-tostringtag set size:13945 disposed:false
2855 silly placeDep ROOT delayed-stream@1.0.0 OK for: combined-stream@1.0.8 want: ~1.0.0
2856 silly placeDep ROOT es-errors@1.3.0 OK for: es-set-tostringtag@2.1.0 want: ^1.3.0
2857 silly placeDep ROOT get-intrinsic@1.3.0 OK for: es-set-tostringtag@2.1.0 want: ^1.2.6
2858 silly placeDep ROOT has-tostringtag@1.0.2 OK for: es-set-tostringtag@2.1.0 want: ^1.0.2
2859 silly fetch manifest gopd@^1.2.0
2860 silly packumentCache full:https://registry.npmjs.org/gopd cache-miss
2861 silly fetch manifest get-proto@^1.0.1
2862 silly packumentCache full:https://registry.npmjs.org/get-proto cache-miss
2863 silly fetch manifest has-symbols@^1.1.0
2864 silly packumentCache full:https://registry.npmjs.org/has-symbols cache-miss
2865 silly fetch manifest es-object-atoms@^1.1.1
2866 silly packumentCache full:https://registry.npmjs.org/es-object-atoms cache-miss
2867 silly fetch manifest math-intrinsics@^1.1.0
2868 silly packumentCache full:https://registry.npmjs.org/math-intrinsics cache-miss
2869 silly fetch manifest es-define-property@^1.0.1
2870 silly packumentCache full:https://registry.npmjs.org/es-define-property cache-miss
2871 silly fetch manifest call-bind-apply-helpers@^1.0.2
2872 silly packumentCache full:https://registry.npmjs.org/call-bind-apply-helpers cache-miss
2873 http cache https://registry.npmjs.org/gopd 4ms (cache hit)
2874 silly packumentCache full:https://registry.npmjs.org/gopd set size:11458 disposed:false
2875 silly fetch manifest has-symbols@^1.0.3
2876 silly packumentCache full:https://registry.npmjs.org/has-symbols cache-miss
2877 http cache https://registry.npmjs.org/has-symbols 5ms (cache hit)
2878 silly packumentCache full:https://registry.npmjs.org/has-symbols set size:21550 disposed:false
2879 http cache https://registry.npmjs.org/es-object-atoms 6ms (cache hit)
2880 silly packumentCache full:https://registry.npmjs.org/es-object-atoms set size:15304 disposed:false
2881 http cache https://registry.npmjs.org/get-proto 6ms (cache hit)
2882 silly packumentCache full:https://registry.npmjs.org/get-proto set size:8300 disposed:false
2883 http cache https://registry.npmjs.org/math-intrinsics 7ms (cache hit)
2884 silly packumentCache full:https://registry.npmjs.org/math-intrinsics set size:9265 disposed:false
2885 http cache https://registry.npmjs.org/es-define-property 7ms (cache hit)
2886 silly packumentCache full:https://registry.npmjs.org/es-define-property set size:8542 disposed:false
2887 http cache https://registry.npmjs.org/call-bind-apply-helpers 8ms (cache hit)
2888 silly packumentCache full:https://registry.npmjs.org/call-bind-apply-helpers set size:12744 disposed:false
2889 http cache https://registry.npmjs.org/has-symbols 3ms (cache hit)
2890 silly packumentCache full:https://registry.npmjs.org/has-symbols set size:21550 disposed:false
2891 silly packumentCache full:https://registry.npmjs.org/has-symbols dispose
2892 silly placeDep ROOT call-bind-apply-helpers@1.0.2 OK for: get-intrinsic@1.3.0 want: ^1.0.2
2893 silly placeDep ROOT es-define-property@1.0.1 OK for: get-intrinsic@1.3.0 want: ^1.0.1
2894 silly placeDep ROOT es-object-atoms@1.1.1 OK for: get-intrinsic@1.3.0 want: ^1.1.1
2895 silly placeDep ROOT get-proto@1.0.1 OK for: get-intrinsic@1.3.0 want: ^1.0.1
2896 silly placeDep ROOT gopd@1.2.0 OK for: get-intrinsic@1.3.0 want: ^1.2.0
2897 silly placeDep ROOT has-symbols@1.1.0 OK for: get-intrinsic@1.3.0 want: ^1.1.0
2898 silly placeDep ROOT math-intrinsics@1.1.0 OK for: get-intrinsic@1.3.0 want: ^1.1.0
2899 silly fetch manifest dunder-proto@^1.0.1
2900 silly packumentCache full:https://registry.npmjs.org/dunder-proto cache-miss
2901 http cache https://registry.npmjs.org/dunder-proto 1ms (cache hit)
2902 silly packumentCache full:https://registry.npmjs.org/dunder-proto set size:8256 disposed:false
2903 silly placeDep ROOT dunder-proto@1.0.1 OK for: get-proto@1.0.1 want: ^1.0.1
2904 silly placeDep ROOT @types/json-schema@7.0.15 OK for: schema-utils@3.3.0 want: ^7.0.8
2905 silly placeDep ROOT ajv@6.14.0 OK for: schema-utils@3.3.0 want: ^6.12.5
2906 silly placeDep ROOT ajv-keywords@3.5.2 OK for: schema-utils@3.3.0 want: ^3.5.2
2907 silly fetch manifest fast-deep-equal@^3.1.1
2908 silly packumentCache full:https://registry.npmjs.org/fast-deep-equal cache-miss
2909 silly fetch manifest json-schema-traverse@^0.4.1
2910 silly packumentCache full:https://registry.npmjs.org/json-schema-traverse cache-miss
2911 silly fetch manifest uri-js@^4.2.2
2912 silly packumentCache full:https://registry.npmjs.org/uri-js cache-miss
2913 http fetch GET 200 https://registry.npmjs.org/fast-deep-equal 97ms (cache revalidated)
2914 silly packumentCache full:https://registry.npmjs.org/fast-deep-equal set size:48634 disposed:false
2915 http fetch GET 200 https://registry.npmjs.org/uri-js 101ms (cache revalidated)
2916 silly packumentCache full:https://registry.npmjs.org/uri-js set size:42559 disposed:false
2917 http fetch GET 200 https://registry.npmjs.org/json-schema-traverse 102ms (cache revalidated)
2918 silly packumentCache full:https://registry.npmjs.org/json-schema-traverse set size:23537 disposed:false
2919 silly placeDep ROOT fast-deep-equal@3.1.3 OK for: ajv@6.14.0 want: ^3.1.1
2920 silly placeDep ROOT json-schema-traverse@0.4.1 OK for: ajv@6.14.0 want: ^0.4.1
2921 silly placeDep ROOT uri-js@4.4.1 OK for: ajv@6.14.0 want: ^4.2.2
2922 silly fetch manifest punycode@^2.1.0
2923 silly packumentCache full:https://registry.npmjs.org/punycode cache-miss
2924 http fetch GET 200 https://registry.npmjs.org/punycode 103ms (cache revalidated)
2925 silly packumentCache full:https://registry.npmjs.org/punycode set size:61302 disposed:false
2926 silly placeDep node_modules/semver lru-cache@6.0.0 OK for: semver@7.5.3 want: ^6.0.0
2927 silly fetch manifest yallist@^4.0.0
2928 silly packumentCache full:https://registry.npmjs.org/yallist cache-hit
2929 silly placeDep ROOT mime@1.6.0 OK for: send@0.19.2 want: 1.6.0
2930 silly placeDep node_modules/send ms@2.1.3 OK for: send@0.19.2 want: 2.1.3
2931 silly placeDep ROOT shebang-regex@3.0.0 OK for: shebang-command@2.0.0 want: ^3.0.0
2932 silly placeDep ROOT object-inspect@1.13.4 OK for: side-channel@1.1.0 want: ^1.13.3
2933 silly placeDep ROOT side-channel-list@1.0.0 OK for: side-channel@1.1.0 want: ^1.0.0
2934 silly placeDep ROOT side-channel-map@1.0.1 OK for: side-channel@1.1.0 want: ^1.0.1
2935 silly placeDep ROOT side-channel-weakmap@1.0.2 OK for: side-channel@1.1.0 want: ^1.0.2
2936 silly fetch manifest call-bound@^1.0.2
2937 silly packumentCache full:https://registry.npmjs.org/call-bound cache-miss
2938 silly fetch manifest call-bound@^1.0.2
2939 silly packumentCache full:https://registry.npmjs.org/call-bound cache-miss
2940 http fetch GET 200 https://registry.npmjs.org/call-bound 88ms (cache revalidated)
2941 silly packumentCache full:https://registry.npmjs.org/call-bound set size:15317 disposed:false
2942 http fetch GET 200 https://registry.npmjs.org/call-bound 108ms (cache revalidated)
2943 silly packumentCache full:https://registry.npmjs.org/call-bound set size:15317 disposed:false
2944 silly packumentCache full:https://registry.npmjs.org/call-bound dispose
2945 silly placeDep ROOT call-bound@1.0.4 OK for: side-channel-map@1.0.1 want: ^1.0.2
2946 silly placeDep ROOT buffer-from@1.1.2 OK for: source-map-support@0.5.13 want: ^1.0.0
2947 silly placeDep node_modules/source-map-support source-map@0.6.1 OK for: source-map-support@0.5.13 want: ^0.6.0
2948 silly placeDep ROOT escape-string-regexp@2.0.0 OK for: stack-utils@2.0.6 want: ^2.0.0
2949 silly placeDep ROOT char-regex@1.0.2 OK for: string-length@4.0.2 want: ^1.0.2
2950 silly placeDep ROOT ansi-regex@5.0.1 OK for: strip-ansi@6.0.1 want: ^5.0.1
2951 silly placeDep ROOT has-flag@4.0.0 OK for: supports-color@7.2.0 want: ^4.0.0
2952 silly placeDep ROOT http-proxy-agent@5.0.0 OK for: teeny-request@9.0.0 want: ^5.0.0
2953 silly placeDep node_modules/teeny-request https-proxy-agent@5.0.1 OK for: teeny-request@9.0.0 want: ^5.0.0
2954 silly placeDep ROOT stream-events@1.0.5 OK for: teeny-request@9.0.0 want: ^1.0.5
2955 silly placeDep node_modules/teeny-request uuid@9.0.1 OK for: teeny-request@9.0.0 want: ^9.0.0
2956 silly fetch manifest @tootallnate/once@2
2957 silly packumentCache full:https://registry.npmjs.org/@tootallnate%2fonce cache-miss
2958 silly fetch manifest agent-base@6
2959 silly packumentCache full:https://registry.npmjs.org/agent-base cache-hit
2960 silly fetch manifest agent-base@6
2961 silly packumentCache full:https://registry.npmjs.org/agent-base cache-hit
2962 silly fetch manifest stubs@^3.0.0
2963 silly packumentCache full:https://registry.npmjs.org/stubs cache-miss
2964 http fetch GET 200 https://registry.npmjs.org/stubs 99ms (cache revalidated)
2965 silly packumentCache full:https://registry.npmjs.org/stubs set size:9388 disposed:false
2966 http fetch GET 200 https://registry.npmjs.org/@tootallnate%2fonce 105ms (cache revalidated)
2967 silly packumentCache full:https://registry.npmjs.org/@tootallnate%2fonce set size:22363 disposed:false
2968 silly placeDep ROOT @tootallnate/once@2.0.0 OK for: http-proxy-agent@5.0.0 want: 2
2969 silly placeDep node_modules/http-proxy-agent agent-base@6.0.2 OK for: http-proxy-agent@5.0.0 want: 6
2970 silly placeDep node_modules/http-proxy-agent debug@4.4.3 OK for: http-proxy-agent@5.0.0 want: 4
2971 silly placeDep ROOT stubs@3.0.0 OK for: stream-events@1.0.5 want: ^3.0.0
2972 silly placeDep ROOT is-number@7.0.0 OK for: to-regex-range@5.0.1 want: ^7.0.0
2973 silly placeDep ROOT @borewit/text-codec@0.2.1 OK for: token-types@6.1.2 want: ^0.2.1
2974 silly placeDep ROOT ieee754@1.2.1 OK for: token-types@6.1.2 want: ^1.2.1
2975 silly placeDep node_modules/type-is media-typer@0.3.0 OK for: type-is@1.6.18 want: 0.3.0
2976 silly placeDep ROOT escalade@3.2.0 OK for: update-browserslist-db@1.2.3 want: ^3.2.0
2977 silly placeDep ROOT punycode@2.3.1 OK for: uri-js@4.4.1 want: ^2.1.0
2978 silly placeDep ROOT makeerror@1.0.12 OK for: walker@1.0.8 want: 1.0.12
2979 silly fetch manifest tmpl@1.0.5
2980 silly packumentCache full:https://registry.npmjs.org/tmpl cache-miss
2981 http fetch GET 200 https://registry.npmjs.org/tmpl 92ms (cache miss)
2982 silly packumentCache full:https://registry.npmjs.org/tmpl set size:undefined disposed:false
2983 silly placeDep ROOT tmpl@1.0.5 OK for: makeerror@1.0.12 want: 1.0.5
2984 silly fetch manifest webpack@^5.1.0
2985 silly packumentCache full:https://registry.npmjs.org/webpack cache-miss
2986 http cache https://registry.npmjs.org/webpack 11ms (cache hit)
2987 silly packumentCache full:https://registry.npmjs.org/webpack set size:4974505 disposed:false
2988 silly placeDep ROOT @types/eslint-scope@3.7.7 OK for: webpack@5.96.1 want: ^3.7.7
2989 silly placeDep ROOT @types/estree@1.0.8 OK for: webpack@5.96.1 want: ^1.0.6
2990 silly placeDep ROOT @webassemblyjs/ast@1.14.1 OK for: webpack@5.96.1 want: ^1.12.1
2991 silly placeDep ROOT @webassemblyjs/wasm-edit@1.14.1 OK for: webpack@5.96.1 want: ^1.12.1
2992 silly placeDep ROOT @webassemblyjs/wasm-parser@1.14.1 OK for: webpack@5.96.1 want: ^1.12.1
2993 silly placeDep ROOT acorn@8.16.0 OK for: webpack@5.96.1 want: ^8.14.0
2994 silly placeDep ROOT chrome-trace-event@1.0.4 OK for: webpack@5.96.1 want: ^1.0.2
2995 silly placeDep ROOT enhanced-resolve@5.20.0 OK for: webpack@5.96.1 want: ^5.17.1
2996 silly placeDep ROOT es-module-lexer@1.7.0 OK for: webpack@5.96.1 want: ^1.2.1
2997 silly placeDep ROOT eslint-scope@5.1.1 OK for: webpack@5.96.1 want: 5.1.1
2998 silly placeDep ROOT events@3.3.0 OK for: webpack@5.96.1 want: ^3.2.0
2999 silly placeDep ROOT glob-to-regexp@0.4.1 OK for: webpack@5.96.1 want: ^0.4.1
3000 silly placeDep ROOT loader-runner@4.3.1 OK for: webpack@5.96.1 want: ^4.2.0
3001 silly placeDep ROOT neo-async@2.6.2 OK for: webpack@5.96.1 want: ^2.6.2
3002 silly placeDep ROOT tapable@2.3.0 OK for: webpack@5.96.1 want: ^2.1.1
3003 silly placeDep ROOT terser-webpack-plugin@5.3.17 OK for: webpack@5.96.1 want: ^5.3.10
3004 silly placeDep ROOT watchpack@2.5.1 OK for: webpack@5.96.1 want: ^2.4.1
3005 silly placeDep ROOT webpack-sources@3.3.4 OK for: webpack@5.96.1 want: ^3.2.3
3006 silly fetch manifest @types/eslint@*
3007 silly packumentCache full:https://registry.npmjs.org/@types%2feslint cache-miss
3008 silly fetch manifest @types/estree@*
3009 silly packumentCache full:https://registry.npmjs.org/@types%2festree cache-hit
3010 silly fetch manifest @webassemblyjs/helper-numbers@1.13.2
3011 silly packumentCache full:https://registry.npmjs.org/@webassemblyjs%2fhelper-numbers cache-miss
3012 silly fetch manifest @webassemblyjs/helper-wasm-bytecode@1.13.2
3013 silly packumentCache full:https://registry.npmjs.org/@webassemblyjs%2fhelper-wasm-bytecode cache-miss
3014 silly fetch manifest @webassemblyjs/helper-buffer@1.14.1
3015 silly packumentCache full:https://registry.npmjs.org/@webassemblyjs%2fhelper-buffer cache-miss
3016 silly fetch manifest @webassemblyjs/helper-wasm-bytecode@1.13.2
3017 silly packumentCache full:https://registry.npmjs.org/@webassemblyjs%2fhelper-wasm-bytecode cache-miss
3018 silly fetch manifest @webassemblyjs/helper-wasm-section@1.14.1
3019 silly packumentCache full:https://registry.npmjs.org/@webassemblyjs%2fhelper-wasm-section cache-miss
3020 silly fetch manifest @webassemblyjs/wasm-gen@1.14.1
3021 silly packumentCache full:https://registry.npmjs.org/@webassemblyjs%2fwasm-gen cache-miss
3022 http fetch GET 200 https://registry.npmjs.org/@webassemblyjs%2fhelper-numbers 125ms (cache revalidated)
3023 silly packumentCache full:https://registry.npmjs.org/@webassemblyjs%2fhelper-numbers set size:23867 disposed:false
3024 silly fetch manifest @webassemblyjs/wasm-opt@1.14.1
3025 silly packumentCache full:https://registry.npmjs.org/@webassemblyjs%2fwasm-opt cache-miss
3026 http fetch GET 200 https://registry.npmjs.org/@types%2feslint 131ms (cache revalidated)
3027 silly packumentCache full:https://registry.npmjs.org/@types%2feslint set size:220085 disposed:false
3028 silly fetch manifest @webassemblyjs/wasm-parser@1.14.1
3029 silly packumentCache full:https://registry.npmjs.org/@webassemblyjs%2fwasm-parser cache-hit
3030 silly fetch manifest @webassemblyjs/wast-printer@1.14.1
3031 silly packumentCache full:https://registry.npmjs.org/@webassemblyjs%2fwast-printer cache-miss
3032 http fetch GET 200 https://registry.npmjs.org/@webassemblyjs%2fwasm-gen 136ms (cache revalidated)
3033 silly packumentCache full:https://registry.npmjs.org/@webassemblyjs%2fwasm-gen set size:187955 disposed:false
3034 silly fetch manifest @webassemblyjs/helper-api-error@1.13.2
3035 silly packumentCache full:https://registry.npmjs.org/@webassemblyjs%2fhelper-api-error cache-miss
3036 http fetch GET 200 https://registry.npmjs.org/@webassemblyjs%2fhelper-wasm-bytecode 139ms (cache revalidated)
3037 silly packumentCache full:https://registry.npmjs.org/@webassemblyjs%2fhelper-wasm-bytecode set size:179356 disposed:false
3038 silly fetch manifest @webassemblyjs/ieee754@1.13.2
3039 silly packumentCache full:https://registry.npmjs.org/@webassemblyjs%2fieee754 cache-miss
3040 http fetch GET 200 https://registry.npmjs.org/@webassemblyjs%2fhelper-wasm-bytecode 141ms (cache revalidated)
3041 silly packumentCache full:https://registry.npmjs.org/@webassemblyjs%2fhelper-wasm-bytecode set size:179356 disposed:false
3042 silly packumentCache full:https://registry.npmjs.org/@webassemblyjs%2fhelper-wasm-bytecode dispose
3043 silly fetch manifest @webassemblyjs/leb128@1.13.2
3044 silly packumentCache full:https://registry.npmjs.org/@webassemblyjs%2fleb128 cache-miss
3045 http fetch GET 200 https://registry.npmjs.org/@webassemblyjs%2fhelper-wasm-section 142ms (cache revalidated)
3046 silly packumentCache full:https://registry.npmjs.org/@webassemblyjs%2fhelper-wasm-section set size:191754 disposed:false
3047 silly fetch manifest @webassemblyjs/utf8@1.13.2
3048 silly packumentCache full:https://registry.npmjs.org/@webassemblyjs%2futf8 cache-miss
3049 http fetch GET 200 https://registry.npmjs.org/@webassemblyjs%2fhelper-buffer 143ms (cache revalidated)
3050 silly packumentCache full:https://registry.npmjs.org/@webassemblyjs%2fhelper-buffer set size:178406 disposed:false
3051 silly fetch manifest tapable@^2.3.0
3052 silly packumentCache full:https://registry.npmjs.org/tapable cache-hit
3053 silly fetch manifest esrecurse@^4.3.0
3054 silly packumentCache full:https://registry.npmjs.org/esrecurse cache-miss
3055 http fetch GET 200 https://registry.npmjs.org/@webassemblyjs%2fwasm-opt 81ms (cache revalidated)
3056 silly packumentCache full:https://registry.npmjs.org/@webassemblyjs%2fwasm-opt set size:150483 disposed:false
3057 silly fetch manifest estraverse@^4.1.1
3058 silly packumentCache full:https://registry.npmjs.org/estraverse cache-miss
3059 http fetch GET 200 https://registry.npmjs.org/@webassemblyjs%2fwast-printer 86ms (cache revalidated)
3060 silly packumentCache full:https://registry.npmjs.org/@webassemblyjs%2fwast-printer set size:193690 disposed:false
3061 silly fetch manifest jest-worker@^27.4.5
3062 silly packumentCache full:https://registry.npmjs.org/jest-worker cache-hit
3063 silly fetch manifest schema-utils@^4.3.0
3064 silly packumentCache full:https://registry.npmjs.org/schema-utils cache-hit
3065 silly fetch manifest terser@^5.31.1
3066 silly packumentCache full:https://registry.npmjs.org/terser cache-miss
3067 http fetch GET 200 https://registry.npmjs.org/esrecurse 79ms (cache revalidated)
3068 silly packumentCache full:https://registry.npmjs.org/esrecurse set size:29005 disposed:false
3069 http cache https://registry.npmjs.org/terser 4ms (cache hit)
3070 silly packumentCache full:https://registry.npmjs.org/terser set size:786629 disposed:false
3071 http fetch GET 200 https://registry.npmjs.org/@webassemblyjs%2fleb128 94ms (cache revalidated)
3072 silly packumentCache full:https://registry.npmjs.org/@webassemblyjs%2fleb128 set size:248474 disposed:false
3073 http fetch GET 200 https://registry.npmjs.org/@webassemblyjs%2futf8 97ms (cache revalidated)
3074 silly packumentCache full:https://registry.npmjs.org/@webassemblyjs%2futf8 set size:102359 disposed:false
3075 http fetch GET 200 https://registry.npmjs.org/@webassemblyjs%2fhelper-api-error 123ms (cache revalidated)
3076 silly packumentCache full:https://registry.npmjs.org/@webassemblyjs%2fhelper-api-error set size:103778 disposed:false
3077 http fetch GET 200 https://registry.npmjs.org/estraverse 83ms (cache revalidated)
3078 silly packumentCache full:https://registry.npmjs.org/estraverse set size:62412 disposed:false
3079 http fetch GET 200 https://registry.npmjs.org/@webassemblyjs%2fieee754 398ms (cache revalidated)
3080 silly packumentCache full:https://registry.npmjs.org/@webassemblyjs%2fieee754 set size:99475 disposed:false
3081 silly placeDep ROOT @types/eslint@9.6.1 OK for: @types/eslint-scope@3.7.7 want: *
3082 silly placeDep ROOT @webassemblyjs/helper-numbers@1.13.2 OK for: @webassemblyjs/ast@1.14.1 want: 1.13.2
3083 silly placeDep ROOT @webassemblyjs/helper-wasm-bytecode@1.13.2 OK for: @webassemblyjs/ast@1.14.1 want: 1.13.2
3084 silly fetch manifest @xtuc/long@4.2.2
3085 silly packumentCache full:https://registry.npmjs.org/@xtuc%2flong cache-miss
3086 silly fetch manifest @webassemblyjs/floating-point-hex-parser@1.13.2
3087 silly packumentCache full:https://registry.npmjs.org/@webassemblyjs%2ffloating-point-hex-parser cache-miss
3088 http fetch GET 200 https://registry.npmjs.org/@xtuc%2flong 101ms (cache revalidated)
3089 silly packumentCache full:https://registry.npmjs.org/@xtuc%2flong set size:23242 disposed:false
3090 http fetch GET 200 https://registry.npmjs.org/@webassemblyjs%2ffloating-point-hex-parser 116ms (cache revalidated)
3091 silly packumentCache full:https://registry.npmjs.org/@webassemblyjs%2ffloating-point-hex-parser set size:186097 disposed:false
3092 silly placeDep ROOT @webassemblyjs/floating-point-hex-parser@1.13.2 OK for: @webassemblyjs/helper-numbers@1.13.2 want: 1.13.2
3093 silly placeDep ROOT @webassemblyjs/helper-api-error@1.13.2 OK for: @webassemblyjs/helper-numbers@1.13.2 want: 1.13.2
3094 silly placeDep ROOT @xtuc/long@4.2.2 OK for: @webassemblyjs/helper-numbers@1.13.2 want: 4.2.2
3095 silly placeDep ROOT @webassemblyjs/helper-buffer@1.14.1 OK for: @webassemblyjs/wasm-edit@1.14.1 want: 1.14.1
3096 silly placeDep ROOT @webassemblyjs/helper-wasm-section@1.14.1 OK for: @webassemblyjs/wasm-edit@1.14.1 want: 1.14.1
3097 silly placeDep ROOT @webassemblyjs/wasm-gen@1.14.1 OK for: @webassemblyjs/wasm-edit@1.14.1 want: 1.14.1
3098 silly placeDep ROOT @webassemblyjs/wasm-opt@1.14.1 OK for: @webassemblyjs/wasm-edit@1.14.1 want: 1.14.1
3099 silly placeDep ROOT @webassemblyjs/wast-printer@1.14.1 OK for: @webassemblyjs/wasm-edit@1.14.1 want: 1.14.1
3100 silly placeDep ROOT @webassemblyjs/ieee754@1.13.2 OK for: @webassemblyjs/wasm-gen@1.14.1 want: 1.13.2
3101 silly placeDep ROOT @webassemblyjs/leb128@1.13.2 OK for: @webassemblyjs/wasm-gen@1.14.1 want: 1.13.2
3102 silly placeDep ROOT @webassemblyjs/utf8@1.13.2 OK for: @webassemblyjs/wasm-gen@1.14.1 want: 1.13.2
3103 silly fetch manifest @xtuc/ieee754@^1.2.0
3104 silly packumentCache full:https://registry.npmjs.org/@xtuc%2fieee754 cache-miss
3105 http fetch GET 200 https://registry.npmjs.org/@xtuc%2fieee754 112ms (cache revalidated)
3106 silly packumentCache full:https://registry.npmjs.org/@xtuc%2fieee754 set size:5495 disposed:false
3107 silly placeDep ROOT @xtuc/ieee754@1.2.0 OK for: @webassemblyjs/ieee754@1.13.2 want: ^1.2.0
3108 silly placeDep ROOT esrecurse@4.3.0 OK for: eslint-scope@5.1.1 want: ^4.3.0
3109 silly placeDep ROOT estraverse@4.3.0 OK for: eslint-scope@5.1.1 want: ^4.1.1
3110 silly fetch manifest estraverse@^5.2.0
3111 silly packumentCache full:https://registry.npmjs.org/estraverse cache-hit
3112 silly placeDep node_modules/esrecurse estraverse@5.3.0 OK for: esrecurse@4.3.0 want: ^5.2.0
3113 silly placeDep node_modules/terser-webpack-plugin jest-worker@27.5.1 OK for: terser-webpack-plugin@5.3.17 want: ^27.4.5
3114 silly placeDep node_modules/terser-webpack-plugin schema-utils@4.3.3 OK for: terser-webpack-plugin@5.3.17 want: ^4.3.0
3115 silly placeDep ROOT terser@5.46.0 OK for: terser-webpack-plugin@5.3.17 want: ^5.31.1
3116 silly fetch manifest ajv@^8.9.0
3117 silly packumentCache full:https://registry.npmjs.org/ajv cache-miss
3118 silly fetch manifest ajv-formats@^2.1.1
3119 silly packumentCache full:https://registry.npmjs.org/ajv-formats cache-miss
3120 silly fetch manifest ajv-keywords@^5.1.0
3121 silly packumentCache full:https://registry.npmjs.org/ajv-keywords cache-hit
3122 silly fetch manifest @jridgewell/source-map@^0.3.3
3123 silly packumentCache full:https://registry.npmjs.org/@jridgewell%2fsource-map cache-miss
3124 silly fetch manifest commander@^2.20.0
3125 silly packumentCache full:https://registry.npmjs.org/commander cache-miss
3126 silly fetch manifest source-map-support@~0.5.20
3127 silly packumentCache full:https://registry.npmjs.org/source-map-support cache-hit
3128 http cache https://registry.npmjs.org/ajv 7ms (cache hit)
3129 silly packumentCache full:https://registry.npmjs.org/ajv set size:1120197 disposed:false
3130 http fetch GET 200 https://registry.npmjs.org/commander 76ms (cache revalidated)
3131 silly packumentCache full:https://registry.npmjs.org/commander set size:306325 disposed:false
3132 http fetch GET 200 https://registry.npmjs.org/ajv-formats 90ms (cache revalidated)
3133 silly packumentCache full:https://registry.npmjs.org/ajv-formats set size:141264 disposed:false
3134 http fetch GET 200 https://registry.npmjs.org/@jridgewell%2fsource-map 106ms (cache revalidated)
3135 silly packumentCache full:https://registry.npmjs.org/@jridgewell%2fsource-map set size:45204 disposed:false
3136 silly placeDep ROOT @jridgewell/source-map@0.3.11 OK for: terser@5.46.0 want: ^0.3.3
3137 silly placeDep ROOT commander@2.20.3 OK for: terser@5.46.0 want: ^2.20.0
3138 silly placeDep node_modules/terser source-map-support@0.5.21 OK for: terser@5.46.0 want: ~0.5.20
3139 silly placeDep ROOT tr46@0.0.3 OK for: whatwg-url@5.0.0 want: ~0.0.3
3140 silly placeDep ROOT webidl-conversions@3.0.1 OK for: whatwg-url@5.0.0 want: ^3.0.0
3141 silly placeDep ROOT isexe@2.0.0 OK for: which@2.0.2 want: ^2.0.0
3142 silly placeDep ROOT imurmurhash@0.1.4 OK for: write-file-atomic@4.0.2 want: ^0.1.4
3143 silly placeDep ROOT cliui@8.0.1 OK for: yargs@17.7.2 want: ^8.0.1
3144 silly placeDep ROOT get-caller-file@2.0.5 OK for: yargs@17.7.2 want: ^2.0.5
3145 silly placeDep ROOT require-directory@2.1.1 OK for: yargs@17.7.2 want: ^2.1.1
3146 silly placeDep ROOT string-width@4.2.3 OK for: yargs@17.7.2 want: ^4.2.3
3147 silly placeDep ROOT y18n@5.0.8 OK for: yargs@17.7.2 want: ^5.0.5
3148 silly placeDep ROOT yargs-parser@21.1.1 OK for: yargs@17.7.2 want: ^21.1.1
3149 silly fetch manifest wrap-ansi@^7.0.0
3150 silly packumentCache full:https://registry.npmjs.org/wrap-ansi cache-miss
3151 silly fetch manifest string-width@^4.2.0
3152 silly packumentCache full:https://registry.npmjs.org/string-width cache-hit
3153 silly fetch manifest emoji-regex@^8.0.0
3154 silly packumentCache full:https://registry.npmjs.org/emoji-regex cache-miss
3155 silly fetch manifest is-fullwidth-code-point@^3.0.0
3156 silly packumentCache full:https://registry.npmjs.org/is-fullwidth-code-point cache-miss
3157 http fetch GET 200 https://registry.npmjs.org/emoji-regex 83ms (cache revalidated)
3158 silly packumentCache full:https://registry.npmjs.org/emoji-regex set size:89088 disposed:false
3159 http fetch GET 200 https://registry.npmjs.org/wrap-ansi 88ms (cache revalidated)
3160 silly packumentCache full:https://registry.npmjs.org/wrap-ansi set size:55299 disposed:false
3161 http fetch GET 200 https://registry.npmjs.org/is-fullwidth-code-point 92ms (cache revalidated)
3162 silly packumentCache full:https://registry.npmjs.org/is-fullwidth-code-point set size:14578 disposed:false
3163 silly placeDep ROOT wrap-ansi@7.0.0 OK for: cliui@8.0.1 want: ^7.0.0
3164 silly placeDep ROOT emoji-regex@8.0.0 OK for: string-width@4.2.3 want: ^8.0.0
3165 silly placeDep ROOT is-fullwidth-code-point@3.0.0 OK for: string-width@4.2.3 want: ^3.0.0
3166 silly placeDep ROOT buffer-crc32@0.2.13 OK for: yauzl@2.10.0 want: ~0.2.3
3167 silly placeDep ROOT fd-slicer@1.1.0 OK for: yauzl@2.10.0 want: ~1.1.0
3168 silly fetch manifest pend@~1.2.0
3169 silly packumentCache full:https://registry.npmjs.org/pend cache-miss
3170 http fetch GET 200 https://registry.npmjs.org/pend 78ms (cache revalidated)
3171 silly packumentCache full:https://registry.npmjs.org/pend set size:8066 disposed:false
3172 silly placeDep ROOT pend@1.2.0 OK for: fd-slicer@1.1.0 want: ~1.2.0
3173 silly placeDep node_modules/@babel/core ms@2.1.3 OK for: debug@4.4.3 want: ^2.1.3
3174 silly placeDep node_modules/@babel/traverse ms@2.1.3 OK for: debug@4.4.3 want: ^2.1.3
3175 silly placeDep node_modules/@remotion/renderer whatwg-url@7.1.0 OK for: source-map@0.8.0-beta.0 want: ^7.0.0
3176 silly fetch manifest tr46@^1.0.1
3177 silly packumentCache full:https://registry.npmjs.org/tr46 cache-hit
3178 silly fetch manifest lodash.sortby@^4.7.0
3179 silly packumentCache full:https://registry.npmjs.org/lodash.sortby cache-miss
3180 silly fetch manifest webidl-conversions@^4.0.2
3181 silly packumentCache full:https://registry.npmjs.org/webidl-conversions cache-hit
3182 http fetch GET 200 https://registry.npmjs.org/lodash.sortby 77ms (cache revalidated)
3183 silly packumentCache full:https://registry.npmjs.org/lodash.sortby set size:62703 disposed:false
3184 silly placeDep ROOT lodash.sortby@4.7.0 OK for: whatwg-url@7.1.0 want: ^4.7.0
3185 silly placeDep node_modules/@remotion/renderer tr46@1.0.1 OK for: whatwg-url@7.1.0 want: ^1.0.1
3186 silly placeDep node_modules/@remotion/renderer webidl-conversions@4.0.2 OK for: whatwg-url@7.1.0 want: ^4.0.2
3187 silly placeDep node_modules/babel-plugin-istanbul semver@6.3.1 OK for: istanbul-lib-instrument@5.2.1 want: ^6.3.0
3188 silly placeDep node_modules/bullmq @ioredis/commands@1.5.0 OK for: ioredis@5.9.3 want: 1.5.0
3189 silly placeDep node_modules/bullmq debug@4.4.3 OK for: ioredis@5.9.3 want: ^4.3.4
3190 silly placeDep node_modules/bullmq ms@2.1.3 OK for: debug@4.4.3 want: ^2.1.3
3191 silly placeDep node_modules/extract-zip ms@2.1.3 OK for: debug@4.4.3 want: ^2.1.3
3192 silly placeDep ROOT pump@3.0.4 OK for: get-stream@5.2.0 want: ^3.0.0
3193 silly placeDep ROOT @sec-ant/readable-stream@0.4.1 OK for: get-stream@9.0.1 want: ^0.4.1
3194 silly placeDep node_modules/file-type is-stream@4.0.1 OK for: get-stream@9.0.1 want: ^4.0.1
3195 silly placeDep ROOT peek-readable@5.4.2 OK for: strtok3@9.1.1 want: ^5.3.1
3196 silly placeDep node_modules/http-proxy-agent ms@2.1.3 OK for: debug@4.4.3 want: ^2.1.3
3197 silly placeDep node_modules/https-proxy-agent ms@2.1.3 OK for: debug@4.4.3 want: ^2.1.3
3198 silly placeDep node_modules/ioredis ms@2.1.3 OK for: debug@4.4.3 want: ^2.1.3
3199 silly placeDep node_modules/istanbul-lib-source-maps ms@2.1.3 OK for: debug@4.4.3 want: ^2.1.3
3200 silly placeDep node_modules/music-metadata ms@2.1.3 OK for: debug@4.4.3 want: ^2.1.3
3201 silly placeDep node_modules/nodemon ms@2.1.3 OK for: debug@4.4.3 want: ^2.1.3
3202 silly placeDep node_modules/nodemon brace-expansion@5.0.4 OK for: minimatch@10.2.4 want: ^5.0.2
3203 silly fetch manifest balanced-match@^4.0.2
3204 silly packumentCache full:https://registry.npmjs.org/balanced-match cache-hit
3205 silly placeDep node_modules/nodemon balanced-match@4.0.4 OK for: brace-expansion@5.0.4 want: ^4.0.2
3206 silly placeDep node_modules/nodemon has-flag@3.0.0 OK for: supports-color@5.5.0 want: ^3.0.0
3207 silly placeDep ROOT p-try@2.2.0 OK for: p-limit@2.3.0 want: ^2.0.0
3208 silly placeDep node_modules/semver yallist@4.0.0 OK for: lru-cache@6.0.0 want: ^4.0.0
3209 silly placeDep node_modules/teeny-request agent-base@6.0.2 OK for: https-proxy-agent@5.0.1 want: 6
3210 silly placeDep node_modules/teeny-request debug@4.4.3 OK for: https-proxy-agent@5.0.1 want: 4
3211 silly placeDep node_modules/teeny-request ms@2.1.3 OK for: debug@4.4.3 want: ^2.1.3
3212 silly placeDep node_modules/terser-webpack-plugin supports-color@8.1.1 OK for: jest-worker@27.5.1 want: ^8.0.0
3213 silly placeDep node_modules/terser-webpack-plugin ajv@8.18.0 OK for: schema-utils@4.3.3 want: ^8.9.0
3214 silly placeDep ROOT ajv-formats@2.1.1 OK for: schema-utils@4.3.3 want: ^2.1.1
3215 silly placeDep node_modules/terser-webpack-plugin ajv-keywords@5.1.0 OK for: schema-utils@4.3.3 want: ^5.1.0
3216 silly fetch manifest fast-uri@^3.0.1
3217 silly packumentCache full:https://registry.npmjs.org/fast-uri cache-miss
3218 silly fetch manifest require-from-string@^2.0.2
3219 silly packumentCache full:https://registry.npmjs.org/require-from-string cache-miss
3220 silly fetch manifest json-schema-traverse@^1.0.0
3221 silly packumentCache full:https://registry.npmjs.org/json-schema-traverse cache-hit
3222 silly fetch manifest ajv@^8.0.0
3223 silly packumentCache full:https://registry.npmjs.org/ajv cache-miss
3224 http cache https://registry.npmjs.org/ajv 4ms (cache hit)
3225 silly packumentCache full:https://registry.npmjs.org/ajv set size:1120197 disposed:false
3226 http fetch GET 200 https://registry.npmjs.org/require-from-string 98ms (cache revalidated)
3227 silly packumentCache full:https://registry.npmjs.org/require-from-string set size:15128 disposed:false
3228 http fetch GET 200 https://registry.npmjs.org/fast-uri 108ms (cache revalidated)
3229 silly packumentCache full:https://registry.npmjs.org/fast-uri set size:61472 disposed:false
3230 silly placeDep node_modules/ajv-formats ajv@8.18.0 OK for: ajv-formats@2.1.1 want: ^8.0.0
3231 silly placeDep ROOT fast-uri@3.1.0 OK for: ajv@8.18.0 want: ^3.0.1
3232 silly placeDep node_modules/ajv-formats json-schema-traverse@1.0.0 OK for: ajv@8.18.0 want: ^1.0.0
3233 silly placeDep ROOT require-from-string@2.0.2 OK for: ajv@8.18.0 want: ^2.0.2
3234 silly placeDep node_modules/terser-webpack-plugin json-schema-traverse@1.0.0 OK for: ajv@8.18.0 want: ^1.0.0
3235 silly placeDep node_modules/terser source-map@0.6.1 OK for: source-map-support@0.5.21 want: ^0.6.0
3236 silly reify moves {}
3237 silly audit bulk request {
3237 silly audit   '@google-cloud/text-to-speech': [ '5.8.1' ],
3237 silly audit   '@google/generative-ai': [ '0.21.0' ],
3237 silly audit   '@remotion/bundler': [ '4.0.290' ],
3237 silly audit   react: [ '19.2.4' ],
3237 silly audit   'react-dom': [ '19.2.4' ],
3237 silly audit   '@remotion/renderer': [ '4.0.290' ],
3237 silly audit   bullmq: [ '5.70.4' ],
3237 silly audit   cors: [ '2.8.6' ],
3237 silly audit   dotenv: [ '16.6.1' ],
3237 silly audit   express: [ '4.22.1' ],
3237 silly audit   ioredis: [ '5.10.0', '5.9.3' ],
3237 silly audit   jest: [ '29.7.0' ],
3237 silly audit   'music-metadata': [ '10.9.1' ],
3237 silly audit   nodemon: [ '3.1.14' ],
3237 silly audit   slugify: [ '1.6.6' ],
3237 silly audit   uuid: [ '10.0.0', '11.1.0', '9.0.1' ],
3237 silly audit   'google-gax': [ '4.6.1' ],
3237 silly audit   '@remotion/studio': [ '4.0.290' ],
3237 silly audit   '@remotion/studio-shared': [ '4.0.290' ],
3237 silly audit   'css-loader': [ '5.2.7' ],
3237 silly audit   webpack: [ '5.96.1' ],
3237 silly audit   esbuild: [ '0.25.0' ],
3237 silly audit   'react-refresh': [ '0.9.0' ],
3237 silly audit   remotion: [ '4.0.290' ],
3237 silly audit   'source-map': [ '0.7.3', '0.8.0-beta.0', '0.6.1' ],
3237 silly audit   'style-loader': [ '4.0.0' ],
3237 silly audit   '@remotion/compositor-darwin-arm64': [ '4.0.290' ],
3237 silly audit   '@remotion/compositor-darwin-x64': [ '4.0.290' ],
3237 silly audit   '@remotion/compositor-linux-arm64-gnu': [ '4.0.290' ],
3237 silly audit   '@remotion/compositor-linux-arm64-musl': [ '4.0.290' ],
3237 silly audit   '@remotion/compositor-linux-x64-gnu': [ '4.0.290' ],
3237 silly audit   '@remotion/compositor-linux-x64-musl': [ '4.0.290' ],
3237 silly audit   '@remotion/compositor-win32-x64-msvc': [ '4.0.290' ],
3237 silly audit   '@remotion/streaming': [ '4.0.290' ],
3237 silly audit   execa: [ '5.1.1' ],
3237 silly audit   'extract-zip': [ '2.0.1' ],
3237 silly audit   ws: [ '8.17.1' ],
3237 silly audit   '@remotion/media-parser': [ '4.0.290' ],
3237 silly audit   '@remotion/media-utils': [ '4.0.290' ],
3237 silly audit   '@remotion/player': [ '4.0.290' ],
3237 silly audit   '@remotion/zod-types': [ '4.0.290' ],
3237 silly audit   zod: [ '3.22.3' ],
3237 silly audit   memfs: [ '3.4.3' ],
3237 silly audit   open: [ '8.4.2' ],
3237 silly audit   semver: [ '7.5.3', '7.7.4', '6.3.1' ],
3237 silly audit   'cron-parser': [ '4.9.0' ],
3237 silly audit   msgpackr: [ '1.11.5' ],
3237 silly audit   'node-abort-controller': [ '3.1.1' ],
3237 silly audit   tslib: [ '2.8.1' ],
3237 silly audit   'object-assign': [ '4.1.1' ],
3237 silly audit   vary: [ '1.1.2' ],
3237 silly audit   luxon: [ '3.7.2' ],
3237 silly audit   'icss-utils': [ '5.1.0' ],
3237 silly audit   postcss: [ '8.5.8' ],
3237 silly audit   'loader-utils': [ '2.0.4' ],
3237 silly audit   'postcss-modules-extract-imports': [ '3.1.0' ],
3237 silly audit   'postcss-modules-local-by-default': [ '4.2.0' ],
3237 silly audit   'postcss-modules-scope': [ '3.2.1' ],
3237 silly audit   'postcss-modules-values': [ '4.0.0' ],
3237 silly audit   'postcss-value-parser': [ '4.2.0' ],
3237 silly audit   'schema-utils': [ '3.3.0', '4.3.3' ],
3237 silly audit   '@esbuild/aix-ppc64': [ '0.25.0' ],
3237 silly audit   '@esbuild/android-arm': [ '0.25.0' ],
3237 silly audit   '@esbuild/android-arm64': [ '0.25.0' ],
3237 silly audit   '@esbuild/android-x64': [ '0.25.0' ],
3237 silly audit   '@esbuild/darwin-arm64': [ '0.25.0' ],
3237 silly audit   '@esbuild/darwin-x64': [ '0.25.0' ],
3237 silly audit   '@esbuild/freebsd-arm64': [ '0.25.0' ],
3237 silly audit   '@esbuild/freebsd-x64': [ '0.25.0' ],
3237 silly audit   '@esbuild/linux-arm': [ '0.25.0' ],
3237 silly audit   '@esbuild/linux-arm64': [ '0.25.0' ],
3237 silly audit   '@esbuild/linux-ia32': [ '0.25.0' ],
3237 silly audit   '@esbuild/linux-loong64': [ '0.25.0' ],
3237 silly audit   '@esbuild/linux-mips64el': [ '0.25.0' ],
3237 silly audit   '@esbuild/linux-ppc64': [ '0.25.0' ],
3237 silly audit   '@esbuild/linux-riscv64': [ '0.25.0' ],
3237 silly audit   '@esbuild/linux-s390x': [ '0.25.0' ],
3237 silly audit   '@esbuild/linux-x64': [ '0.25.0' ],
3237 silly audit   '@esbuild/netbsd-arm64': [ '0.25.0' ],
3237 silly audit   '@esbuild/netbsd-x64': [ '0.25.0' ],
3237 silly audit   '@esbuild/openbsd-arm64': [ '0.25.0' ],
3237 silly audit   '@esbuild/openbsd-x64': [ '0.25.0' ],
3237 silly audit   '@esbuild/sunos-x64': [ '0.25.0' ],
3237 silly audit   '@esbuild/win32-arm64': [ '0.25.0' ],
3237 silly audit   '@esbuild/win32-ia32': [ '0.25.0' ],
3237 silly audit   '@esbuild/win32-x64': [ '0.25.0' ],
3237 silly audit   'cross-spawn': [ '7.0.6' ],
3237 silly audit   'get-stream': [ '6.0.1', '5.2.0', '9.0.1' ],
3237 silly audit   'human-signals': [ '2.1.0' ],
3237 silly audit   'is-stream': [ '2.0.1', '4.0.1' ],
3237 silly audit   'merge-stream': [ '2.0.0' ],
3237 silly audit   'npm-run-path': [ '4.0.1' ],
3237 silly audit   onetime: [ '5.1.2' ],
3237 silly audit   'signal-exit': [ '3.0.7' ],
3237 silly audit   'strip-final-newline': [ '2.0.0' ],
3237 silly audit   'path-key': [ '3.1.1' ],
3237 silly audit   'shebang-command': [ '2.0.0' ],
3237 silly audit   which: [ '2.0.2' ],
3237 silly audit   accepts: [ '1.3.8' ],
3237 silly audit   'array-flatten': [ '1.1.1' ],
3237 silly audit   'body-parser': [ '1.20.4' ],
3237 silly audit   'content-disposition': [ '0.5.4' ],
3237 silly audit   'content-type': [ '1.0.5' ],
3237 silly audit   cookie: [ '0.7.2' ],
3237 silly audit   'cookie-signature': [ '1.0.7' ],
3237 silly audit   debug: [ '2.6.9', '4.4.3' ],
3237 silly audit   depd: [ '2.0.0' ],
3237 silly audit   encodeurl: [ '2.0.0' ],
3237 silly audit   'escape-html': [ '1.0.3' ],
3237 silly audit   etag: [ '1.8.1' ],
3237 silly audit   finalhandler: [ '1.3.2' ],
3237 silly audit   fresh: [ '0.5.2' ],
3237 silly audit   'http-errors': [ '2.0.1' ],
3237 silly audit   'merge-descriptors': [ '1.0.3' ],
3237 silly audit   methods: [ '1.1.2' ],
3237 silly audit   'on-finished': [ '2.4.1' ],
3237 silly audit   parseurl: [ '1.3.3' ],
3237 silly audit   'path-to-regexp': [ '0.1.12' ],
3237 silly audit   'proxy-addr': [ '2.0.7' ],
3237 silly audit   qs: [ '6.14.2' ],
3237 silly audit   'range-parser': [ '1.2.1' ],
3237 silly audit   'safe-buffer': [ '5.2.1' ],
3237 silly audit   send: [ '0.19.2' ],
3237 silly audit   'serve-static': [ '1.16.3' ],
3237 silly audit   setprototypeof: [ '1.2.0' ],
3237 silly audit   statuses: [ '2.0.2' ],
3237 silly audit   'type-is': [ '1.6.18' ],
3237 silly audit   'utils-merge': [ '1.0.1' ],
3237 silly audit   'mime-types': [ '2.1.35' ],
3237 silly audit   negotiator: [ '0.6.3' ],
3237 silly audit   bytes: [ '3.1.2' ],
3237 silly audit   destroy: [ '1.2.0' ],
3237 silly audit   'iconv-lite': [ '0.4.24' ],
3237 silly audit   'raw-body': [ '2.5.3' ],
3237 silly audit   unpipe: [ '1.0.0' ],
3237 silly audit   ms: [ '2.0.0', '2.1.3' ],
3237 silly audit   '@types/yauzl': [ '2.10.3' ],
3237 silly audit   yauzl: [ '2.10.0' ],
3237 silly audit   '@types/node': [ '25.3.5' ],
3237 silly audit   'undici-types': [ '7.18.2' ],
3237 silly audit   '@grpc/grpc-js': [ '1.14.3' ],
3237 silly audit   '@grpc/proto-loader': [ '0.7.15', '0.8.0' ],
3237 silly audit   '@types/long': [ '4.0.2' ],
3237 silly audit   'abort-controller': [ '3.0.0' ],
3237 silly audit   duplexify: [ '4.1.3' ],
3237 silly audit   'google-auth-library': [ '9.15.1' ],
3237 silly audit   'node-fetch': [ '2.7.0' ],
3237 silly audit   'object-hash': [ '3.0.0' ],
3237 silly audit   'proto3-json-serializer': [ '2.0.2' ],
3237 silly audit   protobufjs: [ '7.5.4' ],
3237 silly audit   'retry-request': [ '7.0.2' ],
3237 silly audit   '@js-sdsl/ordered-map': [ '4.4.2' ],
3237 silly audit   'lodash.camelcase': [ '4.3.0' ],
3237 silly audit   long: [ '5.3.2' ],
3237 silly audit   yargs: [ '17.7.2' ],
3237 silly audit   'event-target-shim': [ '5.0.1' ],
3237 silly audit   'end-of-stream': [ '1.4.5' ],
3237 silly audit   inherits: [ '2.0.4' ],
3237 silly audit   'readable-stream': [ '3.6.2' ],
3237 silly audit   'stream-shift': [ '1.0.3' ],
3237 silly audit   once: [ '1.4.0' ],
3237 silly audit   'base64-js': [ '1.5.1' ],
3237 silly audit   'ecdsa-sig-formatter': [ '1.0.11' ],
3237 silly audit   gaxios: [ '6.7.1' ],
3237 silly audit   'gcp-metadata': [ '6.1.1' ],
3237 silly audit   gtoken: [ '7.1.0' ],
3237 silly audit   jws: [ '4.0.1' ],
3237 silly audit   extend: [ '3.0.2' ],
3237 silly audit   'https-proxy-agent': [ '7.0.6', '5.0.1' ],
3237 silly audit   'google-logging-utils': [ '0.0.2' ],
3237 silly audit   'json-bigint': [ '1.0.0' ],
3237 silly audit   toidentifier: [ '1.0.1' ],
3237 silly audit   'agent-base': [ '7.1.4', '6.0.2' ],
3237 silly audit   'safer-buffer': [ '2.1.2' ],
3237 silly audit   '@ioredis/commands': [ '1.5.1', '1.5.0' ],
3237 silly audit   'cluster-key-slot': [ '1.1.2' ],
3237 silly audit   denque: [ '2.1.0' ],
3237 silly audit   'lodash.defaults': [ '4.2.0' ],
3237 silly audit   'lodash.isarguments': [ '3.1.0' ],
3237 silly audit   'redis-errors': [ '1.2.0' ],
3237 silly audit   'redis-parser': [ '3.0.0' ],
3237 silly audit   'standard-as-callback': [ '2.1.0' ],
3237 silly audit   '@jest/core': [ '29.7.0' ],
3237 silly audit   '@jest/types': [ '29.6.3' ],
3237 silly audit   'import-local': [ '3.2.0' ],
3237 silly audit   'jest-cli': [ '29.7.0' ],
3237 silly audit   '@jest/console': [ '29.7.0' ],
3237 silly audit   '@jest/reporters': [ '29.7.0' ],
3237 silly audit   '@jest/test-result': [ '29.7.0' ],
3237 silly audit   '@jest/transform': [ '29.7.0' ],
3237 silly audit   'ansi-escapes': [ '4.3.2' ],
3237 silly audit   chalk: [ '4.1.2' ],
3237 silly audit   'ci-info': [ '3.9.0' ],
3237 silly audit   exit: [ '0.1.2' ],
3237 silly audit   'graceful-fs': [ '4.2.11' ],
3237 silly audit   'jest-changed-files': [ '29.7.0' ],
3237 silly audit   'jest-config': [ '29.7.0' ],
3237 silly audit   'jest-haste-map': [ '29.7.0' ],
3237 silly audit   'jest-message-util': [ '29.7.0' ],
3237 silly audit   'jest-regex-util': [ '29.6.3' ],
3237 silly audit   'jest-resolve': [ '29.7.0' ],
3237 silly audit   'jest-resolve-dependencies': [ '29.7.0' ],
3237 silly audit   'jest-runner': [ '29.7.0' ],
3237 silly audit   'jest-runtime': [ '29.7.0' ],
3237 silly audit   'jest-snapshot': [ '29.7.0' ],
3237 silly audit   'jest-util': [ '29.7.0' ],
3237 silly audit   'jest-validate': [ '29.7.0' ],
3237 silly audit   'jest-watcher': [ '29.7.0' ],
3237 silly audit   micromatch: [ '4.0.8' ],
3237 silly audit   'pretty-format': [ '29.7.0' ],
3237 silly audit   slash: [ '3.0.0' ],
3237 silly audit   'strip-ansi': [ '6.0.1' ],
3237 silly audit   '@bcoe/v8-coverage': [ '0.2.3' ],
3237 silly audit   '@jridgewell/trace-mapping': [ '0.3.31' ],
3237 silly audit   'collect-v8-coverage': [ '1.0.3' ],
3237 silly audit   glob: [ '7.2.3' ],
3237 silly audit   'istanbul-lib-coverage': [ '3.2.2' ],
3237 silly audit   'istanbul-lib-instrument': [ '6.0.3', '5.2.1' ],
3237 silly audit   'istanbul-lib-report': [ '3.0.1' ],
3237 silly audit   'istanbul-lib-source-maps': [ '4.0.1' ],
3237 silly audit   'istanbul-reports': [ '3.2.0' ],
3237 silly audit   'jest-worker': [ '29.7.0', '27.5.1' ],
3237 silly audit   'string-length': [ '4.0.2' ],
3237 silly audit   'v8-to-istanbul': [ '9.3.0' ],
3237 silly audit   '@types/istanbul-lib-coverage': [ '2.0.6' ],
3237 silly audit   '@babel/core': [ '7.29.0' ],
3237 silly audit   'babel-plugin-istanbul': [ '6.1.1' ],
3237 silly audit   'convert-source-map': [ '2.0.0' ],
3237 silly audit   'fast-json-stable-stringify': [ '2.1.0' ],
3237 silly audit   pirates: [ '4.0.7' ],
3237 silly audit   'write-file-atomic': [ '4.0.2' ],
3237 silly audit   '@babel/code-frame': [ '7.29.0' ],
3237 silly audit   '@babel/generator': [ '7.29.1' ],
3237 silly audit   '@babel/helper-compilation-targets': [ '7.28.6' ],
3237 silly audit   '@babel/helper-module-transforms': [ '7.28.6' ],
3237 silly audit   '@babel/helpers': [ '7.28.6' ],
3237 silly audit   '@babel/parser': [ '7.29.0' ],
3237 silly audit   '@babel/template': [ '7.28.6' ],
3237 silly audit   '@babel/traverse': [ '7.29.0' ],
3237 silly audit   '@babel/types': [ '7.29.0' ],
3237 silly audit   '@jridgewell/remapping': [ '2.3.5' ],
3237 silly audit   gensync: [ '1.0.0-beta.2' ],
3237 silly audit   json5: [ '2.2.3' ],
3237 silly audit   '@babel/helper-validator-identifier': [ '7.28.5' ],
3237 silly audit   'js-tokens': [ '4.0.0' ],
3237 silly audit   picocolors: [ '1.1.1' ],
3237 silly audit   '@jridgewell/gen-mapping': [ '0.3.13' ],
3237 silly audit   jsesc: [ '3.1.0' ],
3237 silly audit   '@babel/compat-data': [ '7.29.0' ],
3237 silly audit   '@babel/helper-validator-option': [ '7.27.1' ],
3237 silly audit   browserslist: [ '4.28.1' ],
3237 silly audit   'lru-cache': [ '5.1.1', '6.0.0' ],
3237 silly audit   '@babel/helper-module-imports': [ '7.28.6' ],
3237 silly audit   '@babel/helper-globals': [ '7.28.0' ],
3237 silly audit   '@babel/helper-string-parser': [ '7.27.1' ],
3237 silly audit   '@jest/schemas': [ '29.6.3' ],
3237 silly audit   '@types/istanbul-reports': [ '3.0.4' ],
3237 silly audit   '@types/yargs': [ '17.0.35' ],
3237 silly audit   '@sinclair/typebox': [ '0.27.10' ],
3237 silly audit   '@jridgewell/sourcemap-codec': [ '1.5.5' ],
3237 silly audit   '@jridgewell/resolve-uri': [ '3.1.2' ],
3237 silly audit   '@types/istanbul-lib-report': [ '3.0.3' ],
3237 silly audit   '@types/yargs-parser': [ '21.0.3' ],
3237 silly audit   'type-fest': [ '0.21.3' ],
3237 silly audit   '@babel/helper-plugin-utils': [ '7.28.6' ],
3237 silly audit   '@istanbuljs/load-nyc-config': [ '1.1.0' ],
3237 silly audit   '@istanbuljs/schema': [ '0.1.3' ],
3237 silly audit   'test-exclude': [ '6.0.0' ],
3237 silly audit   camelcase: [ '5.3.1', '6.3.0' ],
3237 silly audit   'find-up': [ '4.1.0' ],
3237 silly audit   'get-package-type': [ '0.1.0' ],
3237 silly audit   'js-yaml': [ '3.14.2' ],
3237 silly audit   'resolve-from': [ '5.0.0' ],
3237 silly audit   'baseline-browser-mapping': [ '2.10.0' ],
3237 silly audit   'caniuse-lite': [ '1.0.30001777' ],
3237 silly audit   'electron-to-chromium': [ '1.5.307' ],
3237 silly audit   'node-releases': [ '2.0.36' ],
3237 silly audit   'update-browserslist-db': [ '1.2.3' ],
3237 silly audit   'ansi-styles': [ '4.3.0', '5.2.0' ],
3237 silly audit   'supports-color': [ '7.2.0', '8.1.1', '5.5.0' ],
3237 silly audit   'color-convert': [ '2.0.1' ],
3237 silly audit   'color-name': [ '1.1.4' ],
3237 silly audit   'locate-path': [ '5.0.0' ],
3237 silly audit   'path-exists': [ '4.0.0' ],
3237 silly audit   'fs.realpath': [ '1.0.0' ],
3237 silly audit   inflight: [ '1.0.6' ],
3237 silly audit   minimatch: [ '3.1.5', '10.2.4' ],
3237 silly audit   'path-is-absolute': [ '1.0.1' ],
3237 silly audit   'pkg-dir': [ '4.2.0' ],
3237 silly audit   'resolve-cwd': [ '3.0.0' ],
3237 silly audit   wrappy: [ '1.0.2' ],
3237 silly audit   'make-dir': [ '4.0.0' ],
3237 silly audit   'html-escaper': [ '2.0.2' ],
3237 silly audit   'p-limit': [ '3.1.0', '2.3.0' ],
3237 silly audit   'create-jest': [ '29.7.0' ],
3237 silly audit   prompts: [ '2.4.2' ],
3237 silly audit   '@jest/test-sequencer': [ '29.7.0' ],
3237 silly audit   'babel-jest': [ '29.7.0' ],
3237 silly audit   deepmerge: [ '4.3.1' ],
3237 silly audit   'jest-circus': [ '29.7.0' ],
3237 silly audit   'jest-environment-node': [ '29.7.0' ],
3237 silly audit   'jest-get-type': [ '29.6.3' ],
3237 silly audit   'parse-json': [ '5.2.0' ],
3237 silly audit   'strip-json-comments': [ '3.1.1' ],
3237 silly audit   '@types/babel__core': [ '7.20.5' ],
3237 silly audit   'babel-preset-jest': [ '29.6.3' ],
3237 silly audit   '@types/babel__generator': [ '7.27.0' ],
3237 silly audit   '@types/babel__template': [ '7.4.4' ],
3237 silly audit   '@types/babel__traverse': [ '7.28.0' ],
3237 silly audit   'babel-plugin-jest-hoist': [ '29.6.3' ],
3237 silly audit   'babel-preset-current-node-syntax': [ '1.2.0' ],
3237 silly audit   '@babel/plugin-syntax-async-generators': [ '7.8.4' ],
3237 silly audit   '@babel/plugin-syntax-bigint': [ '7.8.3' ],
3237 silly audit   '@babel/plugin-syntax-class-properties': [ '7.12.13' ],
3237 silly audit   '@babel/plugin-syntax-class-static-block': [ '7.14.5' ],
3237 silly audit   '@babel/plugin-syntax-import-attributes': [ '7.28.6' ],
3237 silly audit   '@babel/plugin-syntax-import-meta': [ '7.10.4' ],
3237 silly audit   '@babel/plugin-syntax-json-strings': [ '7.8.3' ],
3237 silly audit   '@babel/plugin-syntax-logical-assignment-operators': [ '7.10.4' ],
3237 silly audit   '@babel/plugin-syntax-nullish-coalescing-operator': [ '7.8.3' ],
3237 silly audit   '@babel/plugin-syntax-numeric-separator': [ '7.10.4' ],
3237 silly audit   '@babel/plugin-syntax-object-rest-spread': [ '7.8.3' ],
3237 silly audit   '@babel/plugin-syntax-optional-catch-binding': [ '7.8.3' ],
3237 silly audit   '@babel/plugin-syntax-optional-chaining': [ '7.8.3' ],
3237 silly audit   '@babel/plugin-syntax-private-property-in-object': [ '7.14.5' ],
3237 silly audit   '@babel/plugin-syntax-top-level-await': [ '7.14.5' ],
3237 silly audit   '@jest/environment': [ '29.7.0' ],
3237 silly audit   '@jest/expect': [ '29.7.0' ],
3237 silly audit   co: [ '4.6.0' ],
3237 silly audit   dedent: [ '1.7.2' ],
3237 silly audit   'is-generator-fn': [ '2.1.0' ],
3237 silly audit   'jest-each': [ '29.7.0' ],
3237 silly audit   'jest-matcher-utils': [ '29.7.0' ],
3237 silly audit   'pure-rand': [ '6.1.0' ],
3237 silly audit   'stack-utils': [ '2.0.6' ],
3237 silly audit   '@jest/fake-timers': [ '29.7.0' ],
3237 silly audit   'jest-mock': [ '29.7.0' ],
3237 silly audit   expect: [ '29.7.0' ],
3237 silly audit   '@sinonjs/fake-timers': [ '10.3.0' ],
3237 silly audit   '@sinonjs/commons': [ '3.0.1' ],
3237 silly audit   'type-detect': [ '4.0.8' ],
3237 silly audit   '@jest/expect-utils': [ '29.7.0' ],
3237 silly audit   '@types/graceful-fs': [ '4.1.9' ],
3237 silly audit   anymatch: [ '3.1.3' ],
3237 silly audit   'fb-watchman': [ '2.0.2' ],
3237 silly audit   fsevents: [ '2.3.3' ],
3237 silly audit   walker: [ '1.0.8' ],
3237 silly audit   'normalize-path': [ '3.0.0' ],
3237 silly audit   picomatch: [ '2.3.1' ],
3237 silly audit   bser: [ '2.1.1' ],
3237 silly audit   'node-int64': [ '0.4.0' ],
3237 silly audit   'jest-diff': [ '29.7.0' ],
3237 silly audit   'diff-sequences': [ '29.6.3' ],
3237 silly audit   '@types/stack-utils': [ '2.0.3' ],
3237 silly audit   'jest-pnp-resolver': [ '1.2.3' ],
3237 silly audit   resolve: [ '1.22.11' ],
3237 silly audit   'resolve.exports': [ '2.0.3' ],
3237 silly audit   emittery: [ '0.13.1' ],
3237 silly audit   'jest-docblock': [ '29.7.0' ],
3237 silly audit   'jest-leak-detector': [ '29.7.0' ],
3237 silly audit   'source-map-support': [ '0.5.13', '0.5.21' ],
3237 silly audit   'detect-newline': [ '3.1.0' ],
3237 silly audit   '@jest/globals': [ '29.7.0' ],
3237 silly audit   '@jest/source-map': [ '29.6.3' ],
3237 silly audit   'cjs-module-lexer': [ '1.4.3' ],
3237 silly audit   'strip-bom': [ '4.0.0' ],
3237 silly audit   callsites: [ '3.1.0' ],
3237 silly audit   '@babel/plugin-syntax-jsx': [ '7.28.6' ],
3237 silly audit   '@babel/plugin-syntax-typescript': [ '7.28.6' ],
3237 silly audit   'natural-compare': [ '1.4.0' ],
3237 silly audit   leven: [ '3.1.0' ],
3237 silly audit   argparse: [ '1.0.10' ],
3237 silly audit   esprima: [ '4.0.1' ],
3237 silly audit   'sprintf-js': [ '1.0.3' ],
3237 silly audit   'bignumber.js': [ '9.3.1' ],
3237 silly audit   jwa: [ '2.0.1' ],
3237 silly audit   'buffer-equal-constant-time': [ '1.0.1' ],
3237 silly audit   'big.js': [ '5.2.2' ],
3237 silly audit   'emojis-list': [ '3.0.0' ],
3237 silly audit   'p-locate': [ '4.1.0' ],
3237 silly audit   yallist: [ '3.1.1', '4.0.0' ],
3237 silly audit   'fs-monkey': [ '1.0.3' ],
3237 silly audit   braces: [ '3.0.3' ],
3237 silly audit   'fill-range': [ '7.1.1' ],
3237 silly audit   'to-regex-range': [ '5.0.1' ],
3237 silly audit   'mime-db': [ '1.52.0' ],
3237 silly audit   'brace-expansion': [ '1.1.12', '5.0.4' ],
3237 silly audit   'balanced-match': [ '1.0.2', '4.0.4' ],
3237 silly audit   'concat-map': [ '0.0.1' ],
3237 silly audit   'msgpackr-extract': [ '3.0.3' ],
3237 silly audit   '@msgpackr-extract/msgpackr-extract-darwin-arm64': [ '3.0.3' ],
3237 silly audit   '@msgpackr-extract/msgpackr-extract-darwin-x64': [ '3.0.3' ],
3237 silly audit   '@msgpackr-extract/msgpackr-extract-linux-arm': [ '3.0.3' ],
3237 silly audit   '@msgpackr-extract/msgpackr-extract-linux-arm64': [ '3.0.3' ],
3237 silly audit   '@msgpackr-extract/msgpackr-extract-linux-x64': [ '3.0.3' ],
3237 silly audit   '@msgpackr-extract/msgpackr-extract-win32-x64': [ '3.0.3' ],
3237 silly audit   'node-gyp-build-optional-packages': [ '5.2.2' ],
3237 silly audit   '@tokenizer/token': [ '0.3.0' ],
3237 silly audit   'file-type': [ '19.6.0' ],
3237 silly audit   link: [ '2.1.2' ],
3237 silly audit   'media-typer': [ '1.1.0', '0.3.0' ],
3237 silly audit   strtok3: [ '10.3.4', '9.1.1' ],
3237 silly audit   'token-types': [ '6.1.2' ],
3237 silly audit   'uint8array-extras': [ '1.5.0' ],
3237 silly audit   'whatwg-url': [ '5.0.0', '7.1.0' ],
3237 silly audit   'detect-libc': [ '2.1.2' ],
3237 silly audit   chokidar: [ '3.6.0' ],
3237 silly audit   'ignore-by-default': [ '1.0.1' ],
3237 silly audit   'pstree.remy': [ '1.1.8' ],
3237 silly audit   'simple-update-notifier': [ '2.0.0' ],
3237 silly audit   touch: [ '3.1.1' ],
3237 silly audit   undefsafe: [ '2.0.5' ],
3237 silly audit   'glob-parent': [ '5.1.2' ],
3237 silly audit   'is-binary-path': [ '2.1.0' ],
3237 silly audit   'is-glob': [ '4.0.3' ],
3237 silly audit   readdirp: [ '3.6.0' ],
3237 silly audit   'binary-extensions': [ '2.3.0' ],
3237 silly audit   'is-extglob': [ '2.1.1' ],
3237 silly audit   'ee-first': [ '1.1.1' ],
3237 silly audit   'mimic-fn': [ '2.1.0' ],
3237 silly audit   'define-lazy-prop': [ '2.0.0' ],
3237 silly audit   'is-docker': [ '2.2.1' ],
3237 silly audit   'is-wsl': [ '2.2.0' ],
3237 silly audit   'yocto-queue': [ '0.1.0' ],
3237 silly audit   'error-ex': [ '1.3.4' ],
3237 silly audit   'json-parse-even-better-errors': [ '2.3.1' ],
3237 silly audit   'lines-and-columns': [ '1.2.4' ],
3237 silly audit   'is-arrayish': [ '0.2.1' ],
3237 silly audit   nanoid: [ '3.3.11' ],
3237 silly audit   'source-map-js': [ '1.2.1' ],
3237 silly audit   'postcss-selector-parser': [ '7.1.1' ],
3237 silly audit   cssesc: [ '3.0.0' ],
3237 silly audit   'util-deprecate': [ '1.0.2' ],
3237 silly audit   'react-is': [ '18.3.1' ],
3237 silly audit   kleur: [ '3.0.3' ],
3237 silly audit   sisteransi: [ '1.0.5' ],
3237 silly audit   '@protobufjs/aspromise': [ '1.1.2' ],
3237 silly audit   '@protobufjs/base64': [ '1.1.2' ],
3237 silly audit   '@protobufjs/codegen': [ '2.0.4' ],
3237 silly audit   '@protobufjs/eventemitter': [ '1.1.0' ],
3237 silly audit   '@protobufjs/fetch': [ '1.1.0' ],
3237 silly audit   '@protobufjs/float': [ '1.0.2' ],
3237 silly audit   '@protobufjs/inquire': [ '1.1.0' ],
3237 silly audit   '@protobufjs/path': [ '1.1.2' ],
3237 silly audit   '@protobufjs/pool': [ '1.1.0' ],
3237 silly audit   '@protobufjs/utf8': [ '1.1.0' ],
3237 silly audit   forwarded: [ '0.2.0' ],
3237 silly audit   'ipaddr.js': [ '1.9.1' ],
3237 silly audit   'side-channel': [ '1.1.0' ],
3237 silly audit   scheduler: [ '0.27.0' ],
3237 silly audit   string_decoder: [ '1.3.0' ],
3237 silly audit   'is-core-module': [ '2.16.1' ],
3237 silly audit   'path-parse': [ '1.0.7' ],
3237 silly audit   'supports-preserve-symlinks-flag': [ '1.0.0' ],
3237 silly audit   hasown: [ '2.0.2' ],
3237 silly audit   'function-bind': [ '1.1.2' ],
3237 silly audit   '@types/request': [ '2.48.13' ],
3237 silly audit   'teeny-request': [ '9.0.0' ],
3237 silly audit   '@types/caseless': [ '0.12.5' ],
3237 silly audit   '@types/tough-cookie': [ '4.0.5' ],
3237 silly audit   'form-data': [ '2.5.5' ],
3237 silly audit   asynckit: [ '0.4.0' ],
3237 silly audit   'combined-stream': [ '1.0.8' ],
3237 silly audit   'es-set-tostringtag': [ '2.1.0' ],
3237 silly audit   'delayed-stream': [ '1.0.0' ],
3237 silly audit   'es-errors': [ '1.3.0' ],
3237 silly audit   'get-intrinsic': [ '1.3.0' ],
3237 silly audit   'has-tostringtag': [ '1.0.2' ],
3237 silly audit   'call-bind-apply-helpers': [ '1.0.2' ],
3237 silly audit   'es-define-property': [ '1.0.1' ],
3237 silly audit   'es-object-atoms': [ '1.1.1' ],
3237 silly audit   'get-proto': [ '1.0.1' ],
3237 silly audit   gopd: [ '1.2.0' ],
3237 silly audit   'has-symbols': [ '1.1.0' ],
3237 silly audit   'math-intrinsics': [ '1.1.0' ],
3237 silly audit   'dunder-proto': [ '1.0.1' ],
3237 silly audit   '@types/json-schema': [ '7.0.15' ],
3237 silly audit   ajv: [ '6.14.0', '8.18.0' ],
3237 silly audit   'ajv-keywords': [ '3.5.2', '5.1.0' ],
3237 silly audit   'fast-deep-equal': [ '3.1.3' ],
3237 silly audit   'json-schema-traverse': [ '0.4.1', '1.0.0' ],
3237 silly audit   'uri-js': [ '4.4.1' ],
3237 silly audit   mime: [ '1.6.0' ],
3237 silly audit   'shebang-regex': [ '3.0.0' ],
3237 silly audit   'object-inspect': [ '1.13.4' ],
3237 silly audit   'side-channel-list': [ '1.0.0' ],
3237 silly audit   'side-channel-map': [ '1.0.1' ],
3237 silly audit   'side-channel-weakmap': [ '1.0.2' ],
3237 silly audit   'call-bound': [ '1.0.4' ],
3237 silly audit   'buffer-from': [ '1.1.2' ],
3237 silly audit   'escape-string-regexp': [ '2.0.0' ],
3237 silly audit   'char-regex': [ '1.0.2' ],
3237 silly audit   'ansi-regex': [ '5.0.1' ],
3237 silly audit   'has-flag': [ '4.0.0', '3.0.0' ],
3237 silly audit   'http-proxy-agent': [ '5.0.0' ],
3237 silly audit   'stream-events': [ '1.0.5' ],
3237 silly audit   '@tootallnate/once': [ '2.0.0' ],
3237 silly audit   stubs: [ '3.0.0' ],
3237 silly audit   'is-number': [ '7.0.0' ],
3237 silly audit   '@borewit/text-codec': [ '0.2.1' ],
3237 silly audit   ieee754: [ '1.2.1' ],
3237 silly audit   escalade: [ '3.2.0' ],
3237 silly audit   punycode: [ '2.3.1' ],
3237 silly audit   makeerror: [ '1.0.12' ],
3237 silly audit   tmpl: [ '1.0.5' ],
3237 silly audit   '@types/eslint-scope': [ '3.7.7' ],
3237 silly audit   '@types/estree': [ '1.0.8' ],
3237 silly audit   '@webassemblyjs/ast': [ '1.14.1' ],
3237 silly audit   '@webassemblyjs/wasm-edit': [ '1.14.1' ],
3237 silly audit   '@webassemblyjs/wasm-parser': [ '1.14.1' ],
3237 silly audit   acorn: [ '8.16.0' ],
3237 silly audit   'chrome-trace-event': [ '1.0.4' ],
3237 silly audit   'enhanced-resolve': [ '5.20.0' ],
3237 silly audit   'es-module-lexer': [ '1.7.0' ],
3237 silly audit   'eslint-scope': [ '5.1.1' ],
3237 silly audit   events: [ '3.3.0' ],
3237 silly audit   'glob-to-regexp': [ '0.4.1' ],
3237 silly audit   'loader-runner': [ '4.3.1' ],
3237 silly audit   'neo-async': [ '2.6.2' ],
3237 silly audit   tapable: [ '2.3.0' ],
3237 silly audit   'terser-webpack-plugin': [ '5.3.17' ],
3237 silly audit   watchpack: [ '2.5.1' ],
3237 silly audit   'webpack-sources': [ '3.3.4' ],
3237 silly audit   '@types/eslint': [ '9.6.1' ],
3237 silly audit   '@webassemblyjs/helper-numbers': [ '1.13.2' ],
3237 silly audit   '@webassemblyjs/helper-wasm-bytecode': [ '1.13.2' ],
3237 silly audit   '@webassemblyjs/floating-point-hex-parser': [ '1.13.2' ],
3237 silly audit   '@webassemblyjs/helper-api-error': [ '1.13.2' ],
3237 silly audit   '@xtuc/long': [ '4.2.2' ],
3237 silly audit   '@webassemblyjs/helper-buffer': [ '1.14.1' ],
3237 silly audit   '@webassemblyjs/helper-wasm-section': [ '1.14.1' ],
3237 silly audit   '@webassemblyjs/wasm-gen': [ '1.14.1' ],
3237 silly audit   '@webassemblyjs/wasm-opt': [ '1.14.1' ],
3237 silly audit   '@webassemblyjs/wast-printer': [ '1.14.1' ],
3237 silly audit   '@webassemblyjs/ieee754': [ '1.13.2' ],
3237 silly audit   '@webassemblyjs/leb128': [ '1.13.2' ],
3237 silly audit   '@webassemblyjs/utf8': [ '1.13.2' ],
3237 silly audit   '@xtuc/ieee754': [ '1.2.0' ],
3237 silly audit   esrecurse: [ '4.3.0' ],
3237 silly audit   estraverse: [ '4.3.0', '5.3.0' ],
3237 silly audit   terser: [ '5.46.0' ],
3237 silly audit   '@jridgewell/source-map': [ '0.3.11' ],
3237 silly audit   commander: [ '2.20.3' ],
3237 silly audit   tr46: [ '0.0.3', '1.0.1' ],
3237 silly audit   'webidl-conversions': [ '3.0.1', '4.0.2' ],
3237 silly audit   isexe: [ '2.0.0' ],
3237 silly audit   imurmurhash: [ '0.1.4' ],
3237 silly audit   cliui: [ '8.0.1' ],
3237 silly audit   'get-caller-file': [ '2.0.5' ],
3237 silly audit   'require-directory': [ '2.1.1' ],
3237 silly audit   'string-width': [ '4.2.3' ],
3237 silly audit   y18n: [ '5.0.8' ],
3237 silly audit   'yargs-parser': [ '21.1.1' ],
3237 silly audit   'wrap-ansi': [ '7.0.0' ],
3237 silly audit   'emoji-regex': [ '8.0.0' ],
3237 silly audit   'is-fullwidth-code-point': [ '3.0.0' ],
3237 silly audit   'buffer-crc32': [ '0.2.13' ],
3237 silly audit   'fd-slicer': [ '1.1.0' ],
3237 silly audit   pend: [ '1.2.0' ],
3237 silly audit   'lodash.sortby': [ '4.7.0' ],
3237 silly audit   pump: [ '3.0.4' ],
3237 silly audit   '@sec-ant/readable-stream': [ '0.4.1' ],
3237 silly audit   'peek-readable': [ '5.4.2' ],
3237 silly audit   'p-try': [ '2.2.0' ],
3237 silly audit   'ajv-formats': [ '2.1.1' ],
3237 silly audit   'fast-uri': [ '3.1.0' ],
3237 silly audit   'require-from-string': [ '2.0.2' ]
3237 silly audit }
3238 http cache require-from-string@https://registry.npmjs.org/require-from-string/-/require-from-string-2.0.2.tgz 0ms (cache hit)
3239 http cache fast-uri@https://registry.npmjs.org/fast-uri/-/fast-uri-3.1.0.tgz 0ms (cache hit)
3240 http cache p-try@https://registry.npmjs.org/p-try/-/p-try-2.2.0.tgz 0ms (cache hit)
3241 http cache @sec-ant/readable-stream@https://registry.npmjs.org/@sec-ant/readable-stream/-/readable-stream-0.4.1.tgz 0ms (cache hit)
3242 http cache peek-readable@https://registry.npmjs.org/peek-readable/-/peek-readable-5.4.2.tgz 0ms (cache hit)
3243 http cache ajv-formats@https://registry.npmjs.org/ajv-formats/-/ajv-formats-2.1.1.tgz 0ms (cache hit)
3244 http cache lodash.sortby@https://registry.npmjs.org/lodash.sortby/-/lodash.sortby-4.7.0.tgz 0ms (cache hit)
3245 http cache pend@https://registry.npmjs.org/pend/-/pend-1.2.0.tgz 0ms (cache hit)
3246 http cache buffer-crc32@https://registry.npmjs.org/buffer-crc32/-/buffer-crc32-0.2.13.tgz 0ms (cache hit)
3247 http cache pump@https://registry.npmjs.org/pump/-/pump-3.0.4.tgz 0ms (cache hit)
3248 http cache is-fullwidth-code-point@https://registry.npmjs.org/is-fullwidth-code-point/-/is-fullwidth-code-point-3.0.0.tgz 0ms (cache hit)
3249 http cache wrap-ansi@https://registry.npmjs.org/wrap-ansi/-/wrap-ansi-7.0.0.tgz 0ms (cache hit)
3250 http cache yargs-parser@https://registry.npmjs.org/yargs-parser/-/yargs-parser-21.1.1.tgz 0ms (cache hit)
3251 http cache emoji-regex@https://registry.npmjs.org/emoji-regex/-/emoji-regex-8.0.0.tgz 0ms (cache hit)
3252 http cache y18n@https://registry.npmjs.org/y18n/-/y18n-5.0.8.tgz 0ms (cache hit)
3253 http cache string-width@https://registry.npmjs.org/string-width/-/string-width-4.2.3.tgz 0ms (cache hit)
3254 http cache require-directory@https://registry.npmjs.org/require-directory/-/require-directory-2.1.1.tgz 0ms (cache hit)
3255 http cache get-caller-file@https://registry.npmjs.org/get-caller-file/-/get-caller-file-2.0.5.tgz 0ms (cache hit)
3256 http cache cliui@https://registry.npmjs.org/cliui/-/cliui-8.0.1.tgz 0ms (cache hit)
3257 http cache imurmurhash@https://registry.npmjs.org/imurmurhash/-/imurmurhash-0.1.4.tgz 0ms (cache hit)
3258 http cache isexe@https://registry.npmjs.org/isexe/-/isexe-2.0.0.tgz 0ms (cache hit)
3259 http cache webidl-conversions@https://registry.npmjs.org/webidl-conversions/-/webidl-conversions-3.0.1.tgz 0ms (cache hit)
3260 http cache tr46@https://registry.npmjs.org/tr46/-/tr46-0.0.3.tgz 0ms (cache hit)
3261 http cache commander@https://registry.npmjs.org/commander/-/commander-2.20.3.tgz 0ms (cache hit)
3262 http cache @jridgewell/source-map@https://registry.npmjs.org/@jridgewell/source-map/-/source-map-0.3.11.tgz 0ms (cache hit)
3263 http cache terser@https://registry.npmjs.org/terser/-/terser-5.46.0.tgz 0ms (cache hit)
3264 http cache estraverse@https://registry.npmjs.org/estraverse/-/estraverse-4.3.0.tgz 0ms (cache hit)
3265 http cache esrecurse@https://registry.npmjs.org/esrecurse/-/esrecurse-4.3.0.tgz 0ms (cache hit)
3266 http cache @xtuc/ieee754@https://registry.npmjs.org/@xtuc/ieee754/-/ieee754-1.2.0.tgz 0ms (cache hit)
3267 http cache @webassemblyjs/utf8@https://registry.npmjs.org/@webassemblyjs/utf8/-/utf8-1.13.2.tgz 0ms (cache hit)
3268 http cache @webassemblyjs/leb128@https://registry.npmjs.org/@webassemblyjs/leb128/-/leb128-1.13.2.tgz 0ms (cache hit)
3269 http cache @webassemblyjs/wast-printer@https://registry.npmjs.org/@webassemblyjs/wast-printer/-/wast-printer-1.14.1.tgz 0ms (cache hit)
3270 http cache @webassemblyjs/ieee754@https://registry.npmjs.org/@webassemblyjs/ieee754/-/ieee754-1.13.2.tgz 0ms (cache hit)
3271 http cache fd-slicer@https://registry.npmjs.org/fd-slicer/-/fd-slicer-1.1.0.tgz 0ms (cache hit)
3272 http cache @webassemblyjs/helper-wasm-section@https://registry.npmjs.org/@webassemblyjs/helper-wasm-section/-/helper-wasm-section-1.14.1.tgz 0ms (cache hit)
3273 http cache @xtuc/long@https://registry.npmjs.org/@xtuc/long/-/long-4.2.2.tgz 0ms (cache hit)
3274 http cache @webassemblyjs/wasm-gen@https://registry.npmjs.org/@webassemblyjs/wasm-gen/-/wasm-gen-1.14.1.tgz 0ms (cache hit)
3275 http cache @webassemblyjs/helper-api-error@https://registry.npmjs.org/@webassemblyjs/helper-api-error/-/helper-api-error-1.13.2.tgz 0ms (cache hit)
3276 http cache @webassemblyjs/helper-wasm-bytecode@https://registry.npmjs.org/@webassemblyjs/helper-wasm-bytecode/-/helper-wasm-bytecode-1.13.2.tgz 0ms (cache hit)
3277 http cache @webassemblyjs/helper-numbers@https://registry.npmjs.org/@webassemblyjs/helper-numbers/-/helper-numbers-1.13.2.tgz 0ms (cache hit)
3278 http cache @webassemblyjs/wasm-opt@https://registry.npmjs.org/@webassemblyjs/wasm-opt/-/wasm-opt-1.14.1.tgz 0ms (cache hit)
3279 http cache @webassemblyjs/helper-buffer@https://registry.npmjs.org/@webassemblyjs/helper-buffer/-/helper-buffer-1.14.1.tgz 0ms (cache hit)
3280 http cache @webassemblyjs/floating-point-hex-parser@https://registry.npmjs.org/@webassemblyjs/floating-point-hex-parser/-/floating-point-hex-parser-1.13.2.tgz 0ms (cache hit)
3281 http cache webpack-sources@https://registry.npmjs.org/webpack-sources/-/webpack-sources-3.3.4.tgz 0ms (cache hit)
3282 http cache @types/eslint@https://registry.npmjs.org/@types/eslint/-/eslint-9.6.1.tgz 0ms (cache hit)
3283 http cache watchpack@https://registry.npmjs.org/watchpack/-/watchpack-2.5.1.tgz 0ms (cache hit)
3284 http cache tapable@https://registry.npmjs.org/tapable/-/tapable-2.3.0.tgz 0ms (cache hit)
3285 http cache neo-async@https://registry.npmjs.org/neo-async/-/neo-async-2.6.2.tgz 0ms (cache hit)
3286 http cache glob-to-regexp@https://registry.npmjs.org/glob-to-regexp/-/glob-to-regexp-0.4.1.tgz 0ms (cache hit)
3287 http cache terser-webpack-plugin@https://registry.npmjs.org/terser-webpack-plugin/-/terser-webpack-plugin-5.3.17.tgz 0ms (cache hit)
3288 http cache events@https://registry.npmjs.org/events/-/events-3.3.0.tgz 0ms (cache hit)
3289 http cache eslint-scope@https://registry.npmjs.org/eslint-scope/-/eslint-scope-5.1.1.tgz 0ms (cache hit)
3290 http cache es-module-lexer@https://registry.npmjs.org/es-module-lexer/-/es-module-lexer-1.7.0.tgz 0ms (cache hit)
3291 http cache enhanced-resolve@https://registry.npmjs.org/enhanced-resolve/-/enhanced-resolve-5.20.0.tgz 0ms (cache hit)
3292 http cache loader-runner@https://registry.npmjs.org/loader-runner/-/loader-runner-4.3.1.tgz 0ms (cache hit)
3293 http cache @webassemblyjs/wasm-parser@https://registry.npmjs.org/@webassemblyjs/wasm-parser/-/wasm-parser-1.14.1.tgz 0ms (cache hit)
3294 http cache @webassemblyjs/ast@https://registry.npmjs.org/@webassemblyjs/ast/-/ast-1.14.1.tgz 0ms (cache hit)
3295 http cache chrome-trace-event@https://registry.npmjs.org/chrome-trace-event/-/chrome-trace-event-1.0.4.tgz 0ms (cache hit)
3296 http cache @webassemblyjs/wasm-edit@https://registry.npmjs.org/@webassemblyjs/wasm-edit/-/wasm-edit-1.14.1.tgz 0ms (cache hit)
3297 http cache @types/eslint-scope@https://registry.npmjs.org/@types/eslint-scope/-/eslint-scope-3.7.7.tgz 0ms (cache hit)
3298 http cache @types/estree@https://registry.npmjs.org/@types/estree/-/estree-1.0.8.tgz 0ms (cache hit)
3299 http cache tmpl@https://registry.npmjs.org/tmpl/-/tmpl-1.0.5.tgz 0ms (cache hit)
3300 http cache makeerror@https://registry.npmjs.org/makeerror/-/makeerror-1.0.12.tgz 0ms (cache hit)
3301 http cache punycode@https://registry.npmjs.org/punycode/-/punycode-2.3.1.tgz 0ms (cache hit)
3302 http cache acorn@https://registry.npmjs.org/acorn/-/acorn-8.16.0.tgz 0ms (cache hit)
3303 http cache escalade@https://registry.npmjs.org/escalade/-/escalade-3.2.0.tgz 0ms (cache hit)
3304 http cache @borewit/text-codec@https://registry.npmjs.org/@borewit/text-codec/-/text-codec-0.2.1.tgz 0ms (cache hit)
3305 http cache ieee754@https://registry.npmjs.org/ieee754/-/ieee754-1.2.1.tgz 0ms (cache hit)
3306 http cache is-number@https://registry.npmjs.org/is-number/-/is-number-7.0.0.tgz 0ms (cache hit)
3307 http cache stubs@https://registry.npmjs.org/stubs/-/stubs-3.0.0.tgz 0ms (cache hit)
3308 http cache @tootallnate/once@https://registry.npmjs.org/@tootallnate/once/-/once-2.0.0.tgz 0ms (cache hit)
3309 http cache stream-events@https://registry.npmjs.org/stream-events/-/stream-events-1.0.5.tgz 0ms (cache hit)
3310 http cache http-proxy-agent@https://registry.npmjs.org/http-proxy-agent/-/http-proxy-agent-5.0.0.tgz 0ms (cache hit)
3311 http cache has-flag@https://registry.npmjs.org/has-flag/-/has-flag-4.0.0.tgz 0ms (cache hit)
3312 http cache char-regex@https://registry.npmjs.org/char-regex/-/char-regex-1.0.2.tgz 0ms (cache hit)
3313 http cache buffer-from@https://registry.npmjs.org/buffer-from/-/buffer-from-1.1.2.tgz 0ms (cache hit)
3314 http cache escape-string-regexp@https://registry.npmjs.org/escape-string-regexp/-/escape-string-regexp-2.0.0.tgz 0ms (cache hit)
3315 http cache side-channel-weakmap@https://registry.npmjs.org/side-channel-weakmap/-/side-channel-weakmap-1.0.2.tgz 0ms (cache hit)
3316 http cache call-bound@https://registry.npmjs.org/call-bound/-/call-bound-1.0.4.tgz 0ms (cache hit)
3317 http cache side-channel-map@https://registry.npmjs.org/side-channel-map/-/side-channel-map-1.0.1.tgz 0ms (cache hit)
3318 http cache ansi-regex@https://registry.npmjs.org/ansi-regex/-/ansi-regex-5.0.1.tgz 0ms (cache hit)
3319 http cache side-channel-list@https://registry.npmjs.org/side-channel-list/-/side-channel-list-1.0.0.tgz 0ms (cache hit)
3320 http cache object-inspect@https://registry.npmjs.org/object-inspect/-/object-inspect-1.13.4.tgz 0ms (cache hit)
3321 http cache mime@https://registry.npmjs.org/mime/-/mime-1.6.0.tgz 0ms (cache hit)
3322 http cache uri-js@https://registry.npmjs.org/uri-js/-/uri-js-4.4.1.tgz 0ms (cache hit)
3323 http cache json-schema-traverse@https://registry.npmjs.org/json-schema-traverse/-/json-schema-traverse-0.4.1.tgz 0ms (cache hit)
3324 http cache fast-deep-equal@https://registry.npmjs.org/fast-deep-equal/-/fast-deep-equal-3.1.3.tgz 0ms (cache hit)
3325 http cache ajv-keywords@https://registry.npmjs.org/ajv-keywords/-/ajv-keywords-3.5.2.tgz 0ms (cache hit)
3326 http cache ajv@https://registry.npmjs.org/ajv/-/ajv-6.14.0.tgz 0ms (cache hit)
3327 http cache @types/json-schema@https://registry.npmjs.org/@types/json-schema/-/json-schema-7.0.15.tgz 0ms (cache hit)
3328 http cache shebang-regex@https://registry.npmjs.org/shebang-regex/-/shebang-regex-3.0.0.tgz 0ms (cache hit)
3329 http cache dunder-proto@https://registry.npmjs.org/dunder-proto/-/dunder-proto-1.0.1.tgz 0ms (cache hit)
3330 http cache math-intrinsics@https://registry.npmjs.org/math-intrinsics/-/math-intrinsics-1.1.0.tgz 0ms (cache hit)
3331 http cache has-symbols@https://registry.npmjs.org/has-symbols/-/has-symbols-1.1.0.tgz 0ms (cache hit)
3332 http cache gopd@https://registry.npmjs.org/gopd/-/gopd-1.2.0.tgz 0ms (cache hit)
3333 http cache get-proto@https://registry.npmjs.org/get-proto/-/get-proto-1.0.1.tgz 0ms (cache hit)
3334 http cache es-object-atoms@https://registry.npmjs.org/es-object-atoms/-/es-object-atoms-1.1.1.tgz 0ms (cache hit)
3335 http cache es-define-property@https://registry.npmjs.org/es-define-property/-/es-define-property-1.0.1.tgz 0ms (cache hit)
3336 http cache call-bind-apply-helpers@https://registry.npmjs.org/call-bind-apply-helpers/-/call-bind-apply-helpers-1.0.2.tgz 0ms (cache hit)
3337 http cache has-tostringtag@https://registry.npmjs.org/has-tostringtag/-/has-tostringtag-1.0.2.tgz 0ms (cache hit)
3338 http cache get-intrinsic@https://registry.npmjs.org/get-intrinsic/-/get-intrinsic-1.3.0.tgz 0ms (cache hit)
3339 http cache delayed-stream@https://registry.npmjs.org/delayed-stream/-/delayed-stream-1.0.0.tgz 0ms (cache hit)
3340 http cache es-set-tostringtag@https://registry.npmjs.org/es-set-tostringtag/-/es-set-tostringtag-2.1.0.tgz 0ms (cache hit)
3341 http cache es-errors@https://registry.npmjs.org/es-errors/-/es-errors-1.3.0.tgz 0ms (cache hit)
3342 http cache combined-stream@https://registry.npmjs.org/combined-stream/-/combined-stream-1.0.8.tgz 0ms (cache hit)
3343 http cache asynckit@https://registry.npmjs.org/asynckit/-/asynckit-0.4.0.tgz 0ms (cache hit)
3344 http cache form-data@https://registry.npmjs.org/form-data/-/form-data-2.5.5.tgz 0ms (cache hit)
3345 http cache @types/tough-cookie@https://registry.npmjs.org/@types/tough-cookie/-/tough-cookie-4.0.5.tgz 0ms (cache hit)
3346 http cache @types/caseless@https://registry.npmjs.org/@types/caseless/-/caseless-0.12.5.tgz 0ms (cache hit)
3347 http cache teeny-request@https://registry.npmjs.org/teeny-request/-/teeny-request-9.0.0.tgz 0ms (cache hit)
3348 http cache @types/request@https://registry.npmjs.org/@types/request/-/request-2.48.13.tgz 0ms (cache hit)
3349 http cache function-bind@https://registry.npmjs.org/function-bind/-/function-bind-1.1.2.tgz 0ms (cache hit)
3350 http cache hasown@https://registry.npmjs.org/hasown/-/hasown-2.0.2.tgz 0ms (cache hit)
3351 http cache supports-preserve-symlinks-flag@https://registry.npmjs.org/supports-preserve-symlinks-flag/-/supports-preserve-symlinks-flag-1.0.0.tgz 0ms (cache hit)
3352 http cache is-core-module@https://registry.npmjs.org/is-core-module/-/is-core-module-2.16.1.tgz 0ms (cache hit)
3353 http cache string_decoder@https://registry.npmjs.org/string_decoder/-/string_decoder-1.3.0.tgz 0ms (cache hit)
3354 http cache path-parse@https://registry.npmjs.org/path-parse/-/path-parse-1.0.7.tgz 0ms (cache hit)
3355 http cache scheduler@https://registry.npmjs.org/scheduler/-/scheduler-0.27.0.tgz 0ms (cache hit)
3356 http cache side-channel@https://registry.npmjs.org/side-channel/-/side-channel-1.1.0.tgz 0ms (cache hit)
3357 http cache ipaddr.js@https://registry.npmjs.org/ipaddr.js/-/ipaddr.js-1.9.1.tgz 0ms (cache hit)
3358 http cache forwarded@https://registry.npmjs.org/forwarded/-/forwarded-0.2.0.tgz 0ms (cache hit)
3359 http cache @protobufjs/utf8@https://registry.npmjs.org/@protobufjs/utf8/-/utf8-1.1.0.tgz 0ms (cache hit)
3360 http cache @protobufjs/path@https://registry.npmjs.org/@protobufjs/path/-/path-1.1.2.tgz 0ms (cache hit)
3361 http cache @protobufjs/pool@https://registry.npmjs.org/@protobufjs/pool/-/pool-1.1.0.tgz 0ms (cache hit)
3362 http cache @protobufjs/inquire@https://registry.npmjs.org/@protobufjs/inquire/-/inquire-1.1.0.tgz 0ms (cache hit)
3363 http cache @protobufjs/float@https://registry.npmjs.org/@protobufjs/float/-/float-1.0.2.tgz 0ms (cache hit)
3364 http cache @protobufjs/fetch@https://registry.npmjs.org/@protobufjs/fetch/-/fetch-1.1.0.tgz 0ms (cache hit)
3365 http cache @protobufjs/eventemitter@https://registry.npmjs.org/@protobufjs/eventemitter/-/eventemitter-1.1.0.tgz 0ms (cache hit)
3366 http cache @protobufjs/codegen@https://registry.npmjs.org/@protobufjs/codegen/-/codegen-2.0.4.tgz 0ms (cache hit)
3367 http cache @protobufjs/base64@https://registry.npmjs.org/@protobufjs/base64/-/base64-1.1.2.tgz 0ms (cache hit)
3368 http cache sisteransi@https://registry.npmjs.org/sisteransi/-/sisteransi-1.0.5.tgz 0ms (cache hit)
3369 http cache @protobufjs/aspromise@https://registry.npmjs.org/@protobufjs/aspromise/-/aspromise-1.1.2.tgz 0ms (cache hit)
3370 http cache kleur@https://registry.npmjs.org/kleur/-/kleur-3.0.3.tgz 0ms (cache hit)
3371 http cache react-is@https://registry.npmjs.org/react-is/-/react-is-18.3.1.tgz 0ms (cache hit)
3372 http cache cssesc@https://registry.npmjs.org/cssesc/-/cssesc-3.0.0.tgz 0ms (cache hit)
3373 http cache postcss-selector-parser@https://registry.npmjs.org/postcss-selector-parser/-/postcss-selector-parser-7.1.1.tgz 0ms (cache hit)
3374 http cache util-deprecate@https://registry.npmjs.org/util-deprecate/-/util-deprecate-1.0.2.tgz 0ms (cache hit)
3375 http cache source-map-js@https://registry.npmjs.org/source-map-js/-/source-map-js-1.2.1.tgz 0ms (cache hit)
3376 http cache is-arrayish@https://registry.npmjs.org/is-arrayish/-/is-arrayish-0.2.1.tgz 0ms (cache hit)
3377 http cache lines-and-columns@https://registry.npmjs.org/lines-and-columns/-/lines-and-columns-1.2.4.tgz 0ms (cache hit)
3378 http cache nanoid@https://registry.npmjs.org/nanoid/-/nanoid-3.3.11.tgz 0ms (cache hit)
3379 http cache error-ex@https://registry.npmjs.org/error-ex/-/error-ex-1.3.4.tgz 0ms (cache hit)
3380 http cache json-parse-even-better-errors@https://registry.npmjs.org/json-parse-even-better-errors/-/json-parse-even-better-errors-2.3.1.tgz 0ms (cache hit)
3381 http cache is-wsl@https://registry.npmjs.org/is-wsl/-/is-wsl-2.2.0.tgz 0ms (cache hit)
3382 http cache is-docker@https://registry.npmjs.org/is-docker/-/is-docker-2.2.1.tgz 0ms (cache hit)
3383 http cache define-lazy-prop@https://registry.npmjs.org/define-lazy-prop/-/define-lazy-prop-2.0.0.tgz 0ms (cache hit)
3384 http cache mimic-fn@https://registry.npmjs.org/mimic-fn/-/mimic-fn-2.1.0.tgz 0ms (cache hit)
3385 http cache ee-first@https://registry.npmjs.org/ee-first/-/ee-first-1.1.1.tgz 0ms (cache hit)
3386 http cache is-extglob@https://registry.npmjs.org/is-extglob/-/is-extglob-2.1.1.tgz 0ms (cache hit)
3387 http cache binary-extensions@https://registry.npmjs.org/binary-extensions/-/binary-extensions-2.3.0.tgz 0ms (cache hit)
3388 http cache readdirp@https://registry.npmjs.org/readdirp/-/readdirp-3.6.0.tgz 0ms (cache hit)
3389 http cache is-glob@https://registry.npmjs.org/is-glob/-/is-glob-4.0.3.tgz 0ms (cache hit)
3390 http cache yocto-queue@https://registry.npmjs.org/yocto-queue/-/yocto-queue-0.1.0.tgz 0ms (cache hit)
3391 http cache is-binary-path@https://registry.npmjs.org/is-binary-path/-/is-binary-path-2.1.0.tgz 0ms (cache hit)
3392 http cache undefsafe@https://registry.npmjs.org/undefsafe/-/undefsafe-2.0.5.tgz 0ms (cache hit)
3393 http cache touch@https://registry.npmjs.org/touch/-/touch-3.1.1.tgz 0ms (cache hit)
3394 http cache simple-update-notifier@https://registry.npmjs.org/simple-update-notifier/-/simple-update-notifier-2.0.0.tgz 0ms (cache hit)
3395 http cache pstree.remy@https://registry.npmjs.org/pstree.remy/-/pstree.remy-1.1.8.tgz 0ms (cache hit)
3396 http cache glob-parent@https://registry.npmjs.org/glob-parent/-/glob-parent-5.1.2.tgz 0ms (cache hit)
3397 http cache ignore-by-default@https://registry.npmjs.org/ignore-by-default/-/ignore-by-default-1.0.1.tgz 0ms (cache hit)
3398 http cache chokidar@https://registry.npmjs.org/chokidar/-/chokidar-3.6.0.tgz 0ms (cache hit)
3399 http cache detect-libc@https://registry.npmjs.org/detect-libc/-/detect-libc-2.1.2.tgz 0ms (cache hit)
3400 http cache whatwg-url@https://registry.npmjs.org/whatwg-url/-/whatwg-url-5.0.0.tgz 0ms (cache hit)
3401 http cache uint8array-extras@https://registry.npmjs.org/uint8array-extras/-/uint8array-extras-1.5.0.tgz 0ms (cache hit)
3402 http cache token-types@https://registry.npmjs.org/token-types/-/token-types-6.1.2.tgz 0ms (cache hit)
3403 http cache strtok3@https://registry.npmjs.org/strtok3/-/strtok3-10.3.4.tgz 0ms (cache hit)
3404 http cache media-typer@https://registry.npmjs.org/media-typer/-/media-typer-1.1.0.tgz 0ms (cache hit)
3405 http cache link@https://registry.npmjs.org/link/-/link-2.1.2.tgz 0ms (cache hit)
3406 http cache file-type@https://registry.npmjs.org/file-type/-/file-type-19.6.0.tgz 0ms (cache hit)
3407 http cache @tokenizer/token@https://registry.npmjs.org/@tokenizer/token/-/token-0.3.0.tgz 0ms (cache hit)
3408 http cache @msgpackr-extract/msgpackr-extract-darwin-arm64@https://registry.npmjs.org/@msgpackr-extract/msgpackr-extract-darwin-arm64/-/msgpackr-extract-darwin-arm64-3.0.3.tgz 0ms (cache hit)
3409 http cache msgpackr-extract@https://registry.npmjs.org/msgpackr-extract/-/msgpackr-extract-3.0.3.tgz 0ms (cache hit)
3410 http cache concat-map@https://registry.npmjs.org/concat-map/-/concat-map-0.0.1.tgz 0ms (cache hit)
3411 http cache balanced-match@https://registry.npmjs.org/balanced-match/-/balanced-match-1.0.2.tgz 0ms (cache hit)
3412 http cache mime-db@https://registry.npmjs.org/mime-db/-/mime-db-1.52.0.tgz 0ms (cache hit)
3413 http cache brace-expansion@https://registry.npmjs.org/brace-expansion/-/brace-expansion-1.1.12.tgz 0ms (cache hit)
3414 http cache to-regex-range@https://registry.npmjs.org/to-regex-range/-/to-regex-range-5.0.1.tgz 0ms (cache hit)
3415 http cache node-gyp-build-optional-packages@https://registry.npmjs.org/node-gyp-build-optional-packages/-/node-gyp-build-optional-packages-5.2.2.tgz 0ms (cache hit)
3416 http cache braces@https://registry.npmjs.org/braces/-/braces-3.0.3.tgz 0ms (cache hit)
3417 http cache fill-range@https://registry.npmjs.org/fill-range/-/fill-range-7.1.1.tgz 0ms (cache hit)
3418 http cache fs-monkey@https://registry.npmjs.org/fs-monkey/-/fs-monkey-1.0.3.tgz 0ms (cache hit)
3419 http cache yallist@https://registry.npmjs.org/yallist/-/yallist-3.1.1.tgz 0ms (cache hit)
3420 http cache emojis-list@https://registry.npmjs.org/emojis-list/-/emojis-list-3.0.0.tgz 0ms (cache hit)
3421 http cache big.js@https://registry.npmjs.org/big.js/-/big.js-5.2.2.tgz 0ms (cache hit)
3422 http cache p-locate@https://registry.npmjs.org/p-locate/-/p-locate-4.1.0.tgz 0ms (cache hit)
3423 http cache jwa@https://registry.npmjs.org/jwa/-/jwa-2.0.1.tgz 0ms (cache hit)
3424 http cache bignumber.js@https://registry.npmjs.org/bignumber.js/-/bignumber.js-9.3.1.tgz 0ms (cache hit)
3425 http cache sprintf-js@https://registry.npmjs.org/sprintf-js/-/sprintf-js-1.0.3.tgz 0ms (cache hit)
3426 http cache esprima@https://registry.npmjs.org/esprima/-/esprima-4.0.1.tgz 0ms (cache hit)
3427 http cache argparse@https://registry.npmjs.org/argparse/-/argparse-1.0.10.tgz 0ms (cache hit)
3428 http cache leven@https://registry.npmjs.org/leven/-/leven-3.1.0.tgz 0ms (cache hit)
3429 http cache natural-compare@https://registry.npmjs.org/natural-compare/-/natural-compare-1.4.0.tgz 0ms (cache hit)
3430 http cache @babel/plugin-syntax-typescript@https://registry.npmjs.org/@babel/plugin-syntax-typescript/-/plugin-syntax-typescript-7.28.6.tgz 0ms (cache hit)
3431 http cache buffer-equal-constant-time@https://registry.npmjs.org/buffer-equal-constant-time/-/buffer-equal-constant-time-1.0.1.tgz 0ms (cache hit)
3432 http cache @babel/plugin-syntax-jsx@https://registry.npmjs.org/@babel/plugin-syntax-jsx/-/plugin-syntax-jsx-7.28.6.tgz 0ms (cache hit)
3433 http cache callsites@https://registry.npmjs.org/callsites/-/callsites-3.1.0.tgz 0ms (cache hit)
3434 http cache strip-bom@https://registry.npmjs.org/strip-bom/-/strip-bom-4.0.0.tgz 0ms (cache hit)
3435 http cache cjs-module-lexer@https://registry.npmjs.org/cjs-module-lexer/-/cjs-module-lexer-1.4.3.tgz 0ms (cache hit)
3436 http cache @jest/source-map@https://registry.npmjs.org/@jest/source-map/-/source-map-29.6.3.tgz 0ms (cache hit)
3437 http cache @jest/globals@https://registry.npmjs.org/@jest/globals/-/globals-29.7.0.tgz 0ms (cache hit)
3438 http cache detect-newline@https://registry.npmjs.org/detect-newline/-/detect-newline-3.1.0.tgz 0ms (cache hit)
3439 http cache source-map-support@https://registry.npmjs.org/source-map-support/-/source-map-support-0.5.13.tgz 0ms (cache hit)
3440 http cache jest-leak-detector@https://registry.npmjs.org/jest-leak-detector/-/jest-leak-detector-29.7.0.tgz 0ms (cache hit)
3441 http cache jest-docblock@https://registry.npmjs.org/jest-docblock/-/jest-docblock-29.7.0.tgz 0ms (cache hit)
3442 http cache emittery@https://registry.npmjs.org/emittery/-/emittery-0.13.1.tgz 0ms (cache hit)
3443 http cache jest-pnp-resolver@https://registry.npmjs.org/jest-pnp-resolver/-/jest-pnp-resolver-1.2.3.tgz 0ms (cache hit)
3444 http cache resolve.exports@https://registry.npmjs.org/resolve.exports/-/resolve.exports-2.0.3.tgz 0ms (cache hit)
3445 http cache resolve@https://registry.npmjs.org/resolve/-/resolve-1.22.11.tgz 0ms (cache hit)
3446 http cache @types/stack-utils@https://registry.npmjs.org/@types/stack-utils/-/stack-utils-2.0.3.tgz 0ms (cache hit)
3447 http cache diff-sequences@https://registry.npmjs.org/diff-sequences/-/diff-sequences-29.6.3.tgz 0ms (cache hit)
3448 http cache jest-diff@https://registry.npmjs.org/jest-diff/-/jest-diff-29.7.0.tgz 0ms (cache hit)
3449 http cache node-int64@https://registry.npmjs.org/node-int64/-/node-int64-0.4.0.tgz 0ms (cache hit)
3450 http cache bser@https://registry.npmjs.org/bser/-/bser-2.1.1.tgz 0ms (cache hit)
3451 http cache picomatch@https://registry.npmjs.org/picomatch/-/picomatch-2.3.1.tgz 0ms (cache hit)
3452 http cache walker@https://registry.npmjs.org/walker/-/walker-1.0.8.tgz 0ms (cache hit)
3453 http cache fsevents@https://registry.npmjs.org/fsevents/-/fsevents-2.3.3.tgz 0ms (cache hit)
3454 http cache normalize-path@https://registry.npmjs.org/normalize-path/-/normalize-path-3.0.0.tgz 0ms (cache hit)
3455 http cache fb-watchman@https://registry.npmjs.org/fb-watchman/-/fb-watchman-2.0.2.tgz 0ms (cache hit)
3456 http cache anymatch@https://registry.npmjs.org/anymatch/-/anymatch-3.1.3.tgz 0ms (cache hit)
3457 http cache @types/graceful-fs@https://registry.npmjs.org/@types/graceful-fs/-/graceful-fs-4.1.9.tgz 0ms (cache hit)
3458 http cache @jest/expect-utils@https://registry.npmjs.org/@jest/expect-utils/-/expect-utils-29.7.0.tgz 0ms (cache hit)
3459 http cache type-detect@https://registry.npmjs.org/type-detect/-/type-detect-4.0.8.tgz 0ms (cache hit)
3460 http cache @sinonjs/commons@https://registry.npmjs.org/@sinonjs/commons/-/commons-3.0.1.tgz 0ms (cache hit)
3461 http cache @sinonjs/fake-timers@https://registry.npmjs.org/@sinonjs/fake-timers/-/fake-timers-10.3.0.tgz 0ms (cache hit)
3462 http cache expect@https://registry.npmjs.org/expect/-/expect-29.7.0.tgz 0ms (cache hit)
3463 http cache jest-mock@https://registry.npmjs.org/jest-mock/-/jest-mock-29.7.0.tgz 0ms (cache hit)
3464 http cache @jest/fake-timers@https://registry.npmjs.org/@jest/fake-timers/-/fake-timers-29.7.0.tgz 0ms (cache hit)
3465 http cache stack-utils@https://registry.npmjs.org/stack-utils/-/stack-utils-2.0.6.tgz 0ms (cache hit)
3466 http cache pure-rand@https://registry.npmjs.org/pure-rand/-/pure-rand-6.1.0.tgz 0ms (cache hit)
3467 http cache jest-matcher-utils@https://registry.npmjs.org/jest-matcher-utils/-/jest-matcher-utils-29.7.0.tgz 0ms (cache hit)
3468 http cache jest-each@https://registry.npmjs.org/jest-each/-/jest-each-29.7.0.tgz 0ms (cache hit)
3469 http cache is-generator-fn@https://registry.npmjs.org/is-generator-fn/-/is-generator-fn-2.1.0.tgz 0ms (cache hit)
3470 http cache dedent@https://registry.npmjs.org/dedent/-/dedent-1.7.2.tgz 0ms (cache hit)
3471 http cache co@https://registry.npmjs.org/co/-/co-4.6.0.tgz 0ms (cache hit)
3472 http cache @jest/expect@https://registry.npmjs.org/@jest/expect/-/expect-29.7.0.tgz 0ms (cache hit)
3473 http cache @jest/environment@https://registry.npmjs.org/@jest/environment/-/environment-29.7.0.tgz 0ms (cache hit)
3474 http cache @babel/plugin-syntax-top-level-await@https://registry.npmjs.org/@babel/plugin-syntax-top-level-await/-/plugin-syntax-top-level-await-7.14.5.tgz 0ms (cache hit)
3475 http cache @babel/plugin-syntax-private-property-in-object@https://registry.npmjs.org/@babel/plugin-syntax-private-property-in-object/-/plugin-syntax-private-property-in-object-7.14.5.tgz 0ms (cache hit)
3476 http cache @babel/plugin-syntax-optional-chaining@https://registry.npmjs.org/@babel/plugin-syntax-optional-chaining/-/plugin-syntax-optional-chaining-7.8.3.tgz 0ms (cache hit)
3477 http cache @babel/plugin-syntax-optional-catch-binding@https://registry.npmjs.org/@babel/plugin-syntax-optional-catch-binding/-/plugin-syntax-optional-catch-binding-7.8.3.tgz 0ms (cache hit)
3478 http cache @babel/plugin-syntax-numeric-separator@https://registry.npmjs.org/@babel/plugin-syntax-numeric-separator/-/plugin-syntax-numeric-separator-7.10.4.tgz 0ms (cache hit)
3479 http cache @babel/plugin-syntax-object-rest-spread@https://registry.npmjs.org/@babel/plugin-syntax-object-rest-spread/-/plugin-syntax-object-rest-spread-7.8.3.tgz 0ms (cache hit)
3480 http cache @babel/plugin-syntax-nullish-coalescing-operator@https://registry.npmjs.org/@babel/plugin-syntax-nullish-coalescing-operator/-/plugin-syntax-nullish-coalescing-operator-7.8.3.tgz 0ms (cache hit)
3481 http cache @babel/plugin-syntax-json-strings@https://registry.npmjs.org/@babel/plugin-syntax-json-strings/-/plugin-syntax-json-strings-7.8.3.tgz 0ms (cache hit)
3482 http cache @babel/plugin-syntax-logical-assignment-operators@https://registry.npmjs.org/@babel/plugin-syntax-logical-assignment-operators/-/plugin-syntax-logical-assignment-operators-7.10.4.tgz 0ms (cache hit)
3483 http cache @babel/plugin-syntax-import-meta@https://registry.npmjs.org/@babel/plugin-syntax-import-meta/-/plugin-syntax-import-meta-7.10.4.tgz 0ms (cache hit)
3484 http cache @babel/plugin-syntax-class-properties@https://registry.npmjs.org/@babel/plugin-syntax-class-properties/-/plugin-syntax-class-properties-7.12.13.tgz 0ms (cache hit)
3485 http cache @babel/plugin-syntax-import-attributes@https://registry.npmjs.org/@babel/plugin-syntax-import-attributes/-/plugin-syntax-import-attributes-7.28.6.tgz 0ms (cache hit)
3486 http cache @babel/plugin-syntax-bigint@https://registry.npmjs.org/@babel/plugin-syntax-bigint/-/plugin-syntax-bigint-7.8.3.tgz 0ms (cache hit)
3487 http cache @babel/plugin-syntax-class-static-block@https://registry.npmjs.org/@babel/plugin-syntax-class-static-block/-/plugin-syntax-class-static-block-7.14.5.tgz 0ms (cache hit)
3488 http cache @babel/plugin-syntax-async-generators@https://registry.npmjs.org/@babel/plugin-syntax-async-generators/-/plugin-syntax-async-generators-7.8.4.tgz 0ms (cache hit)
3489 http cache babel-preset-current-node-syntax@https://registry.npmjs.org/babel-preset-current-node-syntax/-/babel-preset-current-node-syntax-1.2.0.tgz 0ms (cache hit)
3490 http cache babel-plugin-jest-hoist@https://registry.npmjs.org/babel-plugin-jest-hoist/-/babel-plugin-jest-hoist-29.6.3.tgz 0ms (cache hit)
3491 http cache @types/babel__traverse@https://registry.npmjs.org/@types/babel__traverse/-/babel__traverse-7.28.0.tgz 0ms (cache hit)
3492 http cache @types/babel__template@https://registry.npmjs.org/@types/babel__template/-/babel__template-7.4.4.tgz 0ms (cache hit)
3493 http cache @types/babel__generator@https://registry.npmjs.org/@types/babel__generator/-/babel__generator-7.27.0.tgz 0ms (cache hit)
3494 http cache babel-preset-jest@https://registry.npmjs.org/babel-preset-jest/-/babel-preset-jest-29.6.3.tgz 0ms (cache hit)
3495 http cache @types/babel__core@https://registry.npmjs.org/@types/babel__core/-/babel__core-7.20.5.tgz 0ms (cache hit)
3496 http cache strip-json-comments@https://registry.npmjs.org/strip-json-comments/-/strip-json-comments-3.1.1.tgz 0ms (cache hit)
3497 http cache parse-json@https://registry.npmjs.org/parse-json/-/parse-json-5.2.0.tgz 0ms (cache hit)
3498 http cache jest-environment-node@https://registry.npmjs.org/jest-environment-node/-/jest-environment-node-29.7.0.tgz 0ms (cache hit)
3499 http cache jest-circus@https://registry.npmjs.org/jest-circus/-/jest-circus-29.7.0.tgz 0ms (cache hit)
3500 http cache jest-get-type@https://registry.npmjs.org/jest-get-type/-/jest-get-type-29.6.3.tgz 0ms (cache hit)
3501 http cache deepmerge@https://registry.npmjs.org/deepmerge/-/deepmerge-4.3.1.tgz 0ms (cache hit)
3502 http cache babel-jest@https://registry.npmjs.org/babel-jest/-/babel-jest-29.7.0.tgz 0ms (cache hit)
3503 http cache @jest/test-sequencer@https://registry.npmjs.org/@jest/test-sequencer/-/test-sequencer-29.7.0.tgz 0ms (cache hit)
3504 http cache prompts@https://registry.npmjs.org/prompts/-/prompts-2.4.2.tgz 0ms (cache hit)
3505 http cache create-jest@https://registry.npmjs.org/create-jest/-/create-jest-29.7.0.tgz 0ms (cache hit)
3506 http cache make-dir@https://registry.npmjs.org/make-dir/-/make-dir-4.0.0.tgz 0ms (cache hit)
3507 http cache html-escaper@https://registry.npmjs.org/html-escaper/-/html-escaper-2.0.2.tgz 0ms (cache hit)
3508 http cache p-limit@https://registry.npmjs.org/p-limit/-/p-limit-3.1.0.tgz 0ms (cache hit)
3509 http cache resolve-cwd@https://registry.npmjs.org/resolve-cwd/-/resolve-cwd-3.0.0.tgz 0ms (cache hit)
3510 http cache pkg-dir@https://registry.npmjs.org/pkg-dir/-/pkg-dir-4.2.0.tgz 0ms (cache hit)
3511 http cache minimatch@https://registry.npmjs.org/minimatch/-/minimatch-3.1.5.tgz 0ms (cache hit)
3512 http cache wrappy@https://registry.npmjs.org/wrappy/-/wrappy-1.0.2.tgz 0ms (cache hit)
3513 http cache fs.realpath@https://registry.npmjs.org/fs.realpath/-/fs.realpath-1.0.0.tgz 0ms (cache hit)
3514 http cache inflight@https://registry.npmjs.org/inflight/-/inflight-1.0.6.tgz 0ms (cache hit)
3515 http cache color-name@https://registry.npmjs.org/color-name/-/color-name-1.1.4.tgz 0ms (cache hit)
3516 http cache locate-path@https://registry.npmjs.org/locate-path/-/locate-path-5.0.0.tgz 0ms (cache hit)
3517 http cache color-convert@https://registry.npmjs.org/color-convert/-/color-convert-2.0.1.tgz 0ms (cache hit)
3518 http cache supports-color@https://registry.npmjs.org/supports-color/-/supports-color-7.2.0.tgz 0ms (cache hit)
3519 http cache path-is-absolute@https://registry.npmjs.org/path-is-absolute/-/path-is-absolute-1.0.1.tgz 0ms (cache hit)
3520 http cache ansi-styles@https://registry.npmjs.org/ansi-styles/-/ansi-styles-4.3.0.tgz 0ms (cache hit)
3521 http cache path-exists@https://registry.npmjs.org/path-exists/-/path-exists-4.0.0.tgz 0ms (cache hit)
3522 http cache electron-to-chromium@https://registry.npmjs.org/electron-to-chromium/-/electron-to-chromium-1.5.307.tgz 0ms (cache hit)
3523 http cache caniuse-lite@https://registry.npmjs.org/caniuse-lite/-/caniuse-lite-1.0.30001777.tgz 0ms (cache hit)
3524 http cache baseline-browser-mapping@https://registry.npmjs.org/baseline-browser-mapping/-/baseline-browser-mapping-2.10.0.tgz 0ms (cache hit)
3525 http cache update-browserslist-db@https://registry.npmjs.org/update-browserslist-db/-/update-browserslist-db-1.2.3.tgz 0ms (cache hit)
3526 http cache resolve-from@https://registry.npmjs.org/resolve-from/-/resolve-from-5.0.0.tgz 0ms (cache hit)
3527 http cache get-package-type@https://registry.npmjs.org/get-package-type/-/get-package-type-0.1.0.tgz 0ms (cache hit)
3528 http cache find-up@https://registry.npmjs.org/find-up/-/find-up-4.1.0.tgz 0ms (cache hit)
3529 http cache camelcase@https://registry.npmjs.org/camelcase/-/camelcase-5.3.1.tgz 0ms (cache hit)
3530 http cache js-yaml@https://registry.npmjs.org/js-yaml/-/js-yaml-3.14.2.tgz 0ms (cache hit)
3531 http cache test-exclude@https://registry.npmjs.org/test-exclude/-/test-exclude-6.0.0.tgz 0ms (cache hit)
3532 http cache @babel/helper-plugin-utils@https://registry.npmjs.org/@babel/helper-plugin-utils/-/helper-plugin-utils-7.28.6.tgz 0ms (cache hit)
3533 http cache type-fest@https://registry.npmjs.org/type-fest/-/type-fest-0.21.3.tgz 0ms (cache hit)
3534 http cache node-releases@https://registry.npmjs.org/node-releases/-/node-releases-2.0.36.tgz 0ms (cache hit)
3535 http cache @istanbuljs/load-nyc-config@https://registry.npmjs.org/@istanbuljs/load-nyc-config/-/load-nyc-config-1.1.0.tgz 0ms (cache hit)
3536 http cache @types/yargs-parser@https://registry.npmjs.org/@types/yargs-parser/-/yargs-parser-21.0.3.tgz 0ms (cache hit)
3537 http cache @jridgewell/resolve-uri@https://registry.npmjs.org/@jridgewell/resolve-uri/-/resolve-uri-3.1.2.tgz 0ms (cache hit)
3538 http cache @types/istanbul-lib-report@https://registry.npmjs.org/@types/istanbul-lib-report/-/istanbul-lib-report-3.0.3.tgz 0ms (cache hit)
3539 http cache @jridgewell/sourcemap-codec@https://registry.npmjs.org/@jridgewell/sourcemap-codec/-/sourcemap-codec-1.5.5.tgz 0ms (cache hit)
3540 http cache @istanbuljs/schema@https://registry.npmjs.org/@istanbuljs/schema/-/schema-0.1.3.tgz 0ms (cache hit)
3541 http cache @sinclair/typebox@https://registry.npmjs.org/@sinclair/typebox/-/typebox-0.27.10.tgz 0ms (cache hit)
3542 http cache @types/istanbul-reports@https://registry.npmjs.org/@types/istanbul-reports/-/istanbul-reports-3.0.4.tgz 0ms (cache hit)
3543 http cache @babel/helper-string-parser@https://registry.npmjs.org/@babel/helper-string-parser/-/helper-string-parser-7.27.1.tgz 0ms (cache hit)
3544 http cache @types/yargs@https://registry.npmjs.org/@types/yargs/-/yargs-17.0.35.tgz 0ms (cache hit)
3545 http cache @babel/helper-globals@https://registry.npmjs.org/@babel/helper-globals/-/helper-globals-7.28.0.tgz 0ms (cache hit)
3546 http cache @babel/helper-module-imports@https://registry.npmjs.org/@babel/helper-module-imports/-/helper-module-imports-7.28.6.tgz 0ms (cache hit)
3547 http cache lru-cache@https://registry.npmjs.org/lru-cache/-/lru-cache-5.1.1.tgz 0ms (cache hit)
3548 http cache browserslist@https://registry.npmjs.org/browserslist/-/browserslist-4.28.1.tgz 0ms (cache hit)
3549 http cache @babel/compat-data@https://registry.npmjs.org/@babel/compat-data/-/compat-data-7.29.0.tgz 0ms (cache hit)
3550 http cache jsesc@https://registry.npmjs.org/jsesc/-/jsesc-3.1.0.tgz 0ms (cache hit)
3551 http cache @jridgewell/gen-mapping@https://registry.npmjs.org/@jridgewell/gen-mapping/-/gen-mapping-0.3.13.tgz 0ms (cache hit)
3552 http cache picocolors@https://registry.npmjs.org/picocolors/-/picocolors-1.1.1.tgz 0ms (cache hit)
3553 http cache @babel/helper-validator-option@https://registry.npmjs.org/@babel/helper-validator-option/-/helper-validator-option-7.27.1.tgz 0ms (cache hit)
3554 http cache js-tokens@https://registry.npmjs.org/js-tokens/-/js-tokens-4.0.0.tgz 0ms (cache hit)
3555 http cache @babel/helper-validator-identifier@https://registry.npmjs.org/@babel/helper-validator-identifier/-/helper-validator-identifier-7.28.5.tgz 0ms (cache hit)
3556 http cache json5@https://registry.npmjs.org/json5/-/json5-2.2.3.tgz 0ms (cache hit)
3557 http cache gensync@https://registry.npmjs.org/gensync/-/gensync-1.0.0-beta.2.tgz 0ms (cache hit)
3558 http cache @jridgewell/remapping@https://registry.npmjs.org/@jridgewell/remapping/-/remapping-2.3.5.tgz 0ms (cache hit)
3559 http cache @babel/traverse@https://registry.npmjs.org/@babel/traverse/-/traverse-7.29.0.tgz 0ms (cache hit)
3560 http cache @babel/parser@https://registry.npmjs.org/@babel/parser/-/parser-7.29.0.tgz 0ms (cache hit)
3561 http cache @babel/template@https://registry.npmjs.org/@babel/template/-/template-7.28.6.tgz 0ms (cache hit)
3562 http cache @babel/helpers@https://registry.npmjs.org/@babel/helpers/-/helpers-7.28.6.tgz 0ms (cache hit)
3563 http cache @babel/helper-module-transforms@https://registry.npmjs.org/@babel/helper-module-transforms/-/helper-module-transforms-7.28.6.tgz 0ms (cache hit)
3564 http cache @babel/helper-compilation-targets@https://registry.npmjs.org/@babel/helper-compilation-targets/-/helper-compilation-targets-7.28.6.tgz 0ms (cache hit)
3565 http cache @babel/code-frame@https://registry.npmjs.org/@babel/code-frame/-/code-frame-7.29.0.tgz 0ms (cache hit)
3566 http cache @jest/schemas@https://registry.npmjs.org/@jest/schemas/-/schemas-29.6.3.tgz 0ms (cache hit)
3567 http cache write-file-atomic@https://registry.npmjs.org/write-file-atomic/-/write-file-atomic-4.0.2.tgz 0ms (cache hit)
3568 http cache @babel/generator@https://registry.npmjs.org/@babel/generator/-/generator-7.29.1.tgz 0ms (cache hit)
3569 http cache fast-json-stable-stringify@https://registry.npmjs.org/fast-json-stable-stringify/-/fast-json-stable-stringify-2.1.0.tgz 0ms (cache hit)
3570 http cache convert-source-map@https://registry.npmjs.org/convert-source-map/-/convert-source-map-2.0.0.tgz 0ms (cache hit)
3571 http cache babel-plugin-istanbul@https://registry.npmjs.org/babel-plugin-istanbul/-/babel-plugin-istanbul-6.1.1.tgz 0ms (cache hit)
3572 http cache @babel/core@https://registry.npmjs.org/@babel/core/-/core-7.29.0.tgz 0ms (cache hit)
3573 http cache @babel/types@https://registry.npmjs.org/@babel/types/-/types-7.29.0.tgz 0ms (cache hit)
3574 http cache @types/istanbul-lib-coverage@https://registry.npmjs.org/@types/istanbul-lib-coverage/-/istanbul-lib-coverage-2.0.6.tgz 1ms (cache hit)
3575 http cache jest-worker@https://registry.npmjs.org/jest-worker/-/jest-worker-29.7.0.tgz 0ms (cache hit)
3576 http cache v8-to-istanbul@https://registry.npmjs.org/v8-to-istanbul/-/v8-to-istanbul-9.3.0.tgz 0ms (cache hit)
3577 http cache istanbul-reports@https://registry.npmjs.org/istanbul-reports/-/istanbul-reports-3.2.0.tgz 0ms (cache hit)
3578 http cache string-length@https://registry.npmjs.org/string-length/-/string-length-4.0.2.tgz 0ms (cache hit)
3579 http cache istanbul-lib-source-maps@https://registry.npmjs.org/istanbul-lib-source-maps/-/istanbul-lib-source-maps-4.0.1.tgz 0ms (cache hit)
3580 http cache istanbul-lib-report@https://registry.npmjs.org/istanbul-lib-report/-/istanbul-lib-report-3.0.1.tgz 0ms (cache hit)
3581 http cache istanbul-lib-instrument@https://registry.npmjs.org/istanbul-lib-instrument/-/istanbul-lib-instrument-6.0.3.tgz 0ms (cache hit)
3582 http cache glob@https://registry.npmjs.org/glob/-/glob-7.2.3.tgz 0ms (cache hit)
3583 http cache collect-v8-coverage@https://registry.npmjs.org/collect-v8-coverage/-/collect-v8-coverage-1.0.3.tgz 0ms (cache hit)
3584 http cache pirates@https://registry.npmjs.org/pirates/-/pirates-4.0.7.tgz 0ms (cache hit)
3585 http cache @jridgewell/trace-mapping@https://registry.npmjs.org/@jridgewell/trace-mapping/-/trace-mapping-0.3.31.tgz 0ms (cache hit)
3586 http cache @bcoe/v8-coverage@https://registry.npmjs.org/@bcoe/v8-coverage/-/v8-coverage-0.2.3.tgz 0ms (cache hit)
3587 http cache slash@https://registry.npmjs.org/slash/-/slash-3.0.0.tgz 0ms (cache hit)
3588 http cache strip-ansi@https://registry.npmjs.org/strip-ansi/-/strip-ansi-6.0.1.tgz 0ms (cache hit)
3589 http cache pretty-format@https://registry.npmjs.org/pretty-format/-/pretty-format-29.7.0.tgz 0ms (cache hit)
3590 http cache micromatch@https://registry.npmjs.org/micromatch/-/micromatch-4.0.8.tgz 0ms (cache hit)
3591 http cache jest-watcher@https://registry.npmjs.org/jest-watcher/-/jest-watcher-29.7.0.tgz 0ms (cache hit)
3592 http cache jest-validate@https://registry.npmjs.org/jest-validate/-/jest-validate-29.7.0.tgz 0ms (cache hit)
3593 http cache istanbul-lib-coverage@https://registry.npmjs.org/istanbul-lib-coverage/-/istanbul-lib-coverage-3.2.2.tgz 0ms (cache hit)
3594 http cache jest-snapshot@https://registry.npmjs.org/jest-snapshot/-/jest-snapshot-29.7.0.tgz 0ms (cache hit)
3595 http cache jest-runtime@https://registry.npmjs.org/jest-runtime/-/jest-runtime-29.7.0.tgz 0ms (cache hit)
3596 http cache jest-runner@https://registry.npmjs.org/jest-runner/-/jest-runner-29.7.0.tgz 0ms (cache hit)
3597 http cache jest-resolve-dependencies@https://registry.npmjs.org/jest-resolve-dependencies/-/jest-resolve-dependencies-29.7.0.tgz 0ms (cache hit)
3598 http cache jest-regex-util@https://registry.npmjs.org/jest-regex-util/-/jest-regex-util-29.6.3.tgz 0ms (cache hit)
3599 http cache jest-message-util@https://registry.npmjs.org/jest-message-util/-/jest-message-util-29.7.0.tgz 0ms (cache hit)
3600 http cache jest-haste-map@https://registry.npmjs.org/jest-haste-map/-/jest-haste-map-29.7.0.tgz 0ms (cache hit)
3601 http cache jest-config@https://registry.npmjs.org/jest-config/-/jest-config-29.7.0.tgz 0ms (cache hit)
3602 http cache jest-resolve@https://registry.npmjs.org/jest-resolve/-/jest-resolve-29.7.0.tgz 0ms (cache hit)
3603 http cache jest-changed-files@https://registry.npmjs.org/jest-changed-files/-/jest-changed-files-29.7.0.tgz 0ms (cache hit)
3604 http cache graceful-fs@https://registry.npmjs.org/graceful-fs/-/graceful-fs-4.2.11.tgz 0ms (cache hit)
3605 http cache jest-util@https://registry.npmjs.org/jest-util/-/jest-util-29.7.0.tgz 0ms (cache hit)
3606 http cache exit@https://registry.npmjs.org/exit/-/exit-0.1.2.tgz 0ms (cache hit)
3607 http cache chalk@https://registry.npmjs.org/chalk/-/chalk-4.1.2.tgz 0ms (cache hit)
3608 http cache @jest/transform@https://registry.npmjs.org/@jest/transform/-/transform-29.7.0.tgz 0ms (cache hit)
3609 http cache @jest/test-result@https://registry.npmjs.org/@jest/test-result/-/test-result-29.7.0.tgz 0ms (cache hit)
3610 http cache @jest/reporters@https://registry.npmjs.org/@jest/reporters/-/reporters-29.7.0.tgz 0ms (cache hit)
3611 http cache @jest/console@https://registry.npmjs.org/@jest/console/-/console-29.7.0.tgz 0ms (cache hit)
3612 http cache jest-cli@https://registry.npmjs.org/jest-cli/-/jest-cli-29.7.0.tgz 0ms (cache hit)
3613 http cache ci-info@https://registry.npmjs.org/ci-info/-/ci-info-3.9.0.tgz 0ms (cache hit)
3614 http cache import-local@https://registry.npmjs.org/import-local/-/import-local-3.2.0.tgz 0ms (cache hit)
3615 http cache @jest/types@https://registry.npmjs.org/@jest/types/-/types-29.6.3.tgz 0ms (cache hit)
3616 http cache ansi-escapes@https://registry.npmjs.org/ansi-escapes/-/ansi-escapes-4.3.2.tgz 0ms (cache hit)
3617 http cache @jest/core@https://registry.npmjs.org/@jest/core/-/core-29.7.0.tgz 0ms (cache hit)
3618 http cache redis-parser@https://registry.npmjs.org/redis-parser/-/redis-parser-3.0.0.tgz 0ms (cache hit)
3619 http cache redis-errors@https://registry.npmjs.org/redis-errors/-/redis-errors-1.2.0.tgz 0ms (cache hit)
3620 http cache lodash.isarguments@https://registry.npmjs.org/lodash.isarguments/-/lodash.isarguments-3.1.0.tgz 0ms (cache hit)
3621 http cache lodash.defaults@https://registry.npmjs.org/lodash.defaults/-/lodash.defaults-4.2.0.tgz 0ms (cache hit)
3622 http cache standard-as-callback@https://registry.npmjs.org/standard-as-callback/-/standard-as-callback-2.1.0.tgz 0ms (cache hit)
3623 http cache denque@https://registry.npmjs.org/denque/-/denque-2.1.0.tgz 0ms (cache hit)
3624 http cache cluster-key-slot@https://registry.npmjs.org/cluster-key-slot/-/cluster-key-slot-1.1.2.tgz 0ms (cache hit)
3625 http cache @ioredis/commands@https://registry.npmjs.org/@ioredis/commands/-/commands-1.5.1.tgz 0ms (cache hit)
3626 http cache agent-base@https://registry.npmjs.org/agent-base/-/agent-base-7.1.4.tgz 0ms (cache hit)
3627 http cache toidentifier@https://registry.npmjs.org/toidentifier/-/toidentifier-1.0.1.tgz 0ms (cache hit)
3628 http cache json-bigint@https://registry.npmjs.org/json-bigint/-/json-bigint-1.0.0.tgz 0ms (cache hit)
3629 http cache google-logging-utils@https://registry.npmjs.org/google-logging-utils/-/google-logging-utils-0.0.2.tgz 0ms (cache hit)
3630 http cache https-proxy-agent@https://registry.npmjs.org/https-proxy-agent/-/https-proxy-agent-7.0.6.tgz 0ms (cache hit)
3631 http cache extend@https://registry.npmjs.org/extend/-/extend-3.0.2.tgz 0ms (cache hit)
3632 http cache jws@https://registry.npmjs.org/jws/-/jws-4.0.1.tgz 0ms (cache hit)
3633 http cache gtoken@https://registry.npmjs.org/gtoken/-/gtoken-7.1.0.tgz 0ms (cache hit)
3634 http cache gcp-metadata@https://registry.npmjs.org/gcp-metadata/-/gcp-metadata-6.1.1.tgz 0ms (cache hit)
3635 http cache gaxios@https://registry.npmjs.org/gaxios/-/gaxios-6.7.1.tgz 0ms (cache hit)
3636 http cache ecdsa-sig-formatter@https://registry.npmjs.org/ecdsa-sig-formatter/-/ecdsa-sig-formatter-1.0.11.tgz 0ms (cache hit)
3637 http cache base64-js@https://registry.npmjs.org/base64-js/-/base64-js-1.5.1.tgz 0ms (cache hit)
3638 http cache safer-buffer@https://registry.npmjs.org/safer-buffer/-/safer-buffer-2.1.2.tgz 0ms (cache hit)
3639 http cache once@https://registry.npmjs.org/once/-/once-1.4.0.tgz 0ms (cache hit)
3640 http cache stream-shift@https://registry.npmjs.org/stream-shift/-/stream-shift-1.0.3.tgz 0ms (cache hit)
3641 http cache end-of-stream@https://registry.npmjs.org/end-of-stream/-/end-of-stream-1.4.5.tgz 0ms (cache hit)
3642 http cache yargs@https://registry.npmjs.org/yargs/-/yargs-17.7.2.tgz 0ms (cache hit)
3643 http cache event-target-shim@https://registry.npmjs.org/event-target-shim/-/event-target-shim-5.0.1.tgz 0ms (cache hit)
3644 http cache long@https://registry.npmjs.org/long/-/long-5.3.2.tgz 0ms (cache hit)
3645 http cache lodash.camelcase@https://registry.npmjs.org/lodash.camelcase/-/lodash.camelcase-4.3.0.tgz 0ms (cache hit)
3646 http cache retry-request@https://registry.npmjs.org/retry-request/-/retry-request-7.0.2.tgz 0ms (cache hit)
3647 http cache readable-stream@https://registry.npmjs.org/readable-stream/-/readable-stream-3.6.2.tgz 0ms (cache hit)
3648 http cache proto3-json-serializer@https://registry.npmjs.org/proto3-json-serializer/-/proto3-json-serializer-2.0.2.tgz 0ms (cache hit)
3649 http cache @js-sdsl/ordered-map@https://registry.npmjs.org/@js-sdsl/ordered-map/-/ordered-map-4.4.2.tgz 0ms (cache hit)
3650 http cache protobufjs@https://registry.npmjs.org/protobufjs/-/protobufjs-7.5.4.tgz 0ms (cache hit)
3651 http cache inherits@https://registry.npmjs.org/inherits/-/inherits-2.0.4.tgz 0ms (cache hit)
3652 http cache object-hash@https://registry.npmjs.org/object-hash/-/object-hash-3.0.0.tgz 0ms (cache hit)
3653 http cache google-auth-library@https://registry.npmjs.org/google-auth-library/-/google-auth-library-9.15.1.tgz 0ms (cache hit)
3654 http cache abort-controller@https://registry.npmjs.org/abort-controller/-/abort-controller-3.0.0.tgz 0ms (cache hit)
3655 http cache duplexify@https://registry.npmjs.org/duplexify/-/duplexify-4.1.3.tgz 0ms (cache hit)
3656 http cache @types/long@https://registry.npmjs.org/@types/long/-/long-4.0.2.tgz 0ms (cache hit)
3657 http cache @grpc/proto-loader@https://registry.npmjs.org/@grpc/proto-loader/-/proto-loader-0.7.15.tgz 0ms (cache hit)
3658 http cache undici-types@https://registry.npmjs.org/undici-types/-/undici-types-7.18.2.tgz 0ms (cache hit)
3659 http cache @types/node@https://registry.npmjs.org/@types/node/-/node-25.3.5.tgz 0ms (cache hit)
3660 http cache yauzl@https://registry.npmjs.org/yauzl/-/yauzl-2.10.0.tgz 0ms (cache hit)
3661 http cache node-fetch@https://registry.npmjs.org/node-fetch/-/node-fetch-2.7.0.tgz 0ms (cache hit)
3662 http cache ms@https://registry.npmjs.org/ms/-/ms-2.0.0.tgz 0ms (cache hit)
3663 http cache @types/yauzl@https://registry.npmjs.org/@types/yauzl/-/yauzl-2.10.3.tgz 0ms (cache hit)
3664 http cache unpipe@https://registry.npmjs.org/unpipe/-/unpipe-1.0.0.tgz 0ms (cache hit)
3665 http cache raw-body@https://registry.npmjs.org/raw-body/-/raw-body-2.5.3.tgz 0ms (cache hit)
3666 http cache iconv-lite@https://registry.npmjs.org/iconv-lite/-/iconv-lite-0.4.24.tgz 0ms (cache hit)
3667 http cache @grpc/grpc-js@https://registry.npmjs.org/@grpc/grpc-js/-/grpc-js-1.14.3.tgz 0ms (cache hit)
3668 http cache bytes@https://registry.npmjs.org/bytes/-/bytes-3.1.2.tgz 0ms (cache hit)
3669 http cache negotiator@https://registry.npmjs.org/negotiator/-/negotiator-0.6.3.tgz 0ms (cache hit)
3670 http cache utils-merge@https://registry.npmjs.org/utils-merge/-/utils-merge-1.0.1.tgz 0ms (cache hit)
3671 http cache type-is@https://registry.npmjs.org/type-is/-/type-is-1.6.18.tgz 0ms (cache hit)
3672 http cache statuses@https://registry.npmjs.org/statuses/-/statuses-2.0.2.tgz 0ms (cache hit)
3673 http cache destroy@https://registry.npmjs.org/destroy/-/destroy-1.2.0.tgz 0ms (cache hit)
3674 http cache serve-static@https://registry.npmjs.org/serve-static/-/serve-static-1.16.3.tgz 0ms (cache hit)
3675 http cache send@https://registry.npmjs.org/send/-/send-0.19.2.tgz 0ms (cache hit)
3676 http cache safe-buffer@https://registry.npmjs.org/safe-buffer/-/safe-buffer-5.2.1.tgz 0ms (cache hit)
3677 http cache range-parser@https://registry.npmjs.org/range-parser/-/range-parser-1.2.1.tgz 0ms (cache hit)
3678 http cache setprototypeof@https://registry.npmjs.org/setprototypeof/-/setprototypeof-1.2.0.tgz 0ms (cache hit)
3679 http cache qs@https://registry.npmjs.org/qs/-/qs-6.14.2.tgz 0ms (cache hit)
3680 http cache proxy-addr@https://registry.npmjs.org/proxy-addr/-/proxy-addr-2.0.7.tgz 0ms (cache hit)
3681 http cache path-to-regexp@https://registry.npmjs.org/path-to-regexp/-/path-to-regexp-0.1.12.tgz 0ms (cache hit)
3682 http cache mime-types@https://registry.npmjs.org/mime-types/-/mime-types-2.1.35.tgz 0ms (cache hit)
3683 http cache parseurl@https://registry.npmjs.org/parseurl/-/parseurl-1.3.3.tgz 0ms (cache hit)
3684 http cache on-finished@https://registry.npmjs.org/on-finished/-/on-finished-2.4.1.tgz 0ms (cache hit)
3685 http cache fresh@https://registry.npmjs.org/fresh/-/fresh-0.5.2.tgz 0ms (cache hit)
3686 http cache merge-descriptors@https://registry.npmjs.org/merge-descriptors/-/merge-descriptors-1.0.3.tgz 0ms (cache hit)
3687 http cache http-errors@https://registry.npmjs.org/http-errors/-/http-errors-2.0.1.tgz 0ms (cache hit)
3688 http cache methods@https://registry.npmjs.org/methods/-/methods-1.1.2.tgz 0ms (cache hit)
3689 http cache etag@https://registry.npmjs.org/etag/-/etag-1.8.1.tgz 0ms (cache hit)
3690 http cache finalhandler@https://registry.npmjs.org/finalhandler/-/finalhandler-1.3.2.tgz 0ms (cache hit)
3691 http cache depd@https://registry.npmjs.org/depd/-/depd-2.0.0.tgz 0ms (cache hit)
3692 http cache encodeurl@https://registry.npmjs.org/encodeurl/-/encodeurl-2.0.0.tgz 0ms (cache hit)
3693 http cache debug@https://registry.npmjs.org/debug/-/debug-2.6.9.tgz 0ms (cache hit)
3694 http cache cookie-signature@https://registry.npmjs.org/cookie-signature/-/cookie-signature-1.0.7.tgz 0ms (cache hit)
3695 http cache cookie@https://registry.npmjs.org/cookie/-/cookie-0.7.2.tgz 0ms (cache hit)
3696 http cache content-type@https://registry.npmjs.org/content-type/-/content-type-1.0.5.tgz 0ms (cache hit)
3697 http cache content-disposition@https://registry.npmjs.org/content-disposition/-/content-disposition-0.5.4.tgz 0ms (cache hit)
3698 http cache body-parser@https://registry.npmjs.org/body-parser/-/body-parser-1.20.4.tgz 0ms (cache hit)
3699 http cache escape-html@https://registry.npmjs.org/escape-html/-/escape-html-1.0.3.tgz 0ms (cache hit)
3700 http cache accepts@https://registry.npmjs.org/accepts/-/accepts-1.3.8.tgz 0ms (cache hit)
3701 http cache which@https://registry.npmjs.org/which/-/which-2.0.2.tgz 0ms (cache hit)
3702 http cache shebang-command@https://registry.npmjs.org/shebang-command/-/shebang-command-2.0.0.tgz 0ms (cache hit)
3703 http cache strip-final-newline@https://registry.npmjs.org/strip-final-newline/-/strip-final-newline-2.0.0.tgz 0ms (cache hit)
3704 http cache array-flatten@https://registry.npmjs.org/array-flatten/-/array-flatten-1.1.1.tgz 0ms (cache hit)
3705 http cache signal-exit@https://registry.npmjs.org/signal-exit/-/signal-exit-3.0.7.tgz 0ms (cache hit)
3706 http cache npm-run-path@https://registry.npmjs.org/npm-run-path/-/npm-run-path-4.0.1.tgz 0ms (cache hit)
3707 http cache merge-stream@https://registry.npmjs.org/merge-stream/-/merge-stream-2.0.0.tgz 0ms (cache hit)
3708 http cache is-stream@https://registry.npmjs.org/is-stream/-/is-stream-2.0.1.tgz 0ms (cache hit)
3709 http cache human-signals@https://registry.npmjs.org/human-signals/-/human-signals-2.1.0.tgz 0ms (cache hit)
3710 http cache onetime@https://registry.npmjs.org/onetime/-/onetime-5.1.2.tgz 0ms (cache hit)
3711 http cache get-stream@https://registry.npmjs.org/get-stream/-/get-stream-6.0.1.tgz 0ms (cache hit)
3712 http cache cross-spawn@https://registry.npmjs.org/cross-spawn/-/cross-spawn-7.0.6.tgz 0ms (cache hit)
3713 http cache path-key@https://registry.npmjs.org/path-key/-/path-key-3.1.1.tgz 0ms (cache hit)
3714 http cache postcss-value-parser@https://registry.npmjs.org/postcss-value-parser/-/postcss-value-parser-4.2.0.tgz 0ms (cache hit)
3715 http cache @esbuild/darwin-arm64@https://registry.npmjs.org/@esbuild/darwin-arm64/-/darwin-arm64-0.25.0.tgz 0ms (cache hit)
3716 http cache postcss-modules-local-by-default@https://registry.npmjs.org/postcss-modules-local-by-default/-/postcss-modules-local-by-default-4.2.0.tgz 0ms (cache hit)
3717 http cache schema-utils@https://registry.npmjs.org/schema-utils/-/schema-utils-3.3.0.tgz 0ms (cache hit)
3718 http cache postcss-modules-extract-imports@https://registry.npmjs.org/postcss-modules-extract-imports/-/postcss-modules-extract-imports-3.1.0.tgz 0ms (cache hit)
3719 http cache postcss@https://registry.npmjs.org/postcss/-/postcss-8.5.8.tgz 0ms (cache hit)
3720 http cache postcss-modules-scope@https://registry.npmjs.org/postcss-modules-scope/-/postcss-modules-scope-3.2.1.tgz 0ms (cache hit)
3721 http cache postcss-modules-values@https://registry.npmjs.org/postcss-modules-values/-/postcss-modules-values-4.0.0.tgz 0ms (cache hit)
3722 http cache icss-utils@https://registry.npmjs.org/icss-utils/-/icss-utils-5.1.0.tgz 0ms (cache hit)
3723 http cache luxon@https://registry.npmjs.org/luxon/-/luxon-3.7.2.tgz 0ms (cache hit)
3724 http cache vary@https://registry.npmjs.org/vary/-/vary-1.1.2.tgz 0ms (cache hit)
3725 http cache object-assign@https://registry.npmjs.org/object-assign/-/object-assign-4.1.1.tgz 0ms (cache hit)
3726 http cache tslib@https://registry.npmjs.org/tslib/-/tslib-2.8.1.tgz 0ms (cache hit)
3727 http cache msgpackr@https://registry.npmjs.org/msgpackr/-/msgpackr-1.11.5.tgz 0ms (cache hit)
3728 http cache node-abort-controller@https://registry.npmjs.org/node-abort-controller/-/node-abort-controller-3.1.1.tgz 0ms (cache hit)
3729 http cache cron-parser@https://registry.npmjs.org/cron-parser/-/cron-parser-4.9.0.tgz 0ms (cache hit)
3730 http cache semver@https://registry.npmjs.org/semver/-/semver-7.5.3.tgz 0ms (cache hit)
3731 http cache open@https://registry.npmjs.org/open/-/open-8.4.2.tgz 0ms (cache hit)
3732 http cache loader-utils@https://registry.npmjs.org/loader-utils/-/loader-utils-2.0.4.tgz 0ms (cache hit)
3733 http cache memfs@https://registry.npmjs.org/memfs/-/memfs-3.4.3.tgz 0ms (cache hit)
3734 http cache zod@https://registry.npmjs.org/zod/-/zod-3.22.3.tgz 0ms (cache hit)
3735 http cache @remotion/zod-types@https://registry.npmjs.org/@remotion/zod-types/-/zod-types-4.0.290.tgz 0ms (cache hit)
3736 http cache @remotion/player@https://registry.npmjs.org/@remotion/player/-/player-4.0.290.tgz 0ms (cache hit)
3737 http cache @remotion/media-parser@https://registry.npmjs.org/@remotion/media-parser/-/media-parser-4.0.290.tgz 0ms (cache hit)
3738 http cache ws@https://registry.npmjs.org/ws/-/ws-8.17.1.tgz 0ms (cache hit)
3739 http cache extract-zip@https://registry.npmjs.org/extract-zip/-/extract-zip-2.0.1.tgz 0ms (cache hit)
3740 http cache execa@https://registry.npmjs.org/execa/-/execa-5.1.1.tgz 0ms (cache hit)
3741 http cache @remotion/streaming@https://registry.npmjs.org/@remotion/streaming/-/streaming-4.0.290.tgz 0ms (cache hit)
3742 http cache @remotion/compositor-darwin-arm64@https://registry.npmjs.org/@remotion/compositor-darwin-arm64/-/compositor-darwin-arm64-4.0.290.tgz 0ms (cache hit)
3743 http cache style-loader@https://registry.npmjs.org/style-loader/-/style-loader-4.0.0.tgz 0ms (cache hit)
3744 http cache source-map@https://registry.npmjs.org/source-map/-/source-map-0.7.3.tgz 0ms (cache hit)
3745 http cache react-refresh@https://registry.npmjs.org/react-refresh/-/react-refresh-0.9.0.tgz 0ms (cache hit)
3746 http cache remotion@https://registry.npmjs.org/remotion/-/remotion-4.0.290.tgz 0ms (cache hit)
3747 http cache esbuild@https://registry.npmjs.org/esbuild/-/esbuild-0.25.0.tgz 0ms (cache hit)
3748 http cache @remotion/media-utils@https://registry.npmjs.org/@remotion/media-utils/-/media-utils-4.0.290.tgz 0ms (cache hit)
3749 http cache webpack@https://registry.npmjs.org/webpack/-/webpack-5.96.1.tgz 0ms (cache hit)
3750 http cache @remotion/studio@https://registry.npmjs.org/@remotion/studio/-/studio-4.0.290.tgz 0ms (cache hit)
3751 http cache @remotion/studio-shared@https://registry.npmjs.org/@remotion/studio-shared/-/studio-shared-4.0.290.tgz 0ms (cache hit)
3752 http cache uuid@https://registry.npmjs.org/uuid/-/uuid-10.0.0.tgz 0ms (cache hit)
3753 http cache css-loader@https://registry.npmjs.org/css-loader/-/css-loader-5.2.7.tgz 0ms (cache hit)
3754 http cache music-metadata@https://registry.npmjs.org/music-metadata/-/music-metadata-10.9.1.tgz 0ms (cache hit)
3755 http cache slugify@https://registry.npmjs.org/slugify/-/slugify-1.6.6.tgz 0ms (cache hit)
3756 http cache nodemon@https://registry.npmjs.org/nodemon/-/nodemon-3.1.14.tgz 0ms (cache hit)
3757 http cache jest@https://registry.npmjs.org/jest/-/jest-29.7.0.tgz 0ms (cache hit)
3758 http cache express@https://registry.npmjs.org/express/-/express-4.22.1.tgz 0ms (cache hit)
3759 http cache google-gax@https://registry.npmjs.org/google-gax/-/google-gax-4.6.1.tgz 0ms (cache hit)
3760 http cache ioredis@https://registry.npmjs.org/ioredis/-/ioredis-5.10.0.tgz 0ms (cache hit)
3761 http cache dotenv@https://registry.npmjs.org/dotenv/-/dotenv-16.6.1.tgz 0ms (cache hit)
3762 http cache cors@https://registry.npmjs.org/cors/-/cors-2.8.6.tgz 0ms (cache hit)
3763 http cache @remotion/renderer@https://registry.npmjs.org/@remotion/renderer/-/renderer-4.0.290.tgz 0ms (cache hit)
3764 http cache react@https://registry.npmjs.org/react/-/react-19.2.4.tgz 0ms (cache hit)
3765 http cache bullmq@https://registry.npmjs.org/bullmq/-/bullmq-5.70.4.tgz 0ms (cache hit)
3766 http cache react-dom@https://registry.npmjs.org/react-dom/-/react-dom-19.2.4.tgz 0ms (cache hit)
3767 http cache @remotion/bundler@https://registry.npmjs.org/@remotion/bundler/-/bundler-4.0.290.tgz 0ms (cache hit)
3768 http cache @google-cloud/text-to-speech@https://registry.npmjs.org/@google-cloud/text-to-speech/-/text-to-speech-5.8.1.tgz 0ms (cache hit)
3769 http cache json-schema-traverse@https://registry.npmjs.org/json-schema-traverse/-/json-schema-traverse-1.0.0.tgz 0ms (cache hit)
3770 http cache ajv@https://registry.npmjs.org/ajv/-/ajv-8.18.0.tgz 0ms (cache hit)
3771 http cache @google/generative-ai@https://registry.npmjs.org/@google/generative-ai/-/generative-ai-0.21.0.tgz 0ms (cache hit)
3772 http cache source-map-support@https://registry.npmjs.org/source-map-support/-/source-map-support-0.5.21.tgz 0ms (cache hit)
3773 http cache ajv-keywords@https://registry.npmjs.org/ajv-keywords/-/ajv-keywords-5.1.0.tgz 0ms (cache hit)
3774 http cache estraverse@https://registry.npmjs.org/estraverse/-/estraverse-5.3.0.tgz 0ms (cache hit)
3775 http cache json-schema-traverse@https://registry.npmjs.org/json-schema-traverse/-/json-schema-traverse-1.0.0.tgz 0ms (cache hit)
3776 http cache supports-color@https://registry.npmjs.org/supports-color/-/supports-color-8.1.1.tgz 0ms (cache hit)
3777 http cache source-map@https://registry.npmjs.org/source-map/-/source-map-0.6.1.tgz 0ms (cache hit)
3778 http cache ajv@https://registry.npmjs.org/ajv/-/ajv-8.18.0.tgz 0ms (cache hit)
3779 http cache jest-worker@https://registry.npmjs.org/jest-worker/-/jest-worker-27.5.1.tgz 0ms (cache hit)
3780 http cache debug@https://registry.npmjs.org/debug/-/debug-4.4.3.tgz 0ms (cache hit)
3781 http cache agent-base@https://registry.npmjs.org/agent-base/-/agent-base-6.0.2.tgz 0ms (cache hit)
3782 http cache ms@https://registry.npmjs.org/ms/-/ms-2.1.3.tgz 0ms (cache hit)
3783 http cache ms@https://registry.npmjs.org/ms/-/ms-2.1.3.tgz 0ms (cache hit)
3784 http cache debug@https://registry.npmjs.org/debug/-/debug-4.4.3.tgz 0ms (cache hit)
3785 http cache agent-base@https://registry.npmjs.org/agent-base/-/agent-base-6.0.2.tgz 0ms (cache hit)
3786 http cache https-proxy-agent@https://registry.npmjs.org/https-proxy-agent/-/https-proxy-agent-5.0.1.tgz 0ms (cache hit)
3787 http cache uuid@https://registry.npmjs.org/uuid/-/uuid-9.0.1.tgz 0ms (cache hit)
3788 http cache schema-utils@https://registry.npmjs.org/schema-utils/-/schema-utils-4.3.3.tgz 0ms (cache hit)
3789 http cache get-stream@https://registry.npmjs.org/get-stream/-/get-stream-9.0.1.tgz 0ms (cache hit)
3790 http cache p-limit@https://registry.npmjs.org/p-limit/-/p-limit-2.3.0.tgz 0ms (cache hit)
3791 http cache debug@https://registry.npmjs.org/debug/-/debug-4.4.3.tgz 0ms (cache hit)
3792 http cache strtok3@https://registry.npmjs.org/strtok3/-/strtok3-9.1.1.tgz 0ms (cache hit)
3793 http cache ms@https://registry.npmjs.org/ms/-/ms-2.1.3.tgz 0ms (cache hit)
3794 http cache is-stream@https://registry.npmjs.org/is-stream/-/is-stream-4.0.1.tgz 0ms (cache hit)
3795 http cache semver@https://registry.npmjs.org/semver/-/semver-6.3.1.tgz 0ms (cache hit)
3796 http cache ms@https://registry.npmjs.org/ms/-/ms-2.1.3.tgz 0ms (cache hit)
3797 http cache semver@https://registry.npmjs.org/semver/-/semver-6.3.1.tgz 0ms (cache hit)
3798 http cache istanbul-lib-instrument@https://registry.npmjs.org/istanbul-lib-instrument/-/istanbul-lib-instrument-5.2.1.tgz 0ms (cache hit)
3799 http cache source-map@https://registry.npmjs.org/source-map/-/source-map-0.6.1.tgz 0ms (cache hit)
3800 http cache semver@https://registry.npmjs.org/semver/-/semver-6.3.1.tgz 0ms (cache hit)
3801 http cache debug@https://registry.npmjs.org/debug/-/debug-4.4.3.tgz 0ms (cache hit)
3802 http cache source-map@https://registry.npmjs.org/source-map/-/source-map-0.6.1.tgz 0ms (cache hit)
3803 http cache debug@https://registry.npmjs.org/debug/-/debug-4.4.3.tgz 0ms (cache hit)
3804 http cache supports-color@https://registry.npmjs.org/supports-color/-/supports-color-8.1.1.tgz 0ms (cache hit)
3805 http cache semver@https://registry.npmjs.org/semver/-/semver-7.7.4.tgz 0ms (cache hit)
3806 http cache camelcase@https://registry.npmjs.org/camelcase/-/camelcase-6.3.0.tgz 0ms (cache hit)
3807 http cache ms@https://registry.npmjs.org/ms/-/ms-2.1.3.tgz 0ms (cache hit)
3808 http cache ms@https://registry.npmjs.org/ms/-/ms-2.1.3.tgz 0ms (cache hit)
3809 http cache @grpc/proto-loader@https://registry.npmjs.org/@grpc/proto-loader/-/proto-loader-0.8.0.tgz 0ms (cache hit)
3810 http cache media-typer@https://registry.npmjs.org/media-typer/-/media-typer-0.3.0.tgz 0ms (cache hit)
3811 http cache debug@https://registry.npmjs.org/debug/-/debug-4.4.3.tgz 0ms (cache hit)
3812 http cache ansi-styles@https://registry.npmjs.org/ansi-styles/-/ansi-styles-5.2.0.tgz 0ms (cache hit)
3813 http cache uuid@https://registry.npmjs.org/uuid/-/uuid-9.0.1.tgz 0ms (cache hit)
3814 http cache ms@https://registry.npmjs.org/ms/-/ms-2.1.3.tgz 0ms (cache hit)
3815 http cache yallist@https://registry.npmjs.org/yallist/-/yallist-4.0.0.tgz 0ms (cache hit)
3816 http cache debug@https://registry.npmjs.org/debug/-/debug-4.4.3.tgz 0ms (cache hit)
3817 http cache ms@https://registry.npmjs.org/ms/-/ms-2.1.3.tgz 0ms (cache hit)
3818 http cache get-stream@https://registry.npmjs.org/get-stream/-/get-stream-5.2.0.tgz 0ms (cache hit)
3819 http cache lru-cache@https://registry.npmjs.org/lru-cache/-/lru-cache-6.0.0.tgz 0ms (cache hit)
3820 http cache uuid@https://registry.npmjs.org/uuid/-/uuid-9.0.1.tgz 0ms (cache hit)
3821 http cache has-flag@https://registry.npmjs.org/has-flag/-/has-flag-3.0.0.tgz 0ms (cache hit)
3822 http cache balanced-match@https://registry.npmjs.org/balanced-match/-/balanced-match-4.0.4.tgz 0ms (cache hit)
3823 http cache minimatch@https://registry.npmjs.org/minimatch/-/minimatch-10.2.4.tgz 0ms (cache hit)
3824 http cache supports-color@https://registry.npmjs.org/supports-color/-/supports-color-5.5.0.tgz 0ms (cache hit)
3825 http cache ms@https://registry.npmjs.org/ms/-/ms-2.1.3.tgz 0ms (cache hit)
3826 http cache brace-expansion@https://registry.npmjs.org/brace-expansion/-/brace-expansion-5.0.4.tgz 0ms (cache hit)
3827 http cache debug@https://registry.npmjs.org/debug/-/debug-4.4.3.tgz 0ms (cache hit)
3828 http cache ms@https://registry.npmjs.org/ms/-/ms-2.1.3.tgz 0ms (cache hit)
3829 http cache debug@https://registry.npmjs.org/debug/-/debug-4.4.3.tgz 0ms (cache hit)
3830 http cache debug@https://registry.npmjs.org/debug/-/debug-4.4.3.tgz 0ms (cache hit)
3831 http cache ms@https://registry.npmjs.org/ms/-/ms-2.1.3.tgz 0ms (cache hit)
3832 http cache debug@https://registry.npmjs.org/debug/-/debug-4.4.3.tgz 0ms (cache hit)
3833 http cache @ioredis/commands@https://registry.npmjs.org/@ioredis/commands/-/commands-1.5.0.tgz 0ms (cache hit)
3834 http cache uuid@https://registry.npmjs.org/uuid/-/uuid-11.1.0.tgz 0ms (cache hit)
3835 http cache semver@https://registry.npmjs.org/semver/-/semver-7.7.4.tgz 0ms (cache hit)
3836 http cache ioredis@https://registry.npmjs.org/ioredis/-/ioredis-5.9.3.tgz 0ms (cache hit)
3837 http cache tr46@https://registry.npmjs.org/tr46/-/tr46-1.0.1.tgz 0ms (cache hit)
3838 http cache webidl-conversions@https://registry.npmjs.org/webidl-conversions/-/webidl-conversions-4.0.2.tgz 0ms (cache hit)
3839 http cache whatwg-url@https://registry.npmjs.org/whatwg-url/-/whatwg-url-7.1.0.tgz 0ms (cache hit)
3840 http cache source-map@https://registry.npmjs.org/source-map/-/source-map-0.8.0-beta.0.tgz 0ms (cache hit)
3841 http cache ms@https://registry.npmjs.org/ms/-/ms-2.1.3.tgz 0ms (cache hit)
3842 silly tarball no local data for @sec-ant/readable-stream@https://registry.npmjs.org/@sec-ant/readable-stream/-/readable-stream-0.4.1.tgz. Extracting by manifest.
3843 silly tarball no local data for peek-readable@https://registry.npmjs.org/peek-readable/-/peek-readable-5.4.2.tgz. Extracting by manifest.
3844 silly tarball no local data for es-module-lexer@https://registry.npmjs.org/es-module-lexer/-/es-module-lexer-1.7.0.tgz. Extracting by manifest.
3845 silly tarball no local data for tmpl@https://registry.npmjs.org/tmpl/-/tmpl-1.0.5.tgz. Extracting by manifest.
3846 silly tarball no local data for makeerror@https://registry.npmjs.org/makeerror/-/makeerror-1.0.12.tgz. Extracting by manifest.
3847 silly tarball no local data for @borewit/text-codec@https://registry.npmjs.org/@borewit/text-codec/-/text-codec-0.2.1.tgz. Extracting by manifest.
3848 silly tarball no local data for char-regex@https://registry.npmjs.org/char-regex/-/char-regex-1.0.2.tgz. Extracting by manifest.
3849 silly tarball no local data for escape-string-regexp@https://registry.npmjs.org/escape-string-regexp/-/escape-string-regexp-2.0.0.tgz. Extracting by manifest.
3850 silly tarball no local data for mime@https://registry.npmjs.org/mime/-/mime-1.6.0.tgz. Extracting by manifest.
3851 silly tarball no local data for form-data@https://registry.npmjs.org/form-data/-/form-data-2.5.5.tgz. Extracting by manifest.
3852 silly tarball no local data for @types/caseless@https://registry.npmjs.org/@types/caseless/-/caseless-0.12.5.tgz. Extracting by manifest.
3853 silly tarball no local data for @types/tough-cookie@https://registry.npmjs.org/@types/tough-cookie/-/tough-cookie-4.0.5.tgz. Extracting by manifest.
3854 silly tarball no local data for @types/request@https://registry.npmjs.org/@types/request/-/request-2.48.13.tgz. Extracting by manifest.
3855 silly tarball no local data for teeny-request@https://registry.npmjs.org/teeny-request/-/teeny-request-9.0.0.tgz. Extracting by manifest.
3856 silly tarball no local data for ipaddr.js@https://registry.npmjs.org/ipaddr.js/-/ipaddr.js-1.9.1.tgz. Extracting by manifest.
3857 silly tarball no local data for forwarded@https://registry.npmjs.org/forwarded/-/forwarded-0.2.0.tgz. Extracting by manifest.
3858 silly tarball no local data for ee-first@https://registry.npmjs.org/ee-first/-/ee-first-1.1.1.tgz. Extracting by manifest.
3859 silly tarball no local data for binary-extensions@https://registry.npmjs.org/binary-extensions/-/binary-extensions-2.3.0.tgz. Extracting by manifest.
3860 silly tarball no local data for readdirp@https://registry.npmjs.org/readdirp/-/readdirp-3.6.0.tgz. Extracting by manifest.
3861 silly tarball no local data for is-binary-path@https://registry.npmjs.org/is-binary-path/-/is-binary-path-2.1.0.tgz. Extracting by manifest.
3862 silly tarball no local data for undefsafe@https://registry.npmjs.org/undefsafe/-/undefsafe-2.0.5.tgz. Extracting by manifest.
3863 silly tarball no local data for simple-update-notifier@https://registry.npmjs.org/simple-update-notifier/-/simple-update-notifier-2.0.0.tgz. Extracting by manifest.
3864 silly tarball no local data for touch@https://registry.npmjs.org/touch/-/touch-3.1.1.tgz. Extracting by manifest.
3865 silly tarball no local data for pstree.remy@https://registry.npmjs.org/pstree.remy/-/pstree.remy-1.1.8.tgz. Extracting by manifest.
3866 silly tarball no local data for ignore-by-default@https://registry.npmjs.org/ignore-by-default/-/ignore-by-default-1.0.1.tgz. Extracting by manifest.
3867 silly tarball no local data for chokidar@https://registry.npmjs.org/chokidar/-/chokidar-3.6.0.tgz. Extracting by manifest.
3868 silly tarball no local data for uint8array-extras@https://registry.npmjs.org/uint8array-extras/-/uint8array-extras-1.5.0.tgz. Extracting by manifest.
3869 silly tarball no local data for token-types@https://registry.npmjs.org/token-types/-/token-types-6.1.2.tgz. Extracting by manifest.
3870 silly tarball no local data for strtok3@https://registry.npmjs.org/strtok3/-/strtok3-10.3.4.tgz. Extracting by manifest.
3871 silly tarball no local data for media-typer@https://registry.npmjs.org/media-typer/-/media-typer-1.1.0.tgz. Extracting by manifest.
3872 silly tarball no local data for link@https://registry.npmjs.org/link/-/link-2.1.2.tgz. Extracting by manifest.
3873 silly tarball no local data for file-type@https://registry.npmjs.org/file-type/-/file-type-19.6.0.tgz. Extracting by manifest.
3874 silly tarball no local data for @tokenizer/token@https://registry.npmjs.org/@tokenizer/token/-/token-0.3.0.tgz. Extracting by manifest.
3875 silly tarball no local data for @msgpackr-extract/msgpackr-extract-darwin-arm64@https://registry.npmjs.org/@msgpackr-extract/msgpackr-extract-darwin-arm64/-/msgpackr-extract-darwin-arm64-3.0.3.tgz. Extracting by manifest.
3876 silly tarball no local data for msgpackr-extract@https://registry.npmjs.org/msgpackr-extract/-/msgpackr-extract-3.0.3.tgz. Extracting by manifest.
3877 silly tarball no local data for node-gyp-build-optional-packages@https://registry.npmjs.org/node-gyp-build-optional-packages/-/node-gyp-build-optional-packages-5.2.2.tgz. Extracting by manifest.
3878 silly tarball no local data for leven@https://registry.npmjs.org/leven/-/leven-3.1.0.tgz. Extracting by manifest.
3879 silly tarball no local data for @babel/plugin-syntax-typescript@https://registry.npmjs.org/@babel/plugin-syntax-typescript/-/plugin-syntax-typescript-7.28.6.tgz. Extracting by manifest.
3880 silly tarball no local data for @babel/plugin-syntax-jsx@https://registry.npmjs.org/@babel/plugin-syntax-jsx/-/plugin-syntax-jsx-7.28.6.tgz. Extracting by manifest.
3881 silly tarball no local data for strip-bom@https://registry.npmjs.org/strip-bom/-/strip-bom-4.0.0.tgz. Extracting by manifest.
3882 silly tarball no local data for cjs-module-lexer@https://registry.npmjs.org/cjs-module-lexer/-/cjs-module-lexer-1.4.3.tgz. Extracting by manifest.
3883 silly tarball no local data for @jest/source-map@https://registry.npmjs.org/@jest/source-map/-/source-map-29.6.3.tgz. Extracting by manifest.
3884 silly tarball no local data for detect-newline@https://registry.npmjs.org/detect-newline/-/detect-newline-3.1.0.tgz. Extracting by manifest.
3885 silly tarball no local data for source-map-support@https://registry.npmjs.org/source-map-support/-/source-map-support-0.5.13.tgz. Extracting by manifest.
3886 silly tarball no local data for @jest/globals@https://registry.npmjs.org/@jest/globals/-/globals-29.7.0.tgz. Extracting by manifest.
3887 silly tarball no local data for jest-leak-detector@https://registry.npmjs.org/jest-leak-detector/-/jest-leak-detector-29.7.0.tgz. Extracting by manifest.
3888 silly tarball no local data for emittery@https://registry.npmjs.org/emittery/-/emittery-0.13.1.tgz. Extracting by manifest.
3889 silly tarball no local data for jest-docblock@https://registry.npmjs.org/jest-docblock/-/jest-docblock-29.7.0.tgz. Extracting by manifest.
3890 silly tarball no local data for jest-pnp-resolver@https://registry.npmjs.org/jest-pnp-resolver/-/jest-pnp-resolver-1.2.3.tgz. Extracting by manifest.
3891 silly tarball no local data for @types/stack-utils@https://registry.npmjs.org/@types/stack-utils/-/stack-utils-2.0.3.tgz. Extracting by manifest.
3892 silly tarball no local data for diff-sequences@https://registry.npmjs.org/diff-sequences/-/diff-sequences-29.6.3.tgz. Extracting by manifest.
3893 silly tarball no local data for jest-diff@https://registry.npmjs.org/jest-diff/-/jest-diff-29.7.0.tgz. Extracting by manifest.
3894 silly tarball no local data for bser@https://registry.npmjs.org/bser/-/bser-2.1.1.tgz. Extracting by manifest.
3895 silly tarball no local data for normalize-path@https://registry.npmjs.org/normalize-path/-/normalize-path-3.0.0.tgz. Extracting by manifest.
3896 silly tarball no local data for walker@https://registry.npmjs.org/walker/-/walker-1.0.8.tgz. Extracting by manifest.
3897 silly tarball no local data for fb-watchman@https://registry.npmjs.org/fb-watchman/-/fb-watchman-2.0.2.tgz. Extracting by manifest.
3898 silly tarball no local data for anymatch@https://registry.npmjs.org/anymatch/-/anymatch-3.1.3.tgz. Extracting by manifest.
3899 silly tarball no local data for @types/graceful-fs@https://registry.npmjs.org/@types/graceful-fs/-/graceful-fs-4.1.9.tgz. Extracting by manifest.
3900 silly tarball no local data for @jest/expect-utils@https://registry.npmjs.org/@jest/expect-utils/-/expect-utils-29.7.0.tgz. Extracting by manifest.
3901 silly tarball no local data for type-detect@https://registry.npmjs.org/type-detect/-/type-detect-4.0.8.tgz. Extracting by manifest.
3902 silly tarball no local data for expect@https://registry.npmjs.org/expect/-/expect-29.7.0.tgz. Extracting by manifest.
3903 silly tarball no local data for @sinonjs/commons@https://registry.npmjs.org/@sinonjs/commons/-/commons-3.0.1.tgz. Extracting by manifest.
3904 silly tarball no local data for @sinonjs/fake-timers@https://registry.npmjs.org/@sinonjs/fake-timers/-/fake-timers-10.3.0.tgz. Extracting by manifest.
3905 silly tarball no local data for jest-mock@https://registry.npmjs.org/jest-mock/-/jest-mock-29.7.0.tgz. Extracting by manifest.
3906 silly tarball no local data for @jest/fake-timers@https://registry.npmjs.org/@jest/fake-timers/-/fake-timers-29.7.0.tgz. Extracting by manifest.
3907 silly tarball no local data for stack-utils@https://registry.npmjs.org/stack-utils/-/stack-utils-2.0.6.tgz. Extracting by manifest.
3908 silly tarball no local data for jest-matcher-utils@https://registry.npmjs.org/jest-matcher-utils/-/jest-matcher-utils-29.7.0.tgz. Extracting by manifest.
3909 silly tarball no local data for jest-each@https://registry.npmjs.org/jest-each/-/jest-each-29.7.0.tgz. Extracting by manifest.
3910 silly tarball no local data for is-generator-fn@https://registry.npmjs.org/is-generator-fn/-/is-generator-fn-2.1.0.tgz. Extracting by manifest.
3911 silly tarball no local data for dedent@https://registry.npmjs.org/dedent/-/dedent-1.7.2.tgz. Extracting by manifest.
3912 silly tarball no local data for co@https://registry.npmjs.org/co/-/co-4.6.0.tgz. Extracting by manifest.
3913 silly tarball no local data for @jest/expect@https://registry.npmjs.org/@jest/expect/-/expect-29.7.0.tgz. Extracting by manifest.
3914 silly tarball no local data for @jest/environment@https://registry.npmjs.org/@jest/environment/-/environment-29.7.0.tgz. Extracting by manifest.
3915 silly tarball no local data for @babel/plugin-syntax-top-level-await@https://registry.npmjs.org/@babel/plugin-syntax-top-level-await/-/plugin-syntax-top-level-await-7.14.5.tgz. Extracting by manifest.
3916 silly tarball no local data for @babel/plugin-syntax-optional-chaining@https://registry.npmjs.org/@babel/plugin-syntax-optional-chaining/-/plugin-syntax-optional-chaining-7.8.3.tgz. Extracting by manifest.
3917 silly tarball no local data for @babel/plugin-syntax-private-property-in-object@https://registry.npmjs.org/@babel/plugin-syntax-private-property-in-object/-/plugin-syntax-private-property-in-object-7.14.5.tgz. Extracting by manifest.
3918 silly tarball no local data for @babel/plugin-syntax-optional-catch-binding@https://registry.npmjs.org/@babel/plugin-syntax-optional-catch-binding/-/plugin-syntax-optional-catch-binding-7.8.3.tgz. Extracting by manifest.
3919 silly tarball no local data for @babel/plugin-syntax-numeric-separator@https://registry.npmjs.org/@babel/plugin-syntax-numeric-separator/-/plugin-syntax-numeric-separator-7.10.4.tgz. Extracting by manifest.
3920 silly tarball no local data for @babel/plugin-syntax-object-rest-spread@https://registry.npmjs.org/@babel/plugin-syntax-object-rest-spread/-/plugin-syntax-object-rest-spread-7.8.3.tgz. Extracting by manifest.
3921 silly tarball no local data for @babel/plugin-syntax-nullish-coalescing-operator@https://registry.npmjs.org/@babel/plugin-syntax-nullish-coalescing-operator/-/plugin-syntax-nullish-coalescing-operator-7.8.3.tgz. Extracting by manifest.
3922 silly tarball no local data for @babel/plugin-syntax-json-strings@https://registry.npmjs.org/@babel/plugin-syntax-json-strings/-/plugin-syntax-json-strings-7.8.3.tgz. Extracting by manifest.
3923 silly tarball no local data for @babel/plugin-syntax-logical-assignment-operators@https://registry.npmjs.org/@babel/plugin-syntax-logical-assignment-operators/-/plugin-syntax-logical-assignment-operators-7.10.4.tgz. Extracting by manifest.
3924 silly tarball no local data for @babel/plugin-syntax-import-meta@https://registry.npmjs.org/@babel/plugin-syntax-import-meta/-/plugin-syntax-import-meta-7.10.4.tgz. Extracting by manifest.
3925 silly tarball no local data for @babel/plugin-syntax-class-properties@https://registry.npmjs.org/@babel/plugin-syntax-class-properties/-/plugin-syntax-class-properties-7.12.13.tgz. Extracting by manifest.
3926 silly tarball no local data for @babel/plugin-syntax-import-attributes@https://registry.npmjs.org/@babel/plugin-syntax-import-attributes/-/plugin-syntax-import-attributes-7.28.6.tgz. Extracting by manifest.
3927 silly tarball no local data for @babel/plugin-syntax-bigint@https://registry.npmjs.org/@babel/plugin-syntax-bigint/-/plugin-syntax-bigint-7.8.3.tgz. Extracting by manifest.
3928 silly tarball no local data for @babel/plugin-syntax-class-static-block@https://registry.npmjs.org/@babel/plugin-syntax-class-static-block/-/plugin-syntax-class-static-block-7.14.5.tgz. Extracting by manifest.
3929 silly tarball no local data for @babel/plugin-syntax-async-generators@https://registry.npmjs.org/@babel/plugin-syntax-async-generators/-/plugin-syntax-async-generators-7.8.4.tgz. Extracting by manifest.
3930 silly tarball no local data for babel-preset-current-node-syntax@https://registry.npmjs.org/babel-preset-current-node-syntax/-/babel-preset-current-node-syntax-1.2.0.tgz. Extracting by manifest.
3931 silly tarball no local data for babel-plugin-jest-hoist@https://registry.npmjs.org/babel-plugin-jest-hoist/-/babel-plugin-jest-hoist-29.6.3.tgz. Extracting by manifest.
3932 silly tarball no local data for babel-preset-jest@https://registry.npmjs.org/babel-preset-jest/-/babel-preset-jest-29.6.3.tgz. Extracting by manifest.
3933 silly tarball no local data for parse-json@https://registry.npmjs.org/parse-json/-/parse-json-5.2.0.tgz. Extracting by manifest.
3934 silly tarball no local data for jest-environment-node@https://registry.npmjs.org/jest-environment-node/-/jest-environment-node-29.7.0.tgz. Extracting by manifest.
3935 silly tarball no local data for jest-circus@https://registry.npmjs.org/jest-circus/-/jest-circus-29.7.0.tgz. Extracting by manifest.
3936 silly tarball no local data for jest-get-type@https://registry.npmjs.org/jest-get-type/-/jest-get-type-29.6.3.tgz. Extracting by manifest.
3937 silly tarball no local data for babel-jest@https://registry.npmjs.org/babel-jest/-/babel-jest-29.7.0.tgz. Extracting by manifest.
3938 silly tarball no local data for @jest/test-sequencer@https://registry.npmjs.org/@jest/test-sequencer/-/test-sequencer-29.7.0.tgz. Extracting by manifest.
3939 silly tarball no local data for create-jest@https://registry.npmjs.org/create-jest/-/create-jest-29.7.0.tgz. Extracting by manifest.
3940 silly tarball no local data for make-dir@https://registry.npmjs.org/make-dir/-/make-dir-4.0.0.tgz. Extracting by manifest.
3941 silly tarball no local data for html-escaper@https://registry.npmjs.org/html-escaper/-/html-escaper-2.0.2.tgz. Extracting by manifest.
3942 silly tarball no local data for resolve-cwd@https://registry.npmjs.org/resolve-cwd/-/resolve-cwd-3.0.0.tgz. Extracting by manifest.
3943 silly tarball no local data for camelcase@https://registry.npmjs.org/camelcase/-/camelcase-5.3.1.tgz. Extracting by manifest.
3944 silly tarball no local data for test-exclude@https://registry.npmjs.org/test-exclude/-/test-exclude-6.0.0.tgz. Extracting by manifest.
3945 silly tarball no local data for @istanbuljs/load-nyc-config@https://registry.npmjs.org/@istanbuljs/load-nyc-config/-/load-nyc-config-1.1.0.tgz. Extracting by manifest.
3946 silly tarball no local data for @types/yargs-parser@https://registry.npmjs.org/@types/yargs-parser/-/yargs-parser-21.0.3.tgz. Extracting by manifest.
3947 silly tarball no local data for @types/istanbul-lib-report@https://registry.npmjs.org/@types/istanbul-lib-report/-/istanbul-lib-report-3.0.3.tgz. Extracting by manifest.
3948 silly tarball no local data for @istanbuljs/schema@https://registry.npmjs.org/@istanbuljs/schema/-/schema-0.1.3.tgz. Extracting by manifest.
3949 silly tarball no local data for @sinclair/typebox@https://registry.npmjs.org/@sinclair/typebox/-/typebox-0.27.10.tgz. Extracting by manifest.
3950 silly tarball no local data for @types/istanbul-reports@https://registry.npmjs.org/@types/istanbul-reports/-/istanbul-reports-3.0.4.tgz. Extracting by manifest.
3951 silly tarball no local data for @types/yargs@https://registry.npmjs.org/@types/yargs/-/yargs-17.0.35.tgz. Extracting by manifest.
3952 silly tarball no local data for @jest/schemas@https://registry.npmjs.org/@jest/schemas/-/schemas-29.6.3.tgz. Extracting by manifest.
3953 silly tarball no local data for write-file-atomic@https://registry.npmjs.org/write-file-atomic/-/write-file-atomic-4.0.2.tgz. Extracting by manifest.
3954 silly tarball no local data for babel-plugin-istanbul@https://registry.npmjs.org/babel-plugin-istanbul/-/babel-plugin-istanbul-6.1.1.tgz. Extracting by manifest.
3955 silly tarball no local data for @types/istanbul-lib-coverage@https://registry.npmjs.org/@types/istanbul-lib-coverage/-/istanbul-lib-coverage-2.0.6.tgz. Extracting by manifest.
3956 silly tarball no local data for jest-worker@https://registry.npmjs.org/jest-worker/-/jest-worker-29.7.0.tgz. Extracting by manifest.
3957 silly tarball no local data for v8-to-istanbul@https://registry.npmjs.org/v8-to-istanbul/-/v8-to-istanbul-9.3.0.tgz. Extracting by manifest.
3958 silly tarball no local data for istanbul-reports@https://registry.npmjs.org/istanbul-reports/-/istanbul-reports-3.2.0.tgz. Extracting by manifest.
3959 silly tarball no local data for string-length@https://registry.npmjs.org/string-length/-/string-length-4.0.2.tgz. Extracting by manifest.
3960 silly tarball no local data for istanbul-lib-source-maps@https://registry.npmjs.org/istanbul-lib-source-maps/-/istanbul-lib-source-maps-4.0.1.tgz. Extracting by manifest.
3961 silly tarball no local data for istanbul-lib-report@https://registry.npmjs.org/istanbul-lib-report/-/istanbul-lib-report-3.0.1.tgz. Extracting by manifest.
3962 silly tarball no local data for istanbul-lib-instrument@https://registry.npmjs.org/istanbul-lib-instrument/-/istanbul-lib-instrument-6.0.3.tgz. Extracting by manifest.
3963 silly tarball no local data for collect-v8-coverage@https://registry.npmjs.org/collect-v8-coverage/-/collect-v8-coverage-1.0.3.tgz. Extracting by manifest.
3964 silly tarball no local data for @bcoe/v8-coverage@https://registry.npmjs.org/@bcoe/v8-coverage/-/v8-coverage-0.2.3.tgz. Extracting by manifest.
3965 silly tarball no local data for pretty-format@https://registry.npmjs.org/pretty-format/-/pretty-format-29.7.0.tgz. Extracting by manifest.
3966 silly tarball no local data for jest-watcher@https://registry.npmjs.org/jest-watcher/-/jest-watcher-29.7.0.tgz. Extracting by manifest.
3967 silly tarball no local data for jest-validate@https://registry.npmjs.org/jest-validate/-/jest-validate-29.7.0.tgz. Extracting by manifest.
3968 silly tarball no local data for istanbul-lib-coverage@https://registry.npmjs.org/istanbul-lib-coverage/-/istanbul-lib-coverage-3.2.2.tgz. Extracting by manifest.
3969 silly tarball no local data for jest-runtime@https://registry.npmjs.org/jest-runtime/-/jest-runtime-29.7.0.tgz. Extracting by manifest.
3970 silly tarball no local data for jest-runner@https://registry.npmjs.org/jest-runner/-/jest-runner-29.7.0.tgz. Extracting by manifest.
3971 silly tarball no local data for jest-snapshot@https://registry.npmjs.org/jest-snapshot/-/jest-snapshot-29.7.0.tgz. Extracting by manifest.
3972 silly tarball no local data for jest-regex-util@https://registry.npmjs.org/jest-regex-util/-/jest-regex-util-29.6.3.tgz. Extracting by manifest.
3973 silly tarball no local data for jest-resolve-dependencies@https://registry.npmjs.org/jest-resolve-dependencies/-/jest-resolve-dependencies-29.7.0.tgz. Extracting by manifest.
3974 silly tarball no local data for jest-haste-map@https://registry.npmjs.org/jest-haste-map/-/jest-haste-map-29.7.0.tgz. Extracting by manifest.
3975 silly tarball no local data for jest-config@https://registry.npmjs.org/jest-config/-/jest-config-29.7.0.tgz. Extracting by manifest.
3976 silly tarball no local data for jest-resolve@https://registry.npmjs.org/jest-resolve/-/jest-resolve-29.7.0.tgz. Extracting by manifest.
3977 silly tarball no local data for jest-changed-files@https://registry.npmjs.org/jest-changed-files/-/jest-changed-files-29.7.0.tgz. Extracting by manifest.
3978 silly tarball no local data for jest-message-util@https://registry.npmjs.org/jest-message-util/-/jest-message-util-29.7.0.tgz. Extracting by manifest.
3979 silly tarball no local data for exit@https://registry.npmjs.org/exit/-/exit-0.1.2.tgz. Extracting by manifest.
3980 silly tarball no local data for jest-util@https://registry.npmjs.org/jest-util/-/jest-util-29.7.0.tgz. Extracting by manifest.
3981 silly tarball no local data for @jest/transform@https://registry.npmjs.org/@jest/transform/-/transform-29.7.0.tgz. Extracting by manifest.
3982 silly tarball no local data for @jest/test-result@https://registry.npmjs.org/@jest/test-result/-/test-result-29.7.0.tgz. Extracting by manifest.
3983 silly tarball no local data for @jest/reporters@https://registry.npmjs.org/@jest/reporters/-/reporters-29.7.0.tgz. Extracting by manifest.
3984 silly tarball no local data for @jest/console@https://registry.npmjs.org/@jest/console/-/console-29.7.0.tgz. Extracting by manifest.
3985 silly tarball no local data for jest-cli@https://registry.npmjs.org/jest-cli/-/jest-cli-29.7.0.tgz. Extracting by manifest.
3986 silly tarball no local data for ci-info@https://registry.npmjs.org/ci-info/-/ci-info-3.9.0.tgz. Extracting by manifest.
3987 silly tarball no local data for import-local@https://registry.npmjs.org/import-local/-/import-local-3.2.0.tgz. Extracting by manifest.
3988 silly tarball no local data for @jest/types@https://registry.npmjs.org/@jest/types/-/types-29.6.3.tgz. Extracting by manifest.
3989 silly tarball no local data for @jest/core@https://registry.npmjs.org/@jest/core/-/core-29.7.0.tgz. Extracting by manifest.
3990 silly tarball no local data for lodash.isarguments@https://registry.npmjs.org/lodash.isarguments/-/lodash.isarguments-3.1.0.tgz. Extracting by manifest.
3991 silly tarball no local data for redis-errors@https://registry.npmjs.org/redis-errors/-/redis-errors-1.2.0.tgz. Extracting by manifest.
3992 silly tarball no local data for lodash.defaults@https://registry.npmjs.org/lodash.defaults/-/lodash.defaults-4.2.0.tgz. Extracting by manifest.
3993 silly tarball no local data for redis-parser@https://registry.npmjs.org/redis-parser/-/redis-parser-3.0.0.tgz. Extracting by manifest.
3994 silly tarball no local data for cluster-key-slot@https://registry.npmjs.org/cluster-key-slot/-/cluster-key-slot-1.1.2.tgz. Extracting by manifest.
3995 silly tarball no local data for @ioredis/commands@https://registry.npmjs.org/@ioredis/commands/-/commands-1.5.1.tgz. Extracting by manifest.
3996 silly tarball no local data for standard-as-callback@https://registry.npmjs.org/standard-as-callback/-/standard-as-callback-2.1.0.tgz. Extracting by manifest.
3997 silly tarball no local data for toidentifier@https://registry.npmjs.org/toidentifier/-/toidentifier-1.0.1.tgz. Extracting by manifest.
3998 silly tarball no local data for event-target-shim@https://registry.npmjs.org/event-target-shim/-/event-target-shim-5.0.1.tgz. Extracting by manifest.
3999 silly tarball no local data for retry-request@https://registry.npmjs.org/retry-request/-/retry-request-7.0.2.tgz. Extracting by manifest.
4000 silly tarball no local data for proto3-json-serializer@https://registry.npmjs.org/proto3-json-serializer/-/proto3-json-serializer-2.0.2.tgz. Extracting by manifest.
4001 silly tarball no local data for abort-controller@https://registry.npmjs.org/abort-controller/-/abort-controller-3.0.0.tgz. Extracting by manifest.
4002 silly tarball no local data for @types/long@https://registry.npmjs.org/@types/long/-/long-4.0.2.tgz. Extracting by manifest.
4003 silly tarball no local data for @grpc/proto-loader@https://registry.npmjs.org/@grpc/proto-loader/-/proto-loader-0.7.15.tgz. Extracting by manifest.
4004 silly tarball no local data for @types/node@https://registry.npmjs.org/@types/node/-/node-25.3.5.tgz. Extracting by manifest.
4005 silly tarball no local data for raw-body@https://registry.npmjs.org/raw-body/-/raw-body-2.5.3.tgz. Extracting by manifest.
4006 silly tarball no local data for negotiator@https://registry.npmjs.org/negotiator/-/negotiator-0.6.3.tgz. Extracting by manifest.
4007 silly tarball no local data for utils-merge@https://registry.npmjs.org/utils-merge/-/utils-merge-1.0.1.tgz. Extracting by manifest.
4008 silly tarball no local data for type-is@https://registry.npmjs.org/type-is/-/type-is-1.6.18.tgz. Extracting by manifest.
4009 silly tarball no local data for statuses@https://registry.npmjs.org/statuses/-/statuses-2.0.2.tgz. Extracting by manifest.
4010 silly tarball no local data for destroy@https://registry.npmjs.org/destroy/-/destroy-1.2.0.tgz. Extracting by manifest.
4011 silly tarball no local data for serve-static@https://registry.npmjs.org/serve-static/-/serve-static-1.16.3.tgz. Extracting by manifest.
4012 silly tarball no local data for send@https://registry.npmjs.org/send/-/send-0.19.2.tgz. Extracting by manifest.
4013 silly tarball no local data for range-parser@https://registry.npmjs.org/range-parser/-/range-parser-1.2.1.tgz. Extracting by manifest.
4014 silly tarball no local data for setprototypeof@https://registry.npmjs.org/setprototypeof/-/setprototypeof-1.2.0.tgz. Extracting by manifest.
4015 silly tarball no local data for qs@https://registry.npmjs.org/qs/-/qs-6.14.2.tgz. Extracting by manifest.
4016 silly tarball no local data for proxy-addr@https://registry.npmjs.org/proxy-addr/-/proxy-addr-2.0.7.tgz. Extracting by manifest.
4017 silly tarball no local data for path-to-regexp@https://registry.npmjs.org/path-to-regexp/-/path-to-regexp-0.1.12.tgz. Extracting by manifest.
4018 silly tarball no local data for parseurl@https://registry.npmjs.org/parseurl/-/parseurl-1.3.3.tgz. Extracting by manifest.
4019 silly tarball no local data for on-finished@https://registry.npmjs.org/on-finished/-/on-finished-2.4.1.tgz. Extracting by manifest.
4020 silly tarball no local data for fresh@https://registry.npmjs.org/fresh/-/fresh-0.5.2.tgz. Extracting by manifest.
4021 silly tarball no local data for merge-descriptors@https://registry.npmjs.org/merge-descriptors/-/merge-descriptors-1.0.3.tgz. Extracting by manifest.
4022 silly tarball no local data for http-errors@https://registry.npmjs.org/http-errors/-/http-errors-2.0.1.tgz. Extracting by manifest.
4023 silly tarball no local data for methods@https://registry.npmjs.org/methods/-/methods-1.1.2.tgz. Extracting by manifest.
4024 silly tarball no local data for finalhandler@https://registry.npmjs.org/finalhandler/-/finalhandler-1.3.2.tgz. Extracting by manifest.
4025 silly tarball no local data for depd@https://registry.npmjs.org/depd/-/depd-2.0.0.tgz. Extracting by manifest.
4026 silly tarball no local data for encodeurl@https://registry.npmjs.org/encodeurl/-/encodeurl-2.0.0.tgz. Extracting by manifest.
4027 silly tarball no local data for cookie-signature@https://registry.npmjs.org/cookie-signature/-/cookie-signature-1.0.7.tgz. Extracting by manifest.
4028 silly tarball no local data for content-disposition@https://registry.npmjs.org/content-disposition/-/content-disposition-0.5.4.tgz. Extracting by manifest.
4029 silly tarball no local data for body-parser@https://registry.npmjs.org/body-parser/-/body-parser-1.20.4.tgz. Extracting by manifest.
4030 silly tarball no local data for escape-html@https://registry.npmjs.org/escape-html/-/escape-html-1.0.3.tgz. Extracting by manifest.
4031 silly tarball no local data for accepts@https://registry.npmjs.org/accepts/-/accepts-1.3.8.tgz. Extracting by manifest.
4032 silly tarball no local data for array-flatten@https://registry.npmjs.org/array-flatten/-/array-flatten-1.1.1.tgz. Extracting by manifest.
4033 silly tarball no local data for msgpackr@https://registry.npmjs.org/msgpackr/-/msgpackr-1.11.5.tgz. Extracting by manifest.
4034 silly tarball no local data for node-abort-controller@https://registry.npmjs.org/node-abort-controller/-/node-abort-controller-3.1.1.tgz. Extracting by manifest.
4035 silly tarball no local data for cron-parser@https://registry.npmjs.org/cron-parser/-/cron-parser-4.9.0.tgz. Extracting by manifest.
4036 silly tarball no local data for zod@https://registry.npmjs.org/zod/-/zod-3.22.3.tgz. Extracting by manifest.
4037 silly tarball no local data for @remotion/zod-types@https://registry.npmjs.org/@remotion/zod-types/-/zod-types-4.0.290.tgz. Extracting by manifest.
4038 silly tarball no local data for @remotion/player@https://registry.npmjs.org/@remotion/player/-/player-4.0.290.tgz. Extracting by manifest.
4039 silly tarball no local data for @remotion/media-parser@https://registry.npmjs.org/@remotion/media-parser/-/media-parser-4.0.290.tgz. Extracting by manifest.
4040 silly tarball no local data for @remotion/streaming@https://registry.npmjs.org/@remotion/streaming/-/streaming-4.0.290.tgz. Extracting by manifest.
4041 silly tarball no local data for @remotion/compositor-darwin-arm64@https://registry.npmjs.org/@remotion/compositor-darwin-arm64/-/compositor-darwin-arm64-4.0.290.tgz. Extracting by manifest.
4042 silly tarball no local data for remotion@https://registry.npmjs.org/remotion/-/remotion-4.0.290.tgz. Extracting by manifest.
4043 silly tarball no local data for @remotion/media-utils@https://registry.npmjs.org/@remotion/media-utils/-/media-utils-4.0.290.tgz. Extracting by manifest.
4044 silly tarball no local data for webpack@https://registry.npmjs.org/webpack/-/webpack-5.96.1.tgz. Extracting by manifest.
4045 silly tarball no local data for @remotion/studio@https://registry.npmjs.org/@remotion/studio/-/studio-4.0.290.tgz. Extracting by manifest.
4046 silly tarball no local data for @remotion/studio-shared@https://registry.npmjs.org/@remotion/studio-shared/-/studio-shared-4.0.290.tgz. Extracting by manifest.
4047 silly tarball no local data for uuid@https://registry.npmjs.org/uuid/-/uuid-10.0.0.tgz. Extracting by manifest.
4048 silly tarball no local data for music-metadata@https://registry.npmjs.org/music-metadata/-/music-metadata-10.9.1.tgz. Extracting by manifest.
4049 silly tarball no local data for nodemon@https://registry.npmjs.org/nodemon/-/nodemon-3.1.14.tgz. Extracting by manifest.
4050 silly tarball no local data for jest@https://registry.npmjs.org/jest/-/jest-29.7.0.tgz. Extracting by manifest.
4051 silly tarball no local data for express@https://registry.npmjs.org/express/-/express-4.22.1.tgz. Extracting by manifest.
4052 silly tarball no local data for google-gax@https://registry.npmjs.org/google-gax/-/google-gax-4.6.1.tgz. Extracting by manifest.
4053 silly tarball no local data for ioredis@https://registry.npmjs.org/ioredis/-/ioredis-5.10.0.tgz. Extracting by manifest.
4054 silly tarball no local data for cors@https://registry.npmjs.org/cors/-/cors-2.8.6.tgz. Extracting by manifest.
4055 silly tarball no local data for @remotion/renderer@https://registry.npmjs.org/@remotion/renderer/-/renderer-4.0.290.tgz. Extracting by manifest.
4056 silly tarball no local data for bullmq@https://registry.npmjs.org/bullmq/-/bullmq-5.70.4.tgz. Extracting by manifest.
4057 silly tarball no local data for @remotion/bundler@https://registry.npmjs.org/@remotion/bundler/-/bundler-4.0.290.tgz. Extracting by manifest.
4058 silly tarball no local data for @google-cloud/text-to-speech@https://registry.npmjs.org/@google-cloud/text-to-speech/-/text-to-speech-5.8.1.tgz. Extracting by manifest.
4059 silly tarball no local data for @google/generative-ai@https://registry.npmjs.org/@google/generative-ai/-/generative-ai-0.21.0.tgz. Extracting by manifest.
4060 silly tarball no local data for get-stream@https://registry.npmjs.org/get-stream/-/get-stream-9.0.1.tgz. Extracting by manifest.
4061 silly tarball no local data for strtok3@https://registry.npmjs.org/strtok3/-/strtok3-9.1.1.tgz. Extracting by manifest.
4062 silly tarball no local data for is-stream@https://registry.npmjs.org/is-stream/-/is-stream-4.0.1.tgz. Extracting by manifest.
4063 silly tarball no local data for istanbul-lib-instrument@https://registry.npmjs.org/istanbul-lib-instrument/-/istanbul-lib-instrument-5.2.1.tgz. Extracting by manifest.
4064 silly tarball no local data for camelcase@https://registry.npmjs.org/camelcase/-/camelcase-6.3.0.tgz. Extracting by manifest.
4065 silly tarball no local data for media-typer@https://registry.npmjs.org/media-typer/-/media-typer-0.3.0.tgz. Extracting by manifest.
4066 silly tarball no local data for ansi-styles@https://registry.npmjs.org/ansi-styles/-/ansi-styles-5.2.0.tgz. Extracting by manifest.
4067 silly tarball no local data for @ioredis/commands@https://registry.npmjs.org/@ioredis/commands/-/commands-1.5.0.tgz. Extracting by manifest.
4068 silly tarball no local data for uuid@https://registry.npmjs.org/uuid/-/uuid-11.1.0.tgz. Extracting by manifest.
4069 silly tarball no local data for ioredis@https://registry.npmjs.org/ioredis/-/ioredis-5.9.3.tgz. Extracting by manifest.
4070 http fetch POST 200 https://registry.npmjs.org/-/npm/v1/security/advisories/bulk 605ms
4071 silly audit report {
4071 silly audit report   webpack: [
4071 silly audit report     {
4071 silly audit report       id: 1113041,
4071 silly audit report       url: 'https://github.com/advisories/GHSA-8fgc-7cc6-rx7x',
4071 silly audit report       title: 'webpack buildHttp: allowedUris allow-list bypass via URL userinfo (@) leading to build-time SSRF behavior',
4071 silly audit report       severity: 'low',
4071 silly audit report       vulnerable_versions: '>=5.49.0 <=5.104.0',
4071 silly audit report       cwe: [Array],
4071 silly audit report       cvss: [Object]
4071 silly audit report     },
4071 silly audit report     {
4071 silly audit report       id: 1113042,
4071 silly audit report       url: 'https://github.com/advisories/GHSA-38r7-794h-5758',
4071 silly audit report       title: 'webpack buildHttp HttpUriPlugin allowedUris bypass via HTTP redirects → SSRF + cache persistence',
4071 silly audit report       severity: 'low',
4071 silly audit report       vulnerable_versions: '>=5.49.0 <5.104.0',
4071 silly audit report       cwe: [Array],
4071 silly audit report       cvss: [Object]
4071 silly audit report     }
4071 silly audit report   ],
4071 silly audit report   '@tootallnate/once': [
4071 silly audit report     {
4071 silly audit report       id: 1113977,
4071 silly audit report       url: 'https://github.com/advisories/GHSA-vpq2-c234-7xj6',
4071 silly audit report       title: '@tootallnate/once vulnerable to Incorrect Control Flow Scoping',
4071 silly audit report       severity: 'low',
4071 silly audit report       vulnerable_versions: '<3.0.1',
4071 silly audit report       cwe: [Array],
4071 silly audit report       cvss: [Object]
4071 silly audit report     }
4071 silly audit report   ]
4071 silly audit report }
4072 silly packumentCache corgi:https://registry.npmjs.org/webpack cache-miss
4073 silly packumentCache corgi:https://registry.npmjs.org/@tootallnate%2fonce cache-miss
4074 warn deprecated inflight@1.0.6: This module is not supported, and leaks memory. Do not use it. Check out lru-cache if you want a good and tested way to coalesce async requests by a key value, which is much more comprehensive and powerful.
4075 warn deprecated glob@7.2.3: Old versions of glob are not supported, and contain widely publicized security vulnerabilities, which have been fixed in the current version. Please update. Support for old versions may be purchased (at exorbitant rates) by contacting i@izs.me
4076 http fetch GET 200 https://registry.npmjs.org/makeerror/-/makeerror-1.0.12.tgz 721ms (cache miss)
4077 http fetch GET 200 https://registry.npmjs.org/tmpl/-/tmpl-1.0.5.tgz 722ms (cache miss)
4078 http fetch GET 200 https://registry.npmjs.org/@borewit/text-codec/-/text-codec-0.2.1.tgz 739ms (cache miss)
4079 http fetch GET 200 https://registry.npmjs.org/forwarded/-/forwarded-0.2.0.tgz 959ms (cache miss)
4080 http fetch GET 200 https://registry.npmjs.org/ipaddr.js/-/ipaddr.js-1.9.1.tgz 962ms (cache miss)
4081 http fetch GET 200 https://registry.npmjs.org/binary-extensions/-/binary-extensions-2.3.0.tgz 961ms (cache miss)
4082 http fetch GET 200 https://registry.npmjs.org/is-binary-path/-/is-binary-path-2.1.0.tgz 962ms (cache miss)
4083 http fetch GET 200 https://registry.npmjs.org/ee-first/-/ee-first-1.1.1.tgz 976ms (cache miss)
4084 http fetch GET 200 https://registry.npmjs.org/readdirp/-/readdirp-3.6.0.tgz 989ms (cache miss)
4085 http fetch GET 200 https://registry.npmjs.org/@sec-ant/readable-stream/-/readable-stream-0.4.1.tgz 1002ms (cache miss)
4086 http fetch GET 200 https://registry.npmjs.org/es-module-lexer/-/es-module-lexer-1.7.0.tgz 1023ms (cache miss)
4087 http fetch GET 200 https://registry.npmjs.org/undefsafe/-/undefsafe-2.0.5.tgz 1051ms (cache miss)
4088 http fetch GET 200 https://registry.npmjs.org/simple-update-notifier/-/simple-update-notifier-2.0.0.tgz 1088ms (cache miss)
4089 http fetch GET 200 https://registry.npmjs.org/touch/-/touch-3.1.1.tgz 1114ms (cache miss)
4090 http fetch GET 200 https://registry.npmjs.org/pstree.remy/-/pstree.remy-1.1.8.tgz 1115ms (cache miss)
4091 http fetch GET 200 https://registry.npmjs.org/ignore-by-default/-/ignore-by-default-1.0.1.tgz 1120ms (cache miss)
4092 http fetch GET 200 https://registry.npmjs.org/uint8array-extras/-/uint8array-extras-1.5.0.tgz 1127ms (cache miss)
4093 http fetch GET 200 https://registry.npmjs.org/escape-string-regexp/-/escape-string-regexp-2.0.0.tgz 1138ms (cache miss)
4094 http fetch GET 200 https://registry.npmjs.org/@types/caseless/-/caseless-0.12.5.tgz 1161ms (cache miss)
4095 http fetch GET 200 https://registry.npmjs.org/token-types/-/token-types-6.1.2.tgz 1157ms (cache miss)
4096 http fetch GET 200 https://registry.npmjs.org/media-typer/-/media-typer-1.1.0.tgz 1169ms (cache miss)
4097 http fetch GET 200 https://registry.npmjs.org/char-regex/-/char-regex-1.0.2.tgz 1178ms (cache miss)
4098 http fetch GET 200 https://registry.npmjs.org/node-gyp-build-optional-packages/-/node-gyp-build-optional-packages-5.2.2.tgz 1178ms (cache miss)
4099 http fetch GET 200 https://registry.npmjs.org/@babel/plugin-syntax-typescript/-/plugin-syntax-typescript-7.28.6.tgz 1177ms (cache miss)
4100 http fetch GET 200 https://registry.npmjs.org/@babel/plugin-syntax-jsx/-/plugin-syntax-jsx-7.28.6.tgz 1179ms (cache miss)
4101 http fetch GET 200 https://registry.npmjs.org/leven/-/leven-3.1.0.tgz 1188ms (cache miss)
4102 http fetch GET 200 https://registry.npmjs.org/link/-/link-2.1.2.tgz 1191ms (cache miss)
4103 http fetch GET 200 https://registry.npmjs.org/strip-bom/-/strip-bom-4.0.0.tgz 1190ms (cache miss)
4104 http fetch GET 200 https://registry.npmjs.org/detect-newline/-/detect-newline-3.1.0.tgz 1189ms (cache miss)
4105 http fetch GET 200 https://registry.npmjs.org/@types/tough-cookie/-/tough-cookie-4.0.5.tgz 1210ms (cache miss)
4106 http fetch GET 200 https://registry.npmjs.org/@types/request/-/request-2.48.13.tgz 1211ms (cache miss)
4107 http fetch GET 200 https://registry.npmjs.org/file-type/-/file-type-19.6.0.tgz 1205ms (cache miss)
4108 http fetch GET 200 https://registry.npmjs.org/source-map-support/-/source-map-support-0.5.13.tgz 1204ms (cache miss)
4109 http fetch GET 200 https://registry.npmjs.org/@jest/source-map/-/source-map-29.6.3.tgz 1220ms (cache miss)
4110 http fetch GET 200 https://registry.npmjs.org/@jest/globals/-/globals-29.7.0.tgz 1222ms (cache miss)
4111 http fetch GET 200 https://registry.npmjs.org/jest-pnp-resolver/-/jest-pnp-resolver-1.2.3.tgz 1243ms (cache miss)
4112 http fetch GET 200 https://registry.npmjs.org/jest-leak-detector/-/jest-leak-detector-29.7.0.tgz 1258ms (cache miss)
4113 http fetch GET 200 https://registry.npmjs.org/msgpackr-extract/-/msgpackr-extract-3.0.3.tgz 1263ms (cache miss)
4114 http fetch GET 200 https://registry.npmjs.org/peek-readable/-/peek-readable-5.4.2.tgz 1299ms (cache miss)
4115 http fetch GET 200 https://registry.npmjs.org/anymatch/-/anymatch-3.1.3.tgz 1285ms (cache miss)
4116 http fetch GET 200 https://registry.npmjs.org/chokidar/-/chokidar-3.6.0.tgz 1296ms (cache miss)
4117 http fetch GET 200 https://registry.npmjs.org/diff-sequences/-/diff-sequences-29.6.3.tgz 1293ms (cache miss)
4118 http fetch GET 200 https://registry.npmjs.org/@types/stack-utils/-/stack-utils-2.0.3.tgz 1294ms (cache miss)
4119 http fetch GET 200 https://registry.npmjs.org/walker/-/walker-1.0.8.tgz 1296ms (cache miss)
4120 http fetch GET 200 https://registry.npmjs.org/jest-docblock/-/jest-docblock-29.7.0.tgz 1307ms (cache miss)
4121 http fetch GET 200 https://registry.npmjs.org/@tokenizer/token/-/token-0.3.0.tgz 1333ms (cache miss)
4122 http fetch GET 200 https://registry.npmjs.org/fb-watchman/-/fb-watchman-2.0.2.tgz 1331ms (cache miss)
4123 http fetch GET 200 https://registry.npmjs.org/normalize-path/-/normalize-path-3.0.0.tgz 1331ms (cache miss)
4124 http fetch GET 200 https://registry.npmjs.org/bser/-/bser-2.1.1.tgz 1332ms (cache miss)
4125 http fetch GET 200 https://registry.npmjs.org/@sinonjs/commons/-/commons-3.0.1.tgz 1343ms (cache miss)
4126 http fetch GET 200 https://registry.npmjs.org/@types/graceful-fs/-/graceful-fs-4.1.9.tgz 1347ms (cache miss)
4127 http fetch GET 200 https://registry.npmjs.org/stack-utils/-/stack-utils-2.0.6.tgz 1351ms (cache miss)
4128 http fetch GET 200 https://registry.npmjs.org/jest-mock/-/jest-mock-29.7.0.tgz 1352ms (cache miss)
4129 http fetch GET 200 https://registry.npmjs.org/jest-matcher-utils/-/jest-matcher-utils-29.7.0.tgz 1358ms (cache miss)
4130 http fetch GET 200 https://registry.npmjs.org/type-detect/-/type-detect-4.0.8.tgz 1368ms (cache miss)
4131 http fetch GET 200 https://registry.npmjs.org/is-generator-fn/-/is-generator-fn-2.1.0.tgz 1368ms (cache miss)
4132 http fetch GET 200 https://registry.npmjs.org/@jest/expect/-/expect-29.7.0.tgz 1383ms (cache miss)
4133 http fetch GET 200 https://registry.npmjs.org/emittery/-/emittery-0.13.1.tgz 1389ms (cache miss)
4134 http fetch GET 200 https://registry.npmjs.org/@jest/fake-timers/-/fake-timers-29.7.0.tgz 1388ms (cache miss)
4135 http fetch GET 200 https://registry.npmjs.org/@jest/expect-utils/-/expect-utils-29.7.0.tgz 1396ms (cache miss)
4136 http fetch GET 200 https://registry.npmjs.org/co/-/co-4.6.0.tgz 1426ms (cache miss)
4137 http fetch GET 200 https://registry.npmjs.org/@babel/plugin-syntax-optional-chaining/-/plugin-syntax-optional-chaining-7.8.3.tgz 1427ms (cache miss)
4138 http fetch GET 200 https://registry.npmjs.org/@babel/plugin-syntax-numeric-separator/-/plugin-syntax-numeric-separator-7.10.4.tgz 1431ms (cache miss)
4139 http fetch GET 200 https://registry.npmjs.org/@babel/plugin-syntax-private-property-in-object/-/plugin-syntax-private-property-in-object-7.14.5.tgz 1444ms (cache miss)
4140 http fetch GET 200 https://registry.npmjs.org/@babel/plugin-syntax-object-rest-spread/-/plugin-syntax-object-rest-spread-7.8.3.tgz 1444ms (cache miss)
4141 http fetch GET 200 https://registry.npmjs.org/@babel/plugin-syntax-import-meta/-/plugin-syntax-import-meta-7.10.4.tgz 1445ms (cache miss)
4142 http fetch GET 200 https://registry.npmjs.org/@babel/plugin-syntax-optional-catch-binding/-/plugin-syntax-optional-catch-binding-7.8.3.tgz 1446ms (cache miss)
4143 http fetch GET 200 https://registry.npmjs.org/@babel/plugin-syntax-logical-assignment-operators/-/plugin-syntax-logical-assignment-operators-7.10.4.tgz 1446ms (cache miss)
4144 http fetch GET 200 https://registry.npmjs.org/@babel/plugin-syntax-nullish-coalescing-operator/-/plugin-syntax-nullish-coalescing-operator-7.8.3.tgz 1451ms (cache miss)
4145 http fetch GET 200 https://registry.npmjs.org/@babel/plugin-syntax-json-strings/-/plugin-syntax-json-strings-7.8.3.tgz 1456ms (cache miss)
4146 http fetch GET 200 https://registry.npmjs.org/@babel/plugin-syntax-bigint/-/plugin-syntax-bigint-7.8.3.tgz 1456ms (cache miss)
4147 http fetch GET 200 https://registry.npmjs.org/dedent/-/dedent-1.7.2.tgz 1459ms (cache miss)
4148 http fetch GET 200 https://registry.npmjs.org/@babel/plugin-syntax-class-properties/-/plugin-syntax-class-properties-7.12.13.tgz 1463ms (cache miss)
4149 http fetch GET 200 https://registry.npmjs.org/mime/-/mime-1.6.0.tgz 1482ms (cache miss)
4150 http fetch GET 200 https://registry.npmjs.org/@babel/plugin-syntax-import-attributes/-/plugin-syntax-import-attributes-7.28.6.tgz 1469ms (cache miss)
4151 http fetch GET 200 https://registry.npmjs.org/@babel/plugin-syntax-class-static-block/-/plugin-syntax-class-static-block-7.14.5.tgz 1498ms (cache miss)
4152 http fetch GET 200 https://registry.npmjs.org/@jest/environment/-/environment-29.7.0.tgz 1509ms (cache miss)
4153 http fetch GET 200 https://registry.npmjs.org/@babel/plugin-syntax-async-generators/-/plugin-syntax-async-generators-7.8.4.tgz 1522ms (cache miss)
4154 http fetch GET 200 https://registry.npmjs.org/form-data/-/form-data-2.5.5.tgz 1561ms (cache miss)
4155 http fetch GET 200 https://registry.npmjs.org/babel-plugin-jest-hoist/-/babel-plugin-jest-hoist-29.6.3.tgz 1562ms (cache miss)
4156 http fetch GET 200 https://registry.npmjs.org/babel-preset-current-node-syntax/-/babel-preset-current-node-syntax-1.2.0.tgz 1563ms (cache miss)
4157 http fetch GET 200 https://registry.npmjs.org/@sinonjs/fake-timers/-/fake-timers-10.3.0.tgz 1575ms (cache miss)
4158 http fetch GET 200 https://registry.npmjs.org/babel-preset-jest/-/babel-preset-jest-29.6.3.tgz 1572ms (cache miss)
4159 http fetch GET 200 https://registry.npmjs.org/parse-json/-/parse-json-5.2.0.tgz 1581ms (cache miss)
4160 http fetch GET 200 https://registry.npmjs.org/jest-get-type/-/jest-get-type-29.6.3.tgz 1583ms (cache miss)
4161 http fetch GET 200 https://registry.npmjs.org/@msgpackr-extract/msgpackr-extract-darwin-arm64/-/msgpackr-extract-darwin-arm64-3.0.3.tgz 1596ms (cache miss)
4162 http fetch GET 200 https://registry.npmjs.org/jest-environment-node/-/jest-environment-node-29.7.0.tgz 1590ms (cache miss)
4163 warn deprecated source-map@0.8.0-beta.0: The work that was done in this beta branch won't be included in future versions
4164 http fetch GET 200 https://registry.npmjs.org/jest-each/-/jest-each-29.7.0.tgz 1618ms (cache miss)
4165 http fetch GET 200 https://registry.npmjs.org/babel-jest/-/babel-jest-29.7.0.tgz 1616ms (cache miss)
4166 http fetch GET 200 https://registry.npmjs.org/make-dir/-/make-dir-4.0.0.tgz 1618ms (cache miss)
4167 http fetch GET 200 https://registry.npmjs.org/resolve-cwd/-/resolve-cwd-3.0.0.tgz 1618ms (cache miss)
4168 http fetch GET 200 https://registry.npmjs.org/@jest/test-sequencer/-/test-sequencer-29.7.0.tgz 1626ms (cache miss)
4169 http fetch GET 200 https://registry.npmjs.org/jest-diff/-/jest-diff-29.7.0.tgz 1639ms (cache miss)
4170 http fetch GET 200 https://registry.npmjs.org/camelcase/-/camelcase-5.3.1.tgz 1632ms (cache miss)
4171 http fetch GET 200 https://registry.npmjs.org/@istanbuljs/load-nyc-config/-/load-nyc-config-1.1.0.tgz 1639ms (cache miss)
4172 http fetch GET 200 https://registry.npmjs.org/test-exclude/-/test-exclude-6.0.0.tgz 1642ms (cache miss)
4173 http fetch GET 200 https://registry.npmjs.org/@istanbuljs/schema/-/schema-0.1.3.tgz 1645ms (cache miss)
4174 http fetch GET 200 https://registry.npmjs.org/@types/istanbul-lib-report/-/istanbul-lib-report-3.0.3.tgz 1645ms (cache miss)
4175 http fetch GET 200 https://registry.npmjs.org/@types/yargs/-/yargs-17.0.35.tgz 1647ms (cache miss)
4176 http fetch GET 200 https://registry.npmjs.org/cjs-module-lexer/-/cjs-module-lexer-1.4.3.tgz 1672ms (cache miss)
4177 http fetch GET 200 https://registry.npmjs.org/string-length/-/string-length-4.0.2.tgz 1661ms (cache miss)
4178 http fetch GET 200 https://registry.npmjs.org/@jest/schemas/-/schemas-29.6.3.tgz 1668ms (cache miss)
4179 http fetch GET 200 https://registry.npmjs.org/@types/istanbul-lib-coverage/-/istanbul-lib-coverage-2.0.6.tgz 1669ms (cache miss)
4180 http fetch GET 200 https://registry.npmjs.org/html-escaper/-/html-escaper-2.0.2.tgz 1675ms (cache miss)
4181 http fetch GET 200 https://registry.npmjs.org/@types/istanbul-reports/-/istanbul-reports-3.0.4.tgz 1674ms (cache miss)
4182 http fetch GET 200 https://registry.npmjs.org/write-file-atomic/-/write-file-atomic-4.0.2.tgz 1682ms (cache miss)
4183 http fetch GET 200 https://registry.npmjs.org/teeny-request/-/teeny-request-9.0.0.tgz 1738ms (cache miss)
4184 http fetch GET 200 https://registry.npmjs.org/collect-v8-coverage/-/collect-v8-coverage-1.0.3.tgz 1747ms (cache miss)
4185 http fetch GET 200 https://registry.npmjs.org/babel-plugin-istanbul/-/babel-plugin-istanbul-6.1.1.tgz 1761ms (cache miss)
4186 http fetch GET 200 https://registry.npmjs.org/istanbul-lib-source-maps/-/istanbul-lib-source-maps-4.0.1.tgz 1778ms (cache miss)
4187 http fetch GET 200 https://registry.npmjs.org/create-jest/-/create-jest-29.7.0.tgz 1787ms (cache miss)
4188 http fetch GET 200 https://registry.npmjs.org/jest-runner/-/jest-runner-29.7.0.tgz 1813ms (cache miss)
4189 http fetch GET 200 https://registry.npmjs.org/istanbul-lib-instrument/-/istanbul-lib-instrument-6.0.3.tgz 1818ms (cache miss)
4190 http fetch GET 200 https://registry.npmjs.org/jest-regex-util/-/jest-regex-util-29.6.3.tgz 1817ms (cache miss)
4191 http fetch GET 200 https://registry.npmjs.org/expect/-/expect-29.7.0.tgz 1835ms (cache miss)
4192 http fetch GET 200 https://registry.npmjs.org/jest-resolve-dependencies/-/jest-resolve-dependencies-29.7.0.tgz 1845ms (cache miss)
4193 http fetch GET 200 https://registry.npmjs.org/v8-to-istanbul/-/v8-to-istanbul-9.3.0.tgz 1857ms (cache miss)
4194 http fetch GET 200 https://registry.npmjs.org/istanbul-lib-report/-/istanbul-lib-report-3.0.1.tgz 1872ms (cache miss)
4195 http fetch GET 200 https://registry.npmjs.org/jest-runtime/-/jest-runtime-29.7.0.tgz 1892ms (cache miss)
4196 http fetch GET 200 https://registry.npmjs.org/@types/yargs-parser/-/yargs-parser-21.0.3.tgz 1922ms (cache miss)
4197 http fetch GET 200 https://registry.npmjs.org/jest-resolve/-/jest-resolve-29.7.0.tgz 1926ms (cache miss)
4198 http fetch GET 200 https://registry.npmjs.org/istanbul-lib-coverage/-/istanbul-lib-coverage-3.2.2.tgz 1936ms (cache miss)
4199 http fetch GET 200 https://registry.npmjs.org/jest-cli/-/jest-cli-29.7.0.tgz 1985ms (cache miss)
4200 http fetch GET 200 https://registry.npmjs.org/jest-util/-/jest-util-29.7.0.tgz 2013ms (cache miss)
4201 http fetch GET 200 https://registry.npmjs.org/jest-circus/-/jest-circus-29.7.0.tgz 2026ms (cache miss)
4202 http fetch GET 200 https://registry.npmjs.org/jest-changed-files/-/jest-changed-files-29.7.0.tgz 2020ms (cache miss)
4203 http fetch GET 200 https://registry.npmjs.org/ci-info/-/ci-info-3.9.0.tgz 2027ms (cache miss)
4204 http fetch GET 200 https://registry.npmjs.org/import-local/-/import-local-3.2.0.tgz 2028ms (cache miss)
4205 http fetch GET 200 https://registry.npmjs.org/jest-message-util/-/jest-message-util-29.7.0.tgz 2045ms (cache miss)
4206 http fetch GET 200 https://registry.npmjs.org/@jest/test-result/-/test-result-29.7.0.tgz 2276ms (cache miss)
4207 http fetch GET 200 https://registry.npmjs.org/lodash.isarguments/-/lodash.isarguments-3.1.0.tgz 2276ms (cache miss)
4208 http fetch GET 200 https://registry.npmjs.org/lodash.defaults/-/lodash.defaults-4.2.0.tgz 2284ms (cache miss)
4209 http fetch GET 200 https://registry.npmjs.org/cluster-key-slot/-/cluster-key-slot-1.1.2.tgz 2315ms (cache miss)
4210 http fetch GET 200 https://registry.npmjs.org/redis-errors/-/redis-errors-1.2.0.tgz 2329ms (cache miss)
4211 http fetch GET 200 https://registry.npmjs.org/standard-as-callback/-/standard-as-callback-2.1.0.tgz 2330ms (cache miss)
4212 http fetch GET 200 https://registry.npmjs.org/retry-request/-/retry-request-7.0.2.tgz 2344ms (cache miss)
4213 http fetch GET 200 https://registry.npmjs.org/toidentifier/-/toidentifier-1.0.1.tgz 2346ms (cache miss)
4214 http fetch GET 200 https://registry.npmjs.org/@types/long/-/long-4.0.2.tgz 2350ms (cache miss)
4215 http fetch GET 200 https://registry.npmjs.org/@jest/console/-/console-29.7.0.tgz 2361ms (cache miss)
4216 http fetch GET 200 https://registry.npmjs.org/@ioredis/commands/-/commands-1.5.1.tgz 2366ms (cache miss)
4217 http fetch GET 200 https://registry.npmjs.org/utils-merge/-/utils-merge-1.0.1.tgz 2397ms (cache miss)
4218 http fetch GET 200 https://registry.npmjs.org/type-is/-/type-is-1.6.18.tgz 2399ms (cache miss)
4219 http fetch GET 200 https://registry.npmjs.org/raw-body/-/raw-body-2.5.3.tgz 2403ms (cache miss)
4220 http fetch GET 200 https://registry.npmjs.org/redis-parser/-/redis-parser-3.0.0.tgz 2416ms (cache miss)
4221 http fetch GET 200 https://registry.npmjs.org/@jest/types/-/types-29.6.3.tgz 2459ms (cache miss)
4222 http fetch GET 200 https://registry.npmjs.org/proxy-addr/-/proxy-addr-2.0.7.tgz 2461ms (cache miss)
4223 http fetch GET 200 https://registry.npmjs.org/@babel/plugin-syntax-top-level-await/-/plugin-syntax-top-level-await-7.14.5.tgz 2484ms (cache miss)
4224 http fetch GET 200 https://registry.npmjs.org/range-parser/-/range-parser-1.2.1.tgz 2463ms (cache miss)
4225 http fetch GET 200 https://registry.npmjs.org/path-to-regexp/-/path-to-regexp-0.1.12.tgz 2462ms (cache miss)
4226 http fetch GET 200 https://registry.npmjs.org/setprototypeof/-/setprototypeof-1.2.0.tgz 2485ms (cache miss)
4227 http fetch GET 200 https://registry.npmjs.org/statuses/-/statuses-2.0.2.tgz 2486ms (cache miss)
4228 http fetch GET 200 https://registry.npmjs.org/on-finished/-/on-finished-2.4.1.tgz 2484ms (cache miss)
4229 http fetch GET 200 https://registry.npmjs.org/destroy/-/destroy-1.2.0.tgz 2485ms (cache miss)
4230 http fetch GET 200 https://registry.npmjs.org/cookie-signature/-/cookie-signature-1.0.7.tgz 2482ms (cache miss)
4231 http fetch GET 200 https://registry.npmjs.org/escape-html/-/escape-html-1.0.3.tgz 2483ms (cache miss)
4232 http fetch GET 200 https://registry.npmjs.org/serve-static/-/serve-static-1.16.3.tgz 2504ms (cache miss)
4233 http fetch GET 200 https://registry.npmjs.org/fresh/-/fresh-0.5.2.tgz 2504ms (cache miss)
4234 http fetch GET 200 https://registry.npmjs.org/merge-descriptors/-/merge-descriptors-1.0.3.tgz 2504ms (cache miss)
4235 http fetch GET 200 https://registry.npmjs.org/encodeurl/-/encodeurl-2.0.0.tgz 2503ms (cache miss)
4236 http fetch GET 200 https://registry.npmjs.org/methods/-/methods-1.1.2.tgz 2504ms (cache miss)
4237 http fetch GET 200 https://registry.npmjs.org/parseurl/-/parseurl-1.3.3.tgz 2506ms (cache miss)
4238 http fetch GET 200 https://registry.npmjs.org/send/-/send-0.19.2.tgz 2507ms (cache miss)
4239 http fetch GET 200 https://registry.npmjs.org/negotiator/-/negotiator-0.6.3.tgz 2512ms (cache miss)
4240 http fetch GET 200 https://registry.npmjs.org/http-errors/-/http-errors-2.0.1.tgz 2525ms (cache miss)
4241 http fetch GET 200 https://registry.npmjs.org/content-disposition/-/content-disposition-0.5.4.tgz 2525ms (cache miss)
4242 http fetch GET 200 https://registry.npmjs.org/finalhandler/-/finalhandler-1.3.2.tgz 2528ms (cache miss)
4243 http fetch GET 200 https://registry.npmjs.org/array-flatten/-/array-flatten-1.1.1.tgz 2549ms (cache miss)
4244 http fetch GET 200 https://registry.npmjs.org/jest-snapshot/-/jest-snapshot-29.7.0.tgz 2608ms (cache miss)
4245 http fetch GET 200 https://registry.npmjs.org/depd/-/depd-2.0.0.tgz 2599ms (cache miss)
4246 http fetch GET 200 https://registry.npmjs.org/accepts/-/accepts-1.3.8.tgz 2611ms (cache miss)
4247 http fetch GET 200 https://registry.npmjs.org/jest-watcher/-/jest-watcher-29.7.0.tgz 2648ms (cache miss)
4248 http fetch GET 200 https://registry.npmjs.org/jest-validate/-/jest-validate-29.7.0.tgz 2679ms (cache miss)
4249 http fetch GET 200 https://registry.npmjs.org/@jest/transform/-/transform-29.7.0.tgz 2681ms (cache miss)
4250 http fetch GET 200 https://registry.npmjs.org/jest/-/jest-29.7.0.tgz 2668ms (cache miss)
4251 http fetch GET 200 https://registry.npmjs.org/body-parser/-/body-parser-1.20.4.tgz 2701ms (cache miss)
4252 http fetch GET 200 https://registry.npmjs.org/node-abort-controller/-/node-abort-controller-3.1.1.tgz 2706ms (cache miss)
4253 http fetch GET 200 https://registry.npmjs.org/cors/-/cors-2.8.6.tgz 2727ms (cache miss)
4254 http fetch GET 200 https://registry.npmjs.org/abort-controller/-/abort-controller-3.0.0.tgz 2746ms (cache miss)
4255 http fetch GET 200 https://registry.npmjs.org/cron-parser/-/cron-parser-4.9.0.tgz 2741ms (cache miss)
4256 http fetch GET 200 https://registry.npmjs.org/event-target-shim/-/event-target-shim-5.0.1.tgz 2779ms (cache miss)
4257 http fetch GET 200 https://registry.npmjs.org/jest-config/-/jest-config-29.7.0.tgz 2808ms (cache miss)
4258 http fetch GET 200 https://registry.npmjs.org/jest-worker/-/jest-worker-29.7.0.tgz 2814ms (cache miss)
4259 http fetch GET 200 https://registry.npmjs.org/@grpc/proto-loader/-/proto-loader-0.7.15.tgz 2817ms (cache miss)
4260 http fetch GET 200 https://registry.npmjs.org/strtok3/-/strtok3-10.3.4.tgz 2851ms (cache miss)
4261 http fetch GET 200 https://registry.npmjs.org/pretty-format/-/pretty-format-29.7.0.tgz 2837ms (cache miss)
4262 http fetch GET 200 https://registry.npmjs.org/exit/-/exit-0.1.2.tgz 2862ms (cache miss)
4263 http fetch GET 200 https://registry.npmjs.org/qs/-/qs-6.14.2.tgz 2930ms (cache miss)
4264 http fetch GET 200 https://registry.npmjs.org/@jest/reporters/-/reporters-29.7.0.tgz 2972ms (cache miss)
4265 http fetch GET 200 https://registry.npmjs.org/jest-haste-map/-/jest-haste-map-29.7.0.tgz 2998ms (cache miss)
4266 http fetch GET 200 https://registry.npmjs.org/express/-/express-4.22.1.tgz 3045ms (cache miss)
4267 http fetch GET 200 https://registry.npmjs.org/is-stream/-/is-stream-4.0.1.tgz 3052ms (cache miss)
4268 http fetch GET 200 https://registry.npmjs.org/camelcase/-/camelcase-6.3.0.tgz 3070ms (cache miss)
4269 http fetch GET 200 https://registry.npmjs.org/media-typer/-/media-typer-0.3.0.tgz 3070ms (cache miss)
4270 http fetch GET 200 https://registry.npmjs.org/get-stream/-/get-stream-9.0.1.tgz 3133ms (cache miss)
4271 http fetch GET 200 https://registry.npmjs.org/istanbul-lib-instrument/-/istanbul-lib-instrument-5.2.1.tgz 3162ms (cache miss)
4272 http fetch GET 200 https://registry.npmjs.org/@sinclair/typebox/-/typebox-0.27.10.tgz 3188ms (cache miss)
4273 http fetch GET 200 https://registry.npmjs.org/ansi-styles/-/ansi-styles-5.2.0.tgz 3196ms (cache miss)
4274 http fetch GET 200 https://registry.npmjs.org/strtok3/-/strtok3-9.1.1.tgz 3210ms (cache miss)
4275 http fetch GET 200 https://registry.npmjs.org/@tootallnate%2fonce 2880ms (cache revalidated)
4276 silly packumentCache corgi:https://registry.npmjs.org/@tootallnate%2fonce set size:10818 disposed:false
4277 http fetch GET 200 https://registry.npmjs.org/@remotion/streaming/-/streaming-4.0.290.tgz 3410ms (cache miss)
4278 http fetch GET 200 https://registry.npmjs.org/@jest/core/-/core-29.7.0.tgz 3469ms (cache miss)
4279 http fetch GET 200 https://registry.npmjs.org/@ioredis/commands/-/commands-1.5.0.tgz 3478ms (cache miss)
4280 http fetch GET 200 https://registry.npmjs.org/istanbul-reports/-/istanbul-reports-3.2.0.tgz 3638ms (cache miss)
4281 http fetch GET 200 https://registry.npmjs.org/proto3-json-serializer/-/proto3-json-serializer-2.0.2.tgz 3653ms (cache miss)
4282 http fetch GET 200 https://registry.npmjs.org/nodemon/-/nodemon-3.1.14.tgz 3643ms (cache miss)
4283 http fetch GET 200 https://registry.npmjs.org/msgpackr/-/msgpackr-1.11.5.tgz 3676ms (cache miss)
4284 http fetch GET 200 https://registry.npmjs.org/@remotion/zod-types/-/zod-types-4.0.290.tgz 3678ms (cache miss)
4285 http fetch GET 200 https://registry.npmjs.org/zod/-/zod-3.22.3.tgz 3723ms (cache miss)
4286 http fetch GET 200 https://registry.npmjs.org/@bcoe/v8-coverage/-/v8-coverage-0.2.3.tgz 3813ms (cache miss)
4287 http fetch GET 200 https://registry.npmjs.org/webpack 3398ms (cache updated)
4288 silly packumentCache corgi:https://registry.npmjs.org/webpack set size:undefined disposed:false
4289 silly packumentCache corgi:https://registry.npmjs.org/@remotion%2fbundler cache-miss
4290 silly packumentCache corgi:https://registry.npmjs.org/css-loader cache-miss
4291 silly packumentCache corgi:https://registry.npmjs.org/style-loader cache-miss
4292 silly packumentCache corgi:https://registry.npmjs.org/terser-webpack-plugin cache-miss
4293 http fetch GET 200 https://registry.npmjs.org/@types/node/-/node-25.3.5.tgz 4140ms (cache miss)
4294 http fetch GET 200 https://registry.npmjs.org/css-loader 143ms (cache revalidated)
4295 silly packumentCache corgi:https://registry.npmjs.org/css-loader set size:243401 disposed:false
4296 http fetch GET 200 https://registry.npmjs.org/style-loader 175ms (cache revalidated)
4297 silly packumentCache corgi:https://registry.npmjs.org/style-loader set size:87141 disposed:false
4298 http fetch GET 200 https://registry.npmjs.org/@remotion/bundler/-/bundler-4.0.290.tgz 4200ms (cache miss)
4299 http fetch GET 200 https://registry.npmjs.org/@remotion/media-utils/-/media-utils-4.0.290.tgz 4227ms (cache miss)
4300 http fetch GET 200 https://registry.npmjs.org/terser-webpack-plugin 247ms (cache updated)
4301 silly packumentCache corgi:https://registry.npmjs.org/terser-webpack-plugin set size:undefined disposed:false
4302 http fetch GET 200 https://registry.npmjs.org/uuid/-/uuid-10.0.0.tgz 4472ms (cache miss)
4303 http fetch GET 200 https://registry.npmjs.org/@remotion/studio-shared/-/studio-shared-4.0.290.tgz 4500ms (cache miss)
4304 http fetch GET 200 https://registry.npmjs.org/ioredis/-/ioredis-5.10.0.tgz 4554ms (cache miss)
4305 http fetch GET 200 https://registry.npmjs.org/ioredis/-/ioredis-5.9.3.tgz 4720ms (cache miss)
4306 http fetch GET 200 https://registry.npmjs.org/@google/generative-ai/-/generative-ai-0.21.0.tgz 4889ms (cache miss)
4307 http fetch GET 200 https://registry.npmjs.org/@google-cloud/text-to-speech/-/text-to-speech-5.8.1.tgz 4925ms (cache miss)
4308 http fetch GET 200 https://registry.npmjs.org/@remotion%2fbundler 1069ms (cache updated)
4309 silly packumentCache corgi:https://registry.npmjs.org/@remotion%2fbundler set size:undefined disposed:false
4310 silly packumentCache corgi:https://registry.npmjs.org/http-proxy-agent cache-miss
4311 http fetch GET 200 https://registry.npmjs.org/http-proxy-agent 127ms (cache miss)
4312 silly packumentCache corgi:https://registry.npmjs.org/http-proxy-agent set size:undefined disposed:false
4313 silly packumentCache corgi:https://registry.npmjs.org/teeny-request cache-miss
4314 http fetch GET 200 https://registry.npmjs.org/uuid/-/uuid-11.1.0.tgz 5437ms (cache miss)
4315 http fetch GET 200 https://registry.npmjs.org/music-metadata/-/music-metadata-10.9.1.tgz 5443ms (cache miss)
4316 http fetch GET 200 https://registry.npmjs.org/@remotion/compositor-darwin-arm64/-/compositor-darwin-arm64-4.0.290.tgz 5515ms (cache miss)
4317 http fetch GET 200 https://registry.npmjs.org/teeny-request 155ms (cache miss)
4318 silly packumentCache corgi:https://registry.npmjs.org/teeny-request set size:undefined disposed:false
4319 silly packumentCache corgi:https://registry.npmjs.org/retry-request cache-miss
4320 http fetch GET 200 https://registry.npmjs.org/retry-request 149ms (cache miss)
4321 silly packumentCache corgi:https://registry.npmjs.org/retry-request set size:undefined disposed:false
4322 silly packumentCache corgi:https://registry.npmjs.org/google-gax cache-miss
4323 http fetch GET 200 https://registry.npmjs.org/remotion/-/remotion-4.0.290.tgz 5870ms (cache miss)
4324 http fetch GET 200 https://registry.npmjs.org/google-gax 487ms (cache miss)
4325 silly packumentCache corgi:https://registry.npmjs.org/google-gax set size:undefined disposed:false
4326 silly packumentCache corgi:https://registry.npmjs.org/@google-cloud%2ftext-to-speech cache-miss
4327 http fetch GET 200 https://registry.npmjs.org/@remotion/player/-/player-4.0.290.tgz 6848ms (cache miss)
4328 http fetch GET 200 https://registry.npmjs.org/@remotion/renderer/-/renderer-4.0.290.tgz 6983ms (cache miss)
4329 http fetch GET 200 https://registry.npmjs.org/google-gax/-/google-gax-4.6.1.tgz 7112ms (cache miss)
4330 http fetch GET 200 https://registry.npmjs.org/webpack/-/webpack-5.96.1.tgz 7414ms (cache miss)
4331 http fetch GET 200 https://registry.npmjs.org/@remotion/media-parser/-/media-parser-4.0.290.tgz 7596ms (cache miss)
4332 http fetch GET 200 https://registry.npmjs.org/@google-cloud%2ftext-to-speech 1524ms (cache miss)
4333 silly packumentCache corgi:https://registry.npmjs.org/@google-cloud%2ftext-to-speech set size:undefined disposed:false
4334 http fetch GET 200 https://registry.npmjs.org/@remotion/studio/-/studio-4.0.290.tgz 8149ms (cache miss)
4335 http fetch GET 200 https://registry.npmjs.org/bullmq/-/bullmq-5.70.4.tgz 8239ms (cache miss)
4336 info run fsevents@2.3.3 install node_modules/fsevents node-gyp rebuild
4337 info run msgpackr-extract@3.0.3 install node_modules/msgpackr-extract node-gyp-build-optional-packages
4338 info run fsevents@2.3.3 install { code: 7, signal: null }
4339 verbose reify failed optional dependency /Users/rosario/Desktop/q&A/jee-video-gen/backend/node_modules/fsevents
4340 silly reify mark deleted [
4340 silly reify   '/Users/rosario/Desktop/q&A/jee-video-gen/backend/node_modules/fsevents'
4340 silly reify ]
4341 info run msgpackr-extract@3.0.3 install { code: 0, signal: null }
4342 info run esbuild@0.25.0 postinstall node_modules/esbuild node install.js
4343 info run protobufjs@7.5.4 postinstall node_modules/protobufjs node scripts/postinstall
4344 info run protobufjs@7.5.4 postinstall { code: 0, signal: null }
4345 info run esbuild@0.25.0 postinstall { code: 0, signal: null }
4346 silly ADD node_modules/require-from-string
4347 silly ADD node_modules/fast-uri
4348 silly ADD node_modules/ajv-formats
4349 silly ADD node_modules/ajv-formats/node_modules/json-schema-traverse
4350 silly ADD node_modules/ajv-formats/node_modules/ajv
4351 silly ADD node_modules/p-try
4352 silly ADD node_modules/peek-readable
4353 silly ADD node_modules/@sec-ant/readable-stream
4354 silly ADD node_modules/pump
4355 silly ADD node_modules/lodash.sortby
4356 silly ADD node_modules/pend
4357 silly ADD node_modules/fd-slicer
4358 silly ADD node_modules/buffer-crc32
4359 silly ADD node_modules/is-fullwidth-code-point
4360 silly ADD node_modules/emoji-regex
4361 silly ADD node_modules/wrap-ansi
4362 silly ADD node_modules/yargs-parser
4363 silly ADD node_modules/y18n
4364 silly ADD node_modules/string-width
4365 silly ADD node_modules/require-directory
4366 silly ADD node_modules/get-caller-file
4367 silly ADD node_modules/cliui
4368 silly ADD node_modules/imurmurhash
4369 silly ADD node_modules/isexe
4370 silly ADD node_modules/webidl-conversions
4371 silly ADD node_modules/tr46
4372 silly ADD node_modules/commander
4373 silly ADD node_modules/@jridgewell/source-map
4374 silly ADD node_modules/terser
4375 silly ADD node_modules/terser/node_modules/source-map
4376 silly ADD node_modules/terser/node_modules/source-map-support
4377 silly ADD node_modules/estraverse
4378 silly ADD node_modules/esrecurse
4379 silly ADD node_modules/esrecurse/node_modules/estraverse
4380 silly ADD node_modules/@xtuc/ieee754
4381 silly ADD node_modules/@webassemblyjs/utf8
4382 silly ADD node_modules/@webassemblyjs/leb128
4383 silly ADD node_modules/@webassemblyjs/ieee754
4384 silly ADD node_modules/@webassemblyjs/wast-printer
4385 silly ADD node_modules/@webassemblyjs/wasm-opt
4386 silly ADD node_modules/@webassemblyjs/wasm-gen
4387 silly ADD node_modules/@webassemblyjs/helper-wasm-section
4388 silly ADD node_modules/@webassemblyjs/helper-buffer
4389 silly ADD node_modules/@xtuc/long
4390 silly ADD node_modules/@webassemblyjs/helper-api-error
4391 silly ADD node_modules/@webassemblyjs/floating-point-hex-parser
4392 silly ADD node_modules/@webassemblyjs/helper-wasm-bytecode
4393 silly ADD node_modules/@webassemblyjs/helper-numbers
4394 silly ADD node_modules/@types/eslint
4395 silly ADD node_modules/webpack-sources
4396 silly ADD node_modules/watchpack
4397 silly ADD node_modules/terser-webpack-plugin
4398 silly ADD node_modules/terser-webpack-plugin/node_modules/json-schema-traverse
4399 silly ADD node_modules/terser-webpack-plugin/node_modules/ajv-keywords
4400 silly ADD node_modules/terser-webpack-plugin/node_modules/ajv
4401 silly ADD node_modules/terser-webpack-plugin/node_modules/supports-color
4402 silly ADD node_modules/terser-webpack-plugin/node_modules/schema-utils
4403 silly ADD node_modules/terser-webpack-plugin/node_modules/jest-worker
4404 silly ADD node_modules/tapable
4405 silly ADD node_modules/neo-async
4406 silly ADD node_modules/loader-runner
4407 silly ADD node_modules/glob-to-regexp
4408 silly ADD node_modules/events
4409 silly ADD node_modules/eslint-scope
4410 silly ADD node_modules/es-module-lexer
4411 silly ADD node_modules/enhanced-resolve
4412 silly ADD node_modules/chrome-trace-event
4413 silly ADD node_modules/acorn
4414 silly ADD node_modules/@webassemblyjs/wasm-parser
4415 silly ADD node_modules/@webassemblyjs/wasm-edit
4416 silly ADD node_modules/@webassemblyjs/ast
4417 silly ADD node_modules/@types/estree
4418 silly ADD node_modules/@types/eslint-scope
4419 silly ADD node_modules/tmpl
4420 silly ADD node_modules/makeerror
4421 silly ADD node_modules/punycode
4422 silly ADD node_modules/escalade
4423 silly ADD node_modules/ieee754
4424 silly ADD node_modules/@borewit/text-codec
4425 silly ADD node_modules/is-number
4426 silly ADD node_modules/stubs
4427 silly ADD node_modules/@tootallnate/once
4428 silly ADD node_modules/stream-events
4429 silly ADD node_modules/http-proxy-agent
4430 silly ADD node_modules/http-proxy-agent/node_modules/ms
4431 silly ADD node_modules/http-proxy-agent/node_modules/debug
4432 silly ADD node_modules/http-proxy-agent/node_modules/agent-base
4433 silly ADD node_modules/has-flag
4434 silly ADD node_modules/ansi-regex
4435 silly ADD node_modules/char-regex
4436 silly ADD node_modules/escape-string-regexp
4437 silly ADD node_modules/buffer-from
4438 silly ADD node_modules/call-bound
4439 silly ADD node_modules/side-channel-weakmap
4440 silly ADD node_modules/side-channel-map
4441 silly ADD node_modules/side-channel-list
4442 silly ADD node_modules/object-inspect
4443 silly ADD node_modules/shebang-regex
4444 silly ADD node_modules/mime
4445 silly ADD node_modules/uri-js
4446 silly ADD node_modules/json-schema-traverse
4447 silly ADD node_modules/fast-deep-equal
4448 silly ADD node_modules/ajv-keywords
4449 silly ADD node_modules/ajv
4450 silly ADD node_modules/@types/json-schema
4451 silly ADD node_modules/dunder-proto
4452 silly ADD node_modules/math-intrinsics
4453 silly ADD node_modules/has-symbols
4454 silly ADD node_modules/gopd
4455 silly ADD node_modules/get-proto
4456 silly ADD node_modules/es-object-atoms
4457 silly ADD node_modules/es-define-property
4458 silly ADD node_modules/call-bind-apply-helpers
4459 silly ADD node_modules/has-tostringtag
4460 silly ADD node_modules/get-intrinsic
4461 silly ADD node_modules/es-errors
4462 silly ADD node_modules/delayed-stream
4463 silly ADD node_modules/es-set-tostringtag
4464 silly ADD node_modules/combined-stream
4465 silly ADD node_modules/asynckit
4466 silly ADD node_modules/form-data
4467 silly ADD node_modules/@types/tough-cookie
4468 silly ADD node_modules/@types/caseless
4469 silly ADD node_modules/teeny-request
4470 silly ADD node_modules/teeny-request/node_modules/ms
4471 silly ADD node_modules/teeny-request/node_modules/debug
4472 silly ADD node_modules/teeny-request/node_modules/agent-base
4473 silly ADD node_modules/teeny-request/node_modules/uuid
4474 silly ADD node_modules/teeny-request/node_modules/https-proxy-agent
4475 silly ADD node_modules/@types/request
4476 silly ADD node_modules/function-bind
4477 silly ADD node_modules/hasown
4478 silly ADD node_modules/supports-preserve-symlinks-flag
4479 silly ADD node_modules/path-parse
4480 silly ADD node_modules/is-core-module
4481 silly ADD node_modules/string_decoder
4482 silly ADD node_modules/scheduler
4483 silly ADD node_modules/side-channel
4484 silly ADD node_modules/ipaddr.js
4485 silly ADD node_modules/forwarded
4486 silly ADD node_modules/@protobufjs/utf8
4487 silly ADD node_modules/@protobufjs/pool
4488 silly ADD node_modules/@protobufjs/path
4489 silly ADD node_modules/@protobufjs/inquire
4490 silly ADD node_modules/@protobufjs/float
4491 silly ADD node_modules/@protobufjs/fetch
4492 silly ADD node_modules/@protobufjs/eventemitter
4493 silly ADD node_modules/@protobufjs/codegen
4494 silly ADD node_modules/@protobufjs/base64
4495 silly ADD node_modules/@protobufjs/aspromise
4496 silly ADD node_modules/sisteransi
4497 silly ADD node_modules/kleur
4498 silly ADD node_modules/react-is
4499 silly ADD node_modules/util-deprecate
4500 silly ADD node_modules/cssesc
4501 silly ADD node_modules/postcss-selector-parser
4502 silly ADD node_modules/source-map-js
4503 silly ADD node_modules/nanoid
4504 silly ADD node_modules/is-arrayish
4505 silly ADD node_modules/lines-and-columns
4506 silly ADD node_modules/json-parse-even-better-errors
4507 silly ADD node_modules/error-ex
4508 silly ADD node_modules/yocto-queue
4509 silly ADD node_modules/is-wsl
4510 silly ADD node_modules/is-docker
4511 silly ADD node_modules/define-lazy-prop
4512 silly ADD node_modules/mimic-fn
4513 silly ADD node_modules/ee-first
4514 silly ADD node_modules/is-extglob
4515 silly ADD node_modules/binary-extensions
4516 silly ADD node_modules/readdirp
4517 silly ADD node_modules/is-glob
4518 silly ADD node_modules/is-binary-path
4519 silly ADD node_modules/glob-parent
4520 silly ADD node_modules/undefsafe
4521 silly ADD node_modules/touch
4522 silly ADD node_modules/simple-update-notifier
4523 silly ADD node_modules/pstree.remy
4524 silly ADD node_modules/ignore-by-default
4525 silly ADD node_modules/chokidar
4526 silly ADD node_modules/detect-libc
4527 silly ADD node_modules/whatwg-url
4528 silly ADD node_modules/uint8array-extras
4529 silly ADD node_modules/token-types
4530 silly ADD node_modules/strtok3
4531 silly ADD node_modules/media-typer
4532 silly ADD node_modules/link
4533 silly ADD node_modules/file-type
4534 silly ADD node_modules/file-type/node_modules/is-stream
4535 silly ADD node_modules/file-type/node_modules/strtok3
4536 silly ADD node_modules/file-type/node_modules/get-stream
4537 silly ADD node_modules/@tokenizer/token
4538 silly ADD node_modules/node-gyp-build-optional-packages
4539 silly ADD node_modules/@msgpackr-extract/msgpackr-extract-darwin-arm64
4540 silly ADD node_modules/msgpackr-extract
4541 silly ADD node_modules/concat-map
4542 silly ADD node_modules/balanced-match
4543 silly ADD node_modules/brace-expansion
4544 silly ADD node_modules/mime-db
4545 silly ADD node_modules/to-regex-range
4546 silly ADD node_modules/fill-range
4547 silly ADD node_modules/braces
4548 silly ADD node_modules/fs-monkey
4549 silly ADD node_modules/yallist
4550 silly ADD node_modules/p-locate
4551 silly ADD node_modules/p-locate/node_modules/p-limit
4552 silly ADD node_modules/emojis-list
4553 silly ADD node_modules/big.js
4554 silly ADD node_modules/buffer-equal-constant-time
4555 silly ADD node_modules/jwa
4556 silly ADD node_modules/bignumber.js
4557 silly ADD node_modules/sprintf-js
4558 silly ADD node_modules/esprima
4559 silly ADD node_modules/argparse
4560 silly ADD node_modules/leven
4561 silly ADD node_modules/natural-compare
4562 silly ADD node_modules/@babel/plugin-syntax-typescript
4563 silly ADD node_modules/@babel/plugin-syntax-jsx
4564 silly ADD node_modules/callsites
4565 silly ADD node_modules/strip-bom
4566 silly ADD node_modules/cjs-module-lexer
4567 silly ADD node_modules/@jest/source-map
4568 silly ADD node_modules/@jest/globals
4569 silly ADD node_modules/detect-newline
4570 silly ADD node_modules/source-map-support
4571 silly ADD node_modules/source-map-support/node_modules/source-map
4572 silly ADD node_modules/jest-leak-detector
4573 silly ADD node_modules/jest-docblock
4574 silly ADD node_modules/emittery
4575 silly ADD node_modules/resolve.exports
4576 silly ADD node_modules/resolve
4577 silly ADD node_modules/jest-pnp-resolver
4578 silly ADD node_modules/@types/stack-utils
4579 silly ADD node_modules/diff-sequences
4580 silly ADD node_modules/jest-diff
4581 silly ADD node_modules/node-int64
4582 silly ADD node_modules/bser
4583 silly ADD node_modules/picomatch
4584 silly ADD node_modules/normalize-path
4585 silly ADD node_modules/walker
4586 silly ADD
4587 silly ADD node_modules/fb-watchman
4588 silly ADD node_modules/anymatch
4589 silly ADD node_modules/@types/graceful-fs
4590 silly ADD node_modules/@jest/expect-utils
4591 silly ADD node_modules/type-detect
4592 silly ADD node_modules/@sinonjs/commons
4593 silly ADD node_modules/@sinonjs/fake-timers
4594 silly ADD node_modules/expect
4595 silly ADD node_modules/jest-mock
4596 silly ADD node_modules/@jest/fake-timers
4597 silly ADD node_modules/stack-utils
4598 silly ADD node_modules/pure-rand
4599 silly ADD node_modules/jest-matcher-utils
4600 silly ADD node_modules/jest-each
4601 silly ADD node_modules/is-generator-fn
4602 silly ADD node_modules/dedent
4603 silly ADD node_modules/co
4604 silly ADD node_modules/@jest/expect
4605 silly ADD node_modules/@jest/environment
4606 silly ADD node_modules/@babel/plugin-syntax-top-level-await
4607 silly ADD node_modules/@babel/plugin-syntax-private-property-in-object
4608 silly ADD node_modules/@babel/plugin-syntax-optional-chaining
4609 silly ADD node_modules/@babel/plugin-syntax-optional-catch-binding
4610 silly ADD node_modules/@babel/plugin-syntax-object-rest-spread
4611 silly ADD node_modules/@babel/plugin-syntax-numeric-separator
4612 silly ADD node_modules/@babel/plugin-syntax-nullish-coalescing-operator
4613 silly ADD node_modules/@babel/plugin-syntax-logical-assignment-operators
4614 silly ADD node_modules/@babel/plugin-syntax-json-strings
4615 silly ADD node_modules/@babel/plugin-syntax-import-meta
4616 silly ADD node_modules/@babel/plugin-syntax-import-attributes
4617 silly ADD node_modules/@babel/plugin-syntax-class-static-block
4618 silly ADD node_modules/@babel/plugin-syntax-class-properties
4619 silly ADD node_modules/@babel/plugin-syntax-bigint
4620 silly ADD node_modules/@babel/plugin-syntax-async-generators
4621 silly ADD node_modules/babel-preset-current-node-syntax
4622 silly ADD node_modules/babel-plugin-jest-hoist
4623 silly ADD node_modules/@types/babel__traverse
4624 silly ADD node_modules/@types/babel__template
4625 silly ADD node_modules/@types/babel__generator
4626 silly ADD node_modules/babel-preset-jest
4627 silly ADD node_modules/@types/babel__core
4628 silly ADD node_modules/strip-json-comments
4629 silly ADD node_modules/parse-json
4630 silly ADD node_modules/jest-get-type
4631 silly ADD node_modules/jest-environment-node
4632 silly ADD node_modules/jest-circus
4633 silly ADD node_modules/deepmerge
4634 silly ADD node_modules/babel-jest
4635 silly ADD node_modules/@jest/test-sequencer
4636 silly ADD node_modules/prompts
4637 silly ADD node_modules/create-jest
4638 silly ADD node_modules/p-limit
4639 silly ADD node_modules/html-escaper
4640 silly ADD node_modules/make-dir
4641 silly ADD node_modules/wrappy
4642 silly ADD node_modules/resolve-cwd
4643 silly ADD node_modules/pkg-dir
4644 silly ADD node_modules/path-is-absolute
4645 silly ADD node_modules/minimatch
4646 silly ADD node_modules/inflight
4647 silly ADD node_modules/fs.realpath
4648 silly ADD node_modules/path-exists
4649 silly ADD node_modules/locate-path
4650 silly ADD node_modules/color-name
4651 silly ADD node_modules/color-convert
4652 silly ADD node_modules/supports-color
4653 silly ADD node_modules/ansi-styles
4654 silly ADD node_modules/update-browserslist-db
4655 silly ADD node_modules/node-releases
4656 silly ADD node_modules/electron-to-chromium
4657 silly ADD node_modules/caniuse-lite
4658 silly ADD node_modules/baseline-browser-mapping
4659 silly ADD node_modules/resolve-from
4660 silly ADD node_modules/js-yaml
4661 silly ADD node_modules/get-package-type
4662 silly ADD node_modules/find-up
4663 silly ADD node_modules/camelcase
4664 silly ADD node_modules/test-exclude
4665 silly ADD node_modules/@istanbuljs/schema
4666 silly ADD node_modules/@istanbuljs/load-nyc-config
4667 silly ADD node_modules/@babel/helper-plugin-utils
4668 silly ADD node_modules/type-fest
4669 silly ADD node_modules/@types/yargs-parser
4670 silly ADD node_modules/@types/istanbul-lib-report
4671 silly ADD node_modules/@jridgewell/resolve-uri
4672 silly ADD node_modules/@jridgewell/sourcemap-codec
4673 silly ADD node_modules/@sinclair/typebox
4674 silly ADD node_modules/@types/yargs
4675 silly ADD node_modules/@types/istanbul-reports
4676 silly ADD node_modules/@jest/schemas
4677 silly ADD node_modules/@babel/helper-string-parser
4678 silly ADD node_modules/@babel/helper-globals
4679 silly ADD node_modules/@babel/helper-module-imports
4680 silly ADD node_modules/lru-cache
4681 silly ADD node_modules/browserslist
4682 silly ADD node_modules/@babel/helper-validator-option
4683 silly ADD node_modules/@babel/compat-data
4684 silly ADD node_modules/jsesc
4685 silly ADD node_modules/@jridgewell/gen-mapping
4686 silly ADD node_modules/picocolors
4687 silly ADD node_modules/js-tokens
4688 silly ADD node_modules/@babel/helper-validator-identifier
4689 silly ADD node_modules/json5
4690 silly ADD node_modules/gensync
4691 silly ADD node_modules/@jridgewell/remapping
4692 silly ADD node_modules/@babel/types
4693 silly ADD node_modules/@babel/traverse
4694 silly ADD node_modules/@babel/traverse/node_modules/ms
4695 silly ADD node_modules/@babel/traverse/node_modules/debug
4696 silly ADD node_modules/@babel/template
4697 silly ADD node_modules/@babel/parser
4698 silly ADD node_modules/@babel/helpers
4699 silly ADD node_modules/@babel/helper-module-transforms
4700 silly ADD node_modules/@babel/helper-compilation-targets
4701 silly ADD node_modules/@babel/helper-compilation-targets/node_modules/semver
4702 silly ADD node_modules/@babel/generator
4703 silly ADD node_modules/@babel/code-frame
4704 silly ADD node_modules/write-file-atomic
4705 silly ADD node_modules/pirates
4706 silly ADD node_modules/fast-json-stable-stringify
4707 silly ADD node_modules/convert-source-map
4708 silly ADD node_modules/babel-plugin-istanbul
4709 silly ADD node_modules/babel-plugin-istanbul/node_modules/semver
4710 silly ADD node_modules/babel-plugin-istanbul/node_modules/istanbul-lib-instrument
4711 silly ADD node_modules/@babel/core
4712 silly ADD node_modules/@babel/core/node_modules/ms
4713 silly ADD node_modules/@babel/core/node_modules/semver
4714 silly ADD node_modules/@babel/core/node_modules/debug
4715 silly ADD node_modules/@types/istanbul-lib-coverage
4716 silly ADD node_modules/v8-to-istanbul
4717 silly ADD node_modules/string-length
4718 silly ADD node_modules/jest-worker
4719 silly ADD node_modules/jest-worker/node_modules/supports-color
4720 silly ADD node_modules/istanbul-reports
4721 silly ADD node_modules/istanbul-lib-source-maps
4722 silly ADD node_modules/istanbul-lib-source-maps/node_modules/ms
4723 silly ADD node_modules/istanbul-lib-source-maps/node_modules/source-map
4724 silly ADD node_modules/istanbul-lib-source-maps/node_modules/debug
4725 silly ADD node_modules/istanbul-lib-report
4726 silly ADD node_modules/istanbul-lib-instrument
4727 silly ADD node_modules/istanbul-lib-instrument/node_modules/semver
4728 silly ADD node_modules/istanbul-lib-coverage
4729 silly ADD node_modules/glob
4730 silly ADD node_modules/collect-v8-coverage
4731 silly ADD node_modules/@jridgewell/trace-mapping
4732 silly ADD node_modules/@bcoe/v8-coverage
4733 silly ADD node_modules/strip-ansi
4734 silly ADD node_modules/slash
4735 silly ADD node_modules/pretty-format
4736 silly ADD node_modules/pretty-format/node_modules/ansi-styles
4737 silly ADD node_modules/micromatch
4738 silly ADD node_modules/jest-watcher
4739 silly ADD node_modules/jest-validate
4740 silly ADD node_modules/jest-validate/node_modules/camelcase
4741 silly ADD node_modules/jest-util
4742 silly ADD node_modules/jest-snapshot
4743 silly ADD node_modules/jest-runtime
4744 silly ADD node_modules/jest-runner
4745 silly ADD node_modules/jest-resolve-dependencies
4746 silly ADD node_modules/jest-resolve
4747 silly ADD node_modules/jest-regex-util
4748 silly ADD node_modules/jest-message-util
4749 silly ADD node_modules/jest-haste-map
4750 silly ADD node_modules/jest-config
4751 silly ADD node_modules/jest-changed-files
4752 silly ADD node_modules/graceful-fs
4753 silly ADD node_modules/exit
4754 silly ADD node_modules/ci-info
4755 silly ADD node_modules/chalk
4756 silly ADD node_modules/ansi-escapes
4757 silly ADD node_modules/@jest/transform
4758 silly ADD node_modules/@jest/test-result
4759 silly ADD node_modules/@jest/reporters
4760 silly ADD node_modules/@jest/console
4761 silly ADD node_modules/jest-cli
4762 silly ADD node_modules/import-local
4763 silly ADD node_modules/@jest/types
4764 silly ADD node_modules/@jest/core
4765 silly ADD node_modules/standard-as-callback
4766 silly ADD node_modules/redis-parser
4767 silly ADD node_modules/redis-errors
4768 silly ADD node_modules/lodash.isarguments
4769 silly ADD node_modules/lodash.defaults
4770 silly ADD node_modules/denque
4771 silly ADD node_modules/cluster-key-slot
4772 silly ADD node_modules/@ioredis/commands
4773 silly ADD node_modules/safer-buffer
4774 silly ADD node_modules/agent-base
4775 silly ADD node_modules/toidentifier
4776 silly ADD node_modules/json-bigint
4777 silly ADD node_modules/google-logging-utils
4778 silly ADD node_modules/https-proxy-agent
4779 silly ADD node_modules/https-proxy-agent/node_modules/ms
4780 silly ADD node_modules/https-proxy-agent/node_modules/debug
4781 silly ADD node_modules/extend
4782 silly ADD node_modules/jws
4783 silly ADD node_modules/gtoken
4784 silly ADD node_modules/gcp-metadata
4785 silly ADD node_modules/gaxios
4786 silly ADD node_modules/gaxios/node_modules/uuid
4787 silly ADD node_modules/ecdsa-sig-formatter
4788 silly ADD node_modules/base64-js
4789 silly ADD node_modules/once
4790 silly ADD node_modules/stream-shift
4791 silly ADD node_modules/readable-stream
4792 silly ADD node_modules/inherits
4793 silly ADD node_modules/end-of-stream
4794 silly ADD node_modules/event-target-shim
4795 silly ADD node_modules/yargs
4796 silly ADD node_modules/long
4797 silly ADD node_modules/lodash.camelcase
4798 silly ADD node_modules/@js-sdsl/ordered-map
4799 silly ADD node_modules/retry-request
4800 silly ADD node_modules/protobufjs
4801 silly ADD node_modules/proto3-json-serializer
4802 silly ADD node_modules/object-hash
4803 silly ADD node_modules/node-fetch
4804 silly ADD node_modules/google-auth-library
4805 silly ADD node_modules/duplexify
4806 silly ADD node_modules/abort-controller
4807 silly ADD node_modules/@types/long
4808 silly ADD node_modules/@grpc/proto-loader
4809 silly ADD node_modules/@grpc/grpc-js
4810 silly ADD node_modules/@grpc/grpc-js/node_modules/@grpc/proto-loader
4811 silly ADD node_modules/undici-types
4812 silly ADD node_modules/@types/node
4813 silly ADD node_modules/yauzl
4814 silly ADD node_modules/@types/yauzl
4815 silly ADD node_modules/ms
4816 silly ADD node_modules/unpipe
4817 silly ADD node_modules/raw-body
4818 silly ADD node_modules/iconv-lite
4819 silly ADD node_modules/destroy
4820 silly ADD node_modules/bytes
4821 silly ADD node_modules/negotiator
4822 silly ADD node_modules/mime-types
4823 silly ADD node_modules/utils-merge
4824 silly ADD node_modules/type-is
4825 silly ADD node_modules/type-is/node_modules/media-typer
4826 silly ADD node_modules/statuses
4827 silly ADD node_modules/setprototypeof
4828 silly ADD node_modules/serve-static
4829 silly ADD node_modules/send
4830 silly ADD node_modules/send/node_modules/ms
4831 silly ADD node_modules/safe-buffer
4832 silly ADD node_modules/range-parser
4833 silly ADD node_modules/qs
4834 silly ADD node_modules/proxy-addr
4835 silly ADD node_modules/path-to-regexp
4836 silly ADD node_modules/parseurl
4837 silly ADD node_modules/on-finished
4838 silly ADD node_modules/methods
4839 silly ADD node_modules/merge-descriptors
4840 silly ADD node_modules/http-errors
4841 silly ADD node_modules/fresh
4842 silly ADD node_modules/finalhandler
4843 silly ADD node_modules/etag
4844 silly ADD node_modules/escape-html
4845 silly ADD node_modules/encodeurl
4846 silly ADD node_modules/depd
4847 silly ADD node_modules/debug
4848 silly ADD node_modules/cookie-signature
4849 silly ADD node_modules/cookie
4850 silly ADD node_modules/content-type
4851 silly ADD node_modules/content-disposition
4852 silly ADD node_modules/body-parser
4853 silly ADD node_modules/array-flatten
4854 silly ADD node_modules/accepts
4855 silly ADD node_modules/which
4856 silly ADD node_modules/shebang-command
4857 silly ADD node_modules/path-key
4858 silly ADD node_modules/strip-final-newline
4859 silly ADD node_modules/signal-exit
4860 silly ADD node_modules/onetime
4861 silly ADD node_modules/npm-run-path
4862 silly ADD node_modules/merge-stream
4863 silly ADD node_modules/is-stream
4864 silly ADD node_modules/human-signals
4865 silly ADD node_modules/get-stream
4866 silly ADD node_modules/cross-spawn
4867 silly ADD node_modules/@esbuild/darwin-arm64
4868 silly ADD node_modules/schema-utils
4869 silly ADD node_modules/postcss-value-parser
4870 silly ADD node_modules/postcss-modules-values
4871 silly ADD node_modules/postcss-modules-scope
4872 silly ADD node_modules/postcss-modules-local-by-default
4873 silly ADD node_modules/postcss-modules-extract-imports
4874 silly ADD node_modules/loader-utils
4875 silly ADD node_modules/postcss
4876 silly ADD node_modules/icss-utils
4877 silly ADD node_modules/luxon
4878 silly ADD node_modules/vary
4879 silly ADD node_modules/object-assign
4880 silly ADD node_modules/tslib
4881 silly ADD node_modules/node-abort-controller
4882 silly ADD node_modules/msgpackr
4883 silly ADD node_modules/cron-parser
4884 silly ADD node_modules/semver
4885 silly ADD node_modules/semver/node_modules/yallist
4886 silly ADD node_modules/semver/node_modules/lru-cache
4887 silly ADD node_modules/open
4888 silly ADD node_modules/memfs
4889 silly ADD node_modules/zod
4890 silly ADD node_modules/@remotion/zod-types
4891 silly ADD node_modules/@remotion/player
4892 silly ADD node_modules/@remotion/media-utils
4893 silly ADD node_modules/@remotion/media-parser
4894 silly ADD node_modules/ws
4895 silly ADD node_modules/extract-zip
4896 silly ADD node_modules/extract-zip/node_modules/ms
4897 silly ADD node_modules/extract-zip/node_modules/get-stream
4898 silly ADD node_modules/extract-zip/node_modules/debug
4899 silly ADD node_modules/execa
4900 silly ADD node_modules/@remotion/streaming
4901 silly ADD node_modules/@remotion/compositor-darwin-arm64
4902 silly ADD node_modules/style-loader
4903 silly ADD node_modules/source-map
4904 silly ADD node_modules/remotion
4905 silly ADD node_modules/react-refresh
4906 silly ADD node_modules/esbuild
4907 silly ADD node_modules/webpack
4908 silly ADD node_modules/css-loader
4909 silly ADD node_modules/@remotion/studio-shared
4910 silly ADD node_modules/@remotion/studio
4911 silly ADD node_modules/google-gax
4912 silly ADD node_modules/google-gax/node_modules/uuid
4913 silly ADD node_modules/uuid
4914 silly ADD node_modules/slugify
4915 silly ADD node_modules/nodemon
4916 silly ADD node_modules/nodemon/node_modules/has-flag
4917 silly ADD node_modules/nodemon/node_modules/balanced-match
4918 silly ADD node_modules/nodemon/node_modules/brace-expansion
4919 silly ADD node_modules/nodemon/node_modules/ms
4920 silly ADD node_modules/nodemon/node_modules/supports-color
4921 silly ADD node_modules/nodemon/node_modules/minimatch
4922 silly ADD node_modules/nodemon/node_modules/debug
4923 silly ADD node_modules/music-metadata
4924 silly ADD node_modules/music-metadata/node_modules/ms
4925 silly ADD node_modules/music-metadata/node_modules/debug
4926 silly ADD node_modules/jest
4927 silly ADD node_modules/ioredis
4928 silly ADD node_modules/ioredis/node_modules/ms
4929 silly ADD node_modules/ioredis/node_modules/debug
4930 silly ADD node_modules/express
4931 silly ADD node_modules/dotenv
4932 silly ADD node_modules/cors
4933 silly ADD node_modules/bullmq
4934 silly ADD node_modules/bullmq/node_modules/ms
4935 silly ADD node_modules/bullmq/node_modules/debug
4936 silly ADD node_modules/bullmq/node_modules/@ioredis/commands
4937 silly ADD node_modules/bullmq/node_modules/uuid
4938 silly ADD node_modules/bullmq/node_modules/semver
4939 silly ADD node_modules/bullmq/node_modules/ioredis
4940 silly ADD node_modules/@remotion/renderer
4941 silly ADD node_modules/@remotion/renderer/node_modules/webidl-conversions
4942 silly ADD node_modules/@remotion/renderer/node_modules/tr46
4943 silly ADD node_modules/@remotion/renderer/node_modules/whatwg-url
4944 silly ADD node_modules/@remotion/renderer/node_modules/source-map
4945 silly ADD node_modules/react-dom
4946 silly ADD node_modules/react
4947 silly ADD node_modules/@remotion/bundler
4948 silly ADD node_modules/@google/generative-ai
4949 silly ADD node_modules/@google-cloud/text-to-speech
4950 verbose cwd /Users/rosario/Desktop/q&A/jee-video-gen/backend
4951 verbose os Darwin 25.0.0
4952 verbose node v24.13.0
4953 verbose npm  v11.6.2
4954 verbose exit 0
4955 info ok
